Planned_Cost,Actual_Cost,Cost_Overrun,Planned_Duration,Actual_Duration,Schedule_Deviation,Vibration_Level,Crack_Width,Load_Bearing_Capacity,Temperature,Humidity,Air_Quality_Index,Energy_Consumption,Material_Usage,Labor_Hours,Equipment_Utilization,Accident_Count,Safety_Risk_Score,Image_Analysis_Score,Anomaly_Detected,Completion_Percentage,Start_Year,Start_Month,Start_Week,Start_DayOfWeek,Duration_Diff,Cost_Overrun_Percentage,Cost_Per_Day,Duration_Ratio,Behind_Schedule,Safety_Index,Completion_Gap,Progress_Efficiency,Structural_Risk,Energy_Intensity,Anomaly_Flag,Weather_Severity,Project_Type_Building,Project_Type_Dam,Project_Type_Road,Project_Type_Tunnel,Season_Spring,Season_Summer,Season_Winter,Risk_Category_Encoded,Weather_Condition_Rainy,Weather_Condition_Snowy,Weather_Condition_Stormy,Weather_Condition_Sunny
12260784,15054504.04588933,2793720.045889329,699,813.9148521081487,114.9148521081487,1.5341721708884293,2.809384781207566,471.1973805508,18.54155503456163,49.88337244454125,210,25202.994686520688,244.8433100821766,6602,76.30018368028198,8,6.192198171085414,52.98833038206731,0,95.00634309593885,2020,1,1,2,114.9148521081487,22.78581896467085,18496.41151884149,1.164398930054576,1,0.0012117540139351712,4.9936569040611545,81.59260597352647,0.397,30.965149021720823,0,104.52747824373087,False,False,False,True,False,False,True,2,False,True,False,False
2369277,3507053.961511834,1137776.961511834,269,384.11822075374016,115.11822075374016,0.6879788952477465,3.704416033609928,355.1551256914909,23.316771914743462,58.641272060695584,195,49066.17254158934,263.12302545953946,7121,63.5276712992073,5,2.134473480571662,50.88574547544846,0,25.294824196748536,2020,1,1,3,115.11822075374016,48.022116515368786,9130.142159437475,1.4279487760362088,1,0.0007021485746383935,74.70517580325146,17.714097747233986,0.3670000000000001,127.73716499391439,0,102.58741319263171,False,True,False,False,False,False,True,0,False,True,False,False
23299783,21692126.70151073,-1607656.2984892651,899,1081.7779150556507,182.77791505565077,0.9511461471261607,3.309301561075028,236.4934156101665,42.957877170099536,36.16591652191211,127,48192.54716294946,608.9850231576941,9956,47.09944438018829,2,3.113728236987405,93.9058361052841,0,97.47882974761043,2020,1,1,4,182.77791505565074,-6.899876700522356,20052.292064397345,1.2033124750340942,1,0.0002008838891120932,2.5211702523895667,81.00874192702814,0.6960000000000002,44.54939086131209,0,74.5371381076035,True,False,False,False,False,False,True,1,False,False,False,False
24499306,29469660.49818943,4970354.498189431,809,974.5656546567312,165.56565465673134,0.870396185027795,1.7776489857600382,360.2903940074368,22.420894170128577,72.04517750453527,71,19811.15175002361,673.574343785492,3725,86.84639409323137,5,4.070100814428829,90.4543157901672,1,95.09813073766652,2020,1,1,5,165.56565465673123,20.28773589827169,30238.763655763607,1.2046547029131411,1,0.0013422818791946308,4.901869262333477,78.94223175130323,0.04600000000000004,20.328185849112078,1,56.73982150239916,False,True,False,False,False,False,True,2,False,False,False,False
1749971,2329338.0435899943,579367.0435899943,354,347.99012671864625,-6.009873281353748,1.969769981536377,4.044292695167827,204.7908363423666,15.9144907657978,57.23918227895473,113,44866.56516875615,765.476122299279,4368,61.82716309594343,6,2.7593506572715265,78.39106902502354,0,43.62498505663142,2020,1,1,6,-6.009873281353748,33.10723683935301,6693.69003527301,0.9830229568323341,1,0.0013736263736263737,56.37501494336858,44.37839905306724,1.428,128.93056935788078,0,67.14610191342575,False,True,False,False,False,False,True,0,False,False,False,False
16711072,23689353.014092717,6978281.014092714,255,379.859149759289,124.85914975928904,0.6552730178048369,1.4735068494276398,174.76628735713376,21.53708942437371,76.63241851682392,70,43142.51183970422,262.9453244249328,4497,84.16324086896738,6,2.3512046124702297,99.9361627268857,0,98.45922625200576,2020,1,2,0,124.85914975928898,41.75842826895077,62363.5182385479,1.4896437245462313,1,0.00133422281521014,1.540773747994237,66.09582185968526,0.296,113.57502344498738,0,57.45085238235929,False,False,True,False,False,False,True,0,False,False,False,True
47109273,47465106.63488769,355833.63488768786,792,831.5871177408679,39.58711774086794,0.660152752858857,2.8560645887575857,498.5074750706059,41.03453464241149,74.65129110200688,178,14480.617879740328,963.1063780879912,9174,70.77873051486051,7,1.5237799311725833,97.65260361008204,0,13.225973709210466,2020,1,2,1,39.58711774086794,0.755336714467421,57077.731992570814,1.049983734521298,1,0.000763025942882058,86.77402629078954,12.596360566709512,-0.10000000000000009,17.413230160514168,0,105.9057477233255,True,False,False,False,False,False,True,0,False,False,False,False
42776934,59032258.28350513,16255324.283505129,842,794.8635268805913,-47.13647311940872,0.773641596774354,3.7269886957076976,387.8556040309045,35.56079800809054,35.050333778902,290,33093.06803524714,674.865330660314,6642,84.31972321370952,3,8.85792309048037,82.75544853573533,0,69.46754994219683,2020,1,2,2,-47.13647311940872,38.0002089058209,74267.16195568157,0.9440184404757617,1,0.00045167118337850043,30.532450057803175,73.58706881529446,0.33999999999999997,41.633647684300605,0,137.18333953609778,True,False,False,False,False,False,True,2,True,False,False,False
25527188,31439903.658478525,5912715.658478525,579,751.4770068939876,172.47700689398755,1.172728754451611,1.8947795490625376,340.123989821818,7.763830335009441,70.09448853904337,156,8270.704201541668,862.3422269834994,9774,94.43737368715432,0,3.600490761683683,73.22872835201267,0,33.95330238379679,2020,1,2,3,172.47700689398755,23.162424543112717,41837.479217662636,1.2978877493851253,1,0.0,66.0466976162032,26.160430591846,0.2909999999999999,11.005931153803663,0,85.75749566221585,True,False,False,False,False,False,True,1,False,False,False,False
5460276,6213423.931488857,753147.9314888567,250,314.3049555235309,64.30495552353091,0.5794132141011159,1.5138380380871252,209.88033944869343,3.048990001142549,76.003808556596,165,42651.982426255774,586.0591437557546,5766,95.26177096322812,5,3.612885435402096,57.60853580565648,0,21.651678693578766,2020,1,2,4,64.30495552353091,13.793220919397786,19768.77495023676,1.2572198220941235,1,0.0008671522719389525,78.34832130642124,17.22187187401646,0.18999999999999995,135.70254517690088,0,89.71583956732157,False,True,False,False,False,False,True,1,True,False,False,False
42011120,41130105.52286384,-881014.4771361649,359,412.5223738700374,53.52237387003743,1.8390508867206203,2.296730050864113,72.12237311977167,4.444848680134049,44.22750685476765,173,12854.564757657345,472.84916283089433,5633,72.10640680003621,7,2.856053236871399,75.77969026271762,0,61.9781432449462,2020,1,2,5,53.52237387003743,-2.0970982852543743,99703.93881186581,1.1490873923956475,1,0.0012426770814841115,38.0218567550538,53.936840361404144,1.324,31.160891073770205,0,83.80170666047051,False,False,False,True,False,False,True,0,False,False,True,False
27507881,39038564.55952264,11530683.559522636,303,349.4545481195073,46.45454811950731,0.6048025732459006,4.089817471745768,63.97559421582002,17.743157184336717,32.08263790315922,192,8186.661562359402,979.4646159354965,2821,70.69050188593832,4,5.278576346774947,57.88718364427636,0,37.57152773666749,2020,1,2,6,46.45454811950731,41.91774553453479,111712.85298645517,1.1533153403284069,1,0.0014179369018078695,62.42847226333251,32.576977365070846,1.0579999999999998,23.426970993548803,0,91.74773852624878,True,False,False,False,False,False,True,1,False,False,False,True
43428797,43184029.03894536,-244767.96105463803,560,767.7814774716009,207.78147747160085,1.80204988996437,4.649608815728324,299.3815649519595,30.92271981757178,20.18425089057117,85,23009.859299246506,623.9092337378524,2185,55.94070793017024,2,5.628177711301352,69.92256521230945,1,70.0142809430036,2020,1,3,0,207.78147747160085,-0.5636075092170709,56245.20818235378,1.3710383526278587,1,0.0009153318077803204,29.985719056996402,51.06661006879039,1.23,29.96928159171124,1,49.33209121244289,False,True,False,False,False,False,True,2,False,False,False,True
28445000,30887649.393121697,2442649.393121697,472,480.2258196762206,8.225819676220624,0.2966026209285108,2.725417064299451,392.91472446757297,17.677056395062916,51.56325571652037,96,30961.49623698396,880.186224519261,2637,96.14798989175748,3,2.8745322276257204,97.13240542163754,0,58.59829469029783,2020,1,3,1,8.225819676220624,8.587271552545955,64319.01019804988,1.0174275840597895,1,0.0011376564277588168,41.40170530970217,57.59456064330007,-0.10100000000000009,64.47278544468708,0,59.172093633474994,False,False,True,False,False,False,True,0,False,True,False,False
18962327,20366057.233176406,1403730.2331764065,374,520.6648447712332,146.66484477123322,1.3474691345593397,3.307331026618259,291.8206356997348,-6.271198229453807,44.67029120771891,231,43471.26313518969,957.9631567296608,8236,67.47515003197725,7,6.477133040772855,67.09894946678187,0,45.33304608177935,2020,1,3,2,146.66484477123322,7.402731917746205,39115.48366996956,1.3921519913669338,1,0.0008499271491015056,54.66695391822065,32.563287890187546,0.773,83.49183466437003,0,103.91972789347955,False,False,False,True,False,False,True,2,False,False,True,False
39516260,56225648.12564082,16709388.125640815,407,524.7240452131634,117.72404521316344,1.8232724850326631,4.516368111194571,428.3532823726016,29.79693852419895,58.84368836777863,263,48840.91364847814,707.8191643077934,9380,47.65547435724263,5,7.506999636343742,57.63936368217336,0,26.363994518340814,2020,1,3,3,117.72404521316344,42.284842051451264,107152.79514739935,1.289248268337011,1,0.0005330490405117271,73.63600548165918,20.44912152749872,0.9470000000000001,93.07923677985264,0,131.7921880675933,False,False,True,False,False,False,True,2,True,False,False,False
15226224,19849237.48517723,4623013.48517723,610,702.342937203306,92.34293720330596,0.4206239329566361,0.4927342570647119,65.04193989194974,34.32835707690246,33.162876481215,81,24777.163065643865,594.0448106668075,2746,65.962294877593,4,4.364560773689068,79.11983021181074,0,64.11251777249589,2020,1,3,4,92.34293720330595,30.36217965253388,28261.460938463893,1.1513818642677147,1,0.0014566642388929353,35.88748222750411,55.68310545977881,0.238,35.27787032970713,0,52.64737006743523,False,False,False,True,False,False,True,1,False,False,True,False
34034792,46900244.186206646,12865452.186206646,615,722.5125595194476,107.51255951944756,1.9398212241885848,1.1603928893308253,215.03843439167304,5.92238258158458,80.17658833665325,235,7720.111534337159,103.15976581958556,6797,47.62319501428024,8,6.269065271716948,80.11820870637361,1,84.63075665279965,2020,1,3,5,107.51255951944756,37.800883831482345,64912.70437900845,1.1748171699503211,1,0.001176989848462557,15.369243347200353,72.03738489485848,0.8209999999999998,10.68508973667102,1,119.82969127547136,False,True,False,False,False,False,True,2,False,False,False,True
25509968,26792628.04993433,1282660.049934331,640,674.5525275594607,34.552527559460714,0.960478384789472,3.544500031257912,156.68167602838014,26.526915660584272,38.04286509396768,223,38710.20105616418,136.0176766651054,9089,70.1519010554245,9,5.520717146480017,59.6902121233958,0,64.00040216583531,2020,1,3,6,34.552527559460714,5.028073927549934,39719.11297533846,1.0539883243116575,1,0.0009902079436681704,35.99959783416469,60.72211682955115,0.9309999999999999,57.38648878274633,0,108.5709342263656,False,False,False,False,False,False,True,1,True,False,False,False
20170135,25715398.46824597,5545263.468245968,797,1076.9610738956935,279.9610738956935,1.8968587060379465,4.118722309561498,251.2728356707049,13.462554557991634,35.8500723561355,103,30432.796530077183,280.7660944460047,3620,73.67653089137272,2,2.75993558520492,59.82932937909801,1,64.94703001963171,2020,1,4,0,279.9610738956935,27.492445976419933,23877.7418158909,1.351268599618185,1,0.0005524861878453039,35.05296998036829,48.06374545962451,1.2939999999999998,28.258028324080986,1,55.99378807423815,False,False,False,True,False,False,True,1,False,False,True,False
2500948,3108797.383830835,607849.3838308351,200,241.54496907663213,41.54496907663213,1.3859580828970892,4.285145141652889,82.56937693735512,38.90156456500936,53.64998395390492,210,25155.11051800084,267.40758867039574,8597,60.26534568961512,6,7.5700988989712,99.47748956624136,0,56.06536277329914,2020,1,4,1,41.54496907663213,24.304758988624915,12870.470437513206,1.2077248453831606,1,0.0006979178783296498,43.93463722670086,46.42229808190453,1.454,104.14255620459714,0,111.76546455567428,False,False,True,False,False,False,True,2,False,False,False,True
7327090,10255714.875276944,2928624.875276944,243,265.4805923329272,22.480592332927188,0.6730150527597479,2.0755358842746627,479.3592387069826,36.48740569884069,54.9195716620992,299,18917.099545648536,329.2829156798608,9002,44.29903685388908,8,8.213077250416426,62.1640536431106,0,44.94161055954625,2020,1,4,2,22.480592332927188,39.969822607296265,38630.75181938616,1.092512725649906,1,0.0008886914019106865,55.05838944045375,41.13600647792153,-0.23299999999999998,71.2560544611316,0,147.02209320828197,False,True,False,False,False,False,True,2,True,False,False,False
21885050,31594401.373791244,9709351.373791244,344,432.6247438930601,88.6247438930601,0.4577747973425021,0.4466995114593342,150.46493048121243,18.898759907030325,35.055966014956496,282,27607.933752959107,374.44117392789474,7107,96.61021213799437,3,6.839138040284508,91.9096017391792,0,51.17122374701916,2020,1,4,3,88.6247438930601,44.36522362887562,73029.57544564539,1.25763006945657,1,0.00042211903756859433,48.82877625298084,40.6886134403025,0.04500000000000004,63.814966995469575,0,128.98641777659606,False,False,False,True,False,False,True,2,True,False,False,False
32834022,29790113.221282497,-3043908.778717503,206,308.4727782735435,102.4727782735435,0.6770965878276888,2.1889073864981,465.0384989676131,28.0328050197477,39.0302508708141,216,20240.582200566398,424.0589441956554,3793,86.40118680900578,9,3.9150642499394617,73.51619127729897,1,99.05875814080738,2020,1,4,4,102.4727782735435,-9.270593711356783,96572.90794997025,1.4974406712307937,1,0.002372791985235961,0.9412418591926155,66.15204197665332,-0.17400000000000004,65.61545661775612,1,106.51891676716855,False,False,False,False,False,False,True,1,False,False,False,True
40391628,52687322.301127724,12295694.301127724,490,568.9671102190268,78.96711021902684,0.2767330775990825,1.153672951035269,241.6519197665068,38.58423355621572,31.879366740867145,72,39065.53404863121,478.4839210619889,3500,90.33286483030726,9,9.34113244968371,71.7494619456364,1,77.4701651894761,2020,1,4,5,78.96711021902684,30.441195143527576,92601.70114375411,1.1611573677939324,1,0.0025714285714285713,22.529834810523894,66.71805849767,-0.12700000000000006,68.66044336656425,1,49.93908008912486,False,False,False,False,False,False,True,2,True,False,False,False
16226559,15108573.091637058,-1117985.9083629418,464,673.9204859767677,209.9204859767677,0.3733491360523265,1.4559822749831208,493.4858599648481,17.26443555430515,70.29221248262166,220,29475.21634216885,188.9797046104132,9361,62.01210365717377,2,5.098225491956119,64.74812080818762,0,48.7503517581995,2020,1,4,6,209.92048597676774,-6.889852052816262,22418.92538663367,1.452414840467172,1,0.00021365238756543105,51.2496482418005,33.565032799113276,-0.544,43.73693478014401,0,114.26699441107804,True,False,False,False,False,False,True,1,False,False,False,True
37257426,45801120.05914702,8543694.059147023,839,928.7814772180268,89.78147721802668,0.2988548366583141,3.861337784187529,299.32627255709485,7.228790726885208,73.90623218778573,232,44458.14983693504,138.12573875750385,5925,85.64986180116703,0,3.3929063684658805,88.69128984461653,0,51.15667599590684,2020,1,5,0,89.7814772180268,22.931519904641355,49313.128203562825,1.10701010395474,1,0.0,48.84332400409316,46.21157098128742,0.30200000000000005,47.867179662217474,0,117.1405068744013,True,False,False,False,False,False,True,1,False,False,False,False
28870540,30965953.325498804,2095413.3254988045,460,429.1062271112961,-30.893772888703893,0.9035927331089596,0.3776354301294343,468.8747888791133,31.45163758502697,52.36299482214978,51,29459.47615922489,706.5500041657211,2080,69.12237371015166,8,4.674111587397609,94.03304392207774,0,54.9668806974768,2020,1,5,1,-30.893772888703893,7.257963742620693,72163.84048760786,0.9328396241549916,1,0.0038461538461538464,45.0331193025232,58.924255867956184,-0.42500000000000004,68.65310801370418,0,45.54438972215303,False,False,True,False,False,False,True,1,False,False,False,False
33434302,36244988.68497379,2810686.6849737912,343,350.73302549062265,7.733025490622651,1.6115989148894143,4.13790608740351,52.40704491240028,2.103644013158048,69.98609158795122,243,15721.808600296852,583.6013423587699,5864,52.06500930436276,0,7.228675827173888,63.056373077954014,0,69.33827749409316,2020,1,5,2,7.733025490622651,8.406595971328462,103340.67809631703,1.0225452638210573,1,0.0,30.661722505906837,67.80949454989327,1.616,44.8255723232918,0,118.82692068033279,False,False,False,True,False,False,True,2,True,False,False,False
40112237,44595786.38498775,4483549.384987749,403,463.9404856566341,60.94048565663411,0.3686287530110463,2.138345429120845,386.707462781405,11.369213140332311,71.5154774356212,215,43299.1347004465,499.7297819981077,5453,47.4654026144328,1,8.613386070933242,54.7548334674557,0,51.936241079396325,2020,1,5,3,60.94048565663411,11.1775102071414,96123.93779747307,1.1512170859966107,1,0.00018338529249954154,48.063758920603675,45.114202795587445,-0.19700000000000006,93.32907137682422,0,110.86540717278605,False,False,False,True,False,False,True,2,True,False,False,False
39456876,50219743.87313207,10762867.873132072,325,335.32881107594096,10.328811075940962,0.3476088230274382,2.980319655502975,456.372793896132,37.61499804087365,29.6792869374466,296,30074.857021851974,670.9959470515171,3248,60.70305215932341,8,4.209179493545854,56.845977644280495,0,71.7561206595319,2020,1,5,4,10.328811075940962,27.27754694297661,149762.68729190392,1.0317809571567413,1,0.0024630541871921183,28.243879340468098,69.54588584118557,-0.15900000000000003,89.68766186643296,0,138.58828549349607,True,False,False,False,False,False,True,1,False,False,False,True
17969728,19774427.412886277,1804699.412886273,209,188.12847059256924,-20.87152940743076,1.3225150040829283,0.448261156178395,112.87425514052931,29.843228714812327,87.63246173841758,292,14307.846716460255,844.9114664831865,2325,48.25312668850838,4,3.0936200140843724,89.6401767383122,0,39.62690259830631,2020,2,5,5,-20.871529407430756,10.042997940126176,105111.29628918237,0.9001362229309533,1,0.0017204301075268817,60.37309740169369,44.02322847232642,0.595,76.05359609522809,0,152.04270713596898,False,False,False,True,False,False,True,1,True,False,False,False
48718418,65264139.36891625,16545721.36891625,224,324.5762066732677,100.57620667326768,0.4746476657393259,1.686795391786398,93.25663327946816,12.209605288612458,77.47223629675017,206,33057.85144802999,484.92361820458416,4873,99.89613857224413,3,6.638438186516844,71.79134556598129,0,46.95756688190116,2020,2,5,6,100.57620667326768,33.961943035416816,201074.93410511737,1.4490009226485163,1,0.000615637184485943,53.04243311809884,32.40685782040157,0.45099999999999996,101.84927535772036,0,109.30455247560879,False,False,False,True,False,False,True,2,False,True,False,False
21491595,24558798.74229747,3067203.7422974706,650,914.1129703800624,264.1129703800624,0.285459072407084,0.4485045950742289,241.05767323368,1.8109476324596567,34.31384228370764,293,21097.25442240924,677.0075185467814,2688,42.951339413921325,8,9.290935900956567,56.59573292053614,0,87.76478122334625,2020,2,6,0,264.1129703800624,14.271643134432185,26866.262199612607,1.4063276467385575,1,0.002976190476190476,12.235218776653753,62.40706525743364,-0.259,23.07948263072736,0,128.03743697485018,False,False,False,False,False,False,True,2,False,False,False,False
32175239,30277283.43383268,-1897955.566167321,213,286.56494718403184,73.56494718403184,0.4170122985905975,4.807718614405548,470.1555077598208,9.57826149577301,33.03155250222492,159,42998.25255314296,958.2150014516428,3985,66.4686159621446,8,2.6496402720347945,67.01441032098123,1,39.60150892313884,2020,2,6,1,73.56494718403184,-5.898807981402472,105655.92104462317,1.3453753388921683,1,0.0020075282308657464,60.39849107686116,29.435286777107258,0.20499999999999996,150.04714629500552,1,76.38294419939938,True,False,False,False,False,False,True,1,True,False,False,False
6845447,9380014.177471982,2534567.1774719823,832,832.5730461464976,0.5730461464976315,1.8550896521658744,4.036308246631252,294.07395208569744,5.625728207508814,28.79628019057079,173,25398.488239094426,855.6620462754047,3076,67.12561134342305,1,8.227174440694299,75.71177414265264,0,96.79930598575017,2020,2,6,2,0.5730461464976315,37.02559054904643,11266.295757335263,1.0006887573876173,1,0.00032509752925877764,3.2006940142498337,96.73268063733717,1.1510000000000002,30.506017888339574,0,79.52660251942389,False,True,False,False,False,False,True,2,True,False,False,False
47847988,51266965.73160714,3418977.731607139,606,589.164196309951,-16.835803690049033,1.6607953802747626,2.298163771782301,287.3554086747795,-0.3150891630880341,29.68649937793429,116,37689.86111483375,483.4007294521685,2461,58.037915714900535,2,5.289464633387357,92.60258419225042,0,25.525445228640365,2020,2,6,3,-16.835803690049033,7.145499475562356,87016.43116248753,0.9722181457259917,1,0.0008126777732629012,74.47455477135964,26.254853749494213,0.7310000000000001,63.97174395676557,0,55.21142306445388,True,False,False,False,False,False,True,1,False,False,True,False
36103852,41868197.62293216,5764345.622932158,400,376.225139873372,-23.774860126628028,0.7727226684746787,1.1180127416183554,113.50675323469484,30.883310246111115,72.37132593200873,280,9299.129343630671,680.2451540332687,1072,74.28109394241672,2,8.195612535658825,82.08716271125874,0,31.751183413645546,2020,2,6,4,-23.774860126628028,15.966012775955758,111284.95463387681,0.94056284968343,1,0.0018656716417910447,68.24881658635445,33.757641421125875,0.43099999999999994,24.716927068617814,0,142.97639085343593,False,True,False,False,False,False,True,2,True,False,False,False
12737532,16702296.83804594,3964764.83804594,713,951.4396869570558,238.43968695705576,1.3460594579220464,4.667275526249261,50.35527999194846,3.863843776759433,52.87579798661365,120,22821.095583605576,259.3638297243458,7030,48.99862144909268,4,5.549870347959618,58.80164005400004,0,51.73117756794171,2020,2,6,5,238.43968695705576,31.12663299331409,17554.761554528064,1.3344175132637528,1,0.0005689900426742532,48.26882243205829,38.76686048687735,1.5950000000000002,23.98585627281662,0,65.02189252901192,False,False,False,False,False,False,True,2,False,True,False,False
49491820,54414954.17249746,4923134.172497459,871,1269.2950402554886,398.29504025548863,1.1208237799692724,1.722982978634859,414.5630408354576,14.97921085922701,74.80539209179071,213,49245.86464125794,604.4699664055809,5611,87.03474283523403,2,4.3959499687199735,57.93513561791682,0,81.76678534498326,2020,2,6,6,398.29504025548863,9.947369428922716,42870.21728340213,1.457284776412731,1,0.0003564427018356799,18.233214655016738,56.10899576283321,0.06700000000000006,38.79780750687054,0,112.13538088530532,False,False,True,False,False,False,True,1,False,False,False,False
9312934,8697827.688624633,-615106.3113753665,546,632.4435349311109,86.44353493111089,1.3865361006168715,0.8049221584368738,89.4085533438072,11.222269575985996,72.23784260451438,78,41380.71302647168,983.1954620245986,3796,59.9468630948583,9,7.270669001886857,70.61671078166613,1,75.84179298655003,2020,2,7,0,86.44353493111089,-6.604860631197069,13752.733972641601,1.1583214925478222,1,0.0023709167544783984,24.158207013449967,65.47559850567035,0.7510000000000001,65.42989332791439,1,56.238033654150115,False,False,False,True,False,False,True,2,False,False,True,False
4900379,5509754.007863763,609375.0078637628,729,708.2121299310716,-20.78787006892844,1.3970751896792428,2.8158219422697743,335.2324184308958,44.0142558249597,62.32288994536551,168,12197.33610651179,566.4836036822701,8717,75.48055538791851,5,9.105645651354076,53.759642385087815,0,25.701941585295074,2020,2,7,1,-20.78787006892844,12.435262820768818,7779.80745458287,0.9714844031976291,1,0.0005735918320523115,74.29805841470493,26.456360494000158,0.616,17.22271561163309,0,99.10114373109757,False,False,False,False,False,False,True,2,False,False,False,True
38358841,56259728.70974768,17900887.70974768,761,918.85856194628,157.8585619462799,1.2945946286139869,4.71887060172408,461.5774045318362,11.510073428152127,68.04566246050757,214,17499.38222647648,934.8744692711324,5516,82.93835416401757,1,3.8822655733316296,87.77885976419364,0,31.301652337105324,2020,2,7,2,157.85856194628002,46.6669149616582,61227.844022676516,1.2074356924392642,1,0.00018129079042784627,68.69834766289468,25.924074079564154,0.6599999999999999,19.044696269042937,0,109.46672076659792,False,False,False,True,False,False,True,1,False,False,False,True
12353540,15874800.927842176,3521260.927842177,295,327.2432476201776,32.24324762017756,0.6055926002208862,0.0191514525016128,143.89336092129395,-5.600963446178486,21.28490070653993,162,19841.71139853625,466.6014284529346,3493,93.34252706140968,5,5.1467332149493465,70.07269101518861,0,61.773669014575376,2020,2,7,3,32.24324762017761,28.504063837913467,48510.70585348678,1.1092991444751783,1,0.0014314342971657602,38.226330985424624,55.68711498808663,0.059000000000000025,60.632913109229335,0,69.50518117810843,False,False,True,False,False,False,True,1,False,False,False,False
7722055,10060968.85041681,2338913.8504168093,418,470.2060910269794,52.20609102697944,0.1741121994493544,1.1906242162699936,349.37277630660986,-5.0595836085353785,41.82443527635154,299,34266.450222295054,998.960344466168,5231,90.147246187132,5,3.0646056402687023,67.15118863906952,0,36.56482707688326,2020,2,7,4,52.20609102697938,30.288748920032415,21396.9343281849,1.1248949546099984,1,0.0009558401835213152,63.43517292311674,32.50510363393025,-0.4179999999999999,72.87538565792191,0,130.62945550034487,False,False,True,False,False,False,True,1,False,False,False,True
16056024,20541584.060146578,4485560.060146578,514,654.2183644896202,140.21836448962017,0.9655768857812068,4.692238202052038,85.41435951837926,22.491454674418563,64.64755254815871,277,39064.7641770345,621.298031704802,4576,76.49854168621357,1,2.650685172556157,75.45541661957179,1,48.00927920316431,2020,2,7,5,140.21836448962017,27.936929218258378,31398.666217772447,1.2727983744934244,1,0.00021853146853146853,51.99072079683569,37.71946929321942,1.321,59.71211799826249,1,136.9417021667732,False,False,False,False,False,False,True,1,False,True,False,False
49968538,50937691.95437754,969153.9543775396,620,825.3631381335393,205.3631381335393,1.7928503809123373,0.8554298342858102,321.6898147269258,22.964995345604606,20.65414674403709,264,38728.69739635594,138.0420948123411,9100,63.30359082303322,5,8.001011281529577,85.44784018814238,0,53.7934757938326,2020,2,7,6,205.36313813353934,1.9395283375662091,61715.49176471229,1.3312308679573215,1,0.0005494505494505495,46.2065242061674,40.408825462689904,0.42600000000000005,46.923221557890614,0,118.6857426268925,False,False,True,False,False,False,True,2,True,False,False,False
10035949,11551380.49506205,1515431.4950620497,327,316.0004260989142,-10.999573901085796,1.1820447911852945,0.5662172581990993,123.76927442894124,13.031744476546024,22.30838605778154,94,27944.332533788125,628.0793170222493,6728,70.19228020449783,5,2.805977050195982,78.4673472246526,0,63.48214048153642,2020,2,8,0,-10.999573901085796,15.100031846136819,36554.9522754322,0.9663621593238967,1,0.0007431629013079667,36.51785951846358,65.69187324755237,0.526,88.43131282690426,0,48.20203916029827,False,True,False,False,False,False,True,0,False,False,False,False
19298198,26063449.14893724,6765251.1489372365,188,173.21457803497054,-14.785421965029457,1.6815429792336252,2.8509360789990223,381.1791022318301,13.751403077161632,79.63215877292683,65,41486.92420271681,347.11542611163696,1032,86.12408760272815,5,8.13986354201005,90.12013908609936,0,32.59461919953388,2020,2,8,1,-14.785421965029457,35.05638790179913,150469.1432130802,0.9213541384838859,1,0.0048449612403100775,67.40538080046612,35.37686307370284,0.6669999999999999,239.51173552113468,0,54.01506855502654,False,False,True,False,False,False,True,2,False,False,True,False
33672748,32353575.620002408,-1319172.3799975924,467,698.9113508125373,231.9113508125373,1.9840862516263336,4.309219116474149,185.5540826572587,-7.033707943752083,67.88174031844503,289,24668.513724086377,129.23318983230524,5373,92.65273255356838,4,4.862953466562381,81.46812819350588,0,24.68261291994636,2020,2,8,2,231.9113508125373,-3.917626146810449,46291.38671505181,1.4965981816114289,1,0.000744463056020845,75.31738708005363,16.492478223760706,1.529,35.295626112535395,0,133.8544097124079,False,False,False,True,False,False,True,1,True,False,False,False
7281646,7767416.733361529,485770.7333615292,567,589.4741843010706,22.47418430107064,0.4108707878627249,2.385549088469631,258.5259539620908,18.410058071409424,38.57588131842408,80,10574.625438300283,838.767974225197,4598,46.22691569060032,6,9.955438510669442,89.39851337041318,0,45.87070490146238,2020,2,8,3,22.474184301070636,6.671166565382733,13176.856493844969,1.039637009349331,1,0.0013049151805132667,54.12929509853762,44.12184684553612,0.15300000000000002,17.939081506747296,0,49.09578181695005,False,False,False,True,False,False,True,2,False,False,False,True
40980720,43676901.60881326,2696181.6088132635,229,213.49631412242223,-15.503685877577738,1.4143775143697663,4.972821283422624,319.7437439124297,17.760671145919343,68.15739880830964,211,30399.8828744216,348.15667328268034,3392,63.09137574958321,4,2.7760727637216034,84.83911367823374,1,17.382360237004008,2020,2,8,4,-15.503685877577766,6.5791465079512115,204579.18343156137,0.9322983149450753,1,0.0011792452830188679,82.61763976299599,18.644633330725327,1.057,142.3906684261997,1,110.17542098626869,False,False,False,True,False,False,True,1,False,False,False,True
44144878,51173243.91141018,7028365.911410183,696,705.6919374304563,9.691937430456278,1.381157790030047,3.3958584976899644,127.0730347998078,-1.774787479368051,75.47196683974843,99,47853.56230704981,816.8936986418487,7705,86.56699590481003,0,1.836801932615434,59.65614201318682,0,57.4088653981821,2020,2,8,5,9.691937430456278,15.921135655670366,72514.99017792469,1.013925197457552,1,0.0,42.5911346018179,56.62041494001388,1.208,67.8108389353189,0,61.70915380811412,False,False,False,True,False,False,True,0,False,False,True,False
29751505,44276821.79879107,14525316.798791071,817,754.3971362800172,-62.60286371998279,1.9619153499807287,0.3703745360522387,383.7370183779294,-4.288833763898984,41.47559981770709,242,40684.71431266301,359.39582466028025,7790,65.89910575563766,8,1.6788976264314606,52.61772250928994,0,85.56446433114769,2020,2,8,6,-62.60286371998279,48.8221244565311,58691.662082816285,0.9233747078090786,1,0.0010269576379974327,14.43553566885231,92.6649426365265,0.2859999999999999,53.93010174095048,0,107.95602981614243,False,True,False,False,False,False,True,0,False,True,False,False
22958593,21592591.79746642,-1366001.2025335804,766,869.4762871660522,103.4762871660522,1.9726413945103207,4.9641606584098765,186.18815328656652,-3.2035130170280226,22.522616424943124,259,31041.529146150908,274.8937184863969,3677,59.93366584397703,2,8.518762042517807,95.16984002516908,0,20.70780934894467,2020,2,9,0,103.4762871660522,-5.949847198970688,24834.020336362177,1.1350865367703031,1,0.0005439216752787598,79.29219065105534,18.243375001050794,1.6529999999999998,35.7014096926402,0,109.39573102237455,True,False,False,False,False,False,True,2,False,False,True,False
39835523,48249605.93506263,8414082.935062632,856,1182.5135564942002,326.5135564942002,1.404689362275846,2.039471183900952,348.06733696073906,-4.443446442980782,85.29453872814142,171,34106.254715709365,976.5420166939848,2401,64.67936180939617,1,4.939986799525091,97.2828082691042,1,20.14574789165761,2020,2,9,1,326.5135564942002,21.122059662835685,40802.581644905884,1.3814410706707947,1,0.00041649312786339027,79.8542521083424,14.583139534048541,0.41100000000000003,28.842168048224522,1,92.65532768554819,False,False,False,False,False,False,True,2,False,False,False,False
38962717,39259566.50702205,296849.507022053,457,504.86922812356704,47.86922812356704,0.5628681047661691,1.4370126692274128,121.22737281471814,23.53395075452179,44.162588680694135,239,46875.29121660077,425.4807949795176,1817,76.17068480718105,9,1.0281191468263446,86.34661483157362,0,17.219601898061693,2020,2,9,2,47.86922812356704,0.7618809207326405,77761.85261466015,1.1047466698546324,1,0.0049532195927352776,82.7803981019383,15.586923561695395,0.3779999999999999,92.84640181145684,0,115.90896183056479,False,False,False,True,False,False,True,0,False,False,True,False
15945952,23638373.76037776,7692421.760377761,479,558.7583111368426,79.75831113684262,1.6172560924481385,2.789395917889428,359.6529466428576,0.806545882160524,27.453723429929447,281,24275.42574957322,641.2385902988444,7203,99.9883086480281,5,8.872942262530024,86.21029113479744,0,86.30751607857118,2020,2,9,3,79.75831113684262,48.24059272458465,42305.18506701659,1.1665100441270202,1,0.0006941552131056504,13.692483921428817,73.98780363109607,0.6630000000000001,43.445305896538244,0,120.878080793627,False,False,True,False,False,False,True,2,False,False,False,True
14363838,13903938.112042518,-459899.88795748167,768,1002.5103852598758,234.51038525987576,0.3033553550009724,1.5215379591043217,107.6846327647078,3.8286583703104906,54.42998099752032,220,19912.736252418683,648.9833435330244,5562,69.5795457462719,7,8.892289062192742,63.50735402470548,0,17.26344054353467,2020,2,9,4,234.51038525987576,-3.201789716352146,13869.121274427765,1.3053520641404632,1,0.0012585400934915498,82.73655945646533,13.22512218563974,0.285,19.862872789349513,0,105.47759181034924,False,False,False,True,False,False,True,2,False,True,False,False
28550115,32608816.51892322,4058701.5189232193,828,998.0185740107164,170.01857401071652,1.5833286779260944,0.4322875356007616,241.41042332149263,-0.4535320716708142,73.79274569648936,233,48975.870425020206,604.4261339561516,5723,52.50966849725563,1,8.257750066169118,77.12208544409164,0,98.51158318459623,2020,2,9,5,170.0185740107164,14.216060141695468,32673.556753436813,1.2053364420419281,1,0.00017473353136466887,1.4884168154037667,81.72953189543527,0.413,49.073105150941124,0,115.20176408744557,False,False,True,False,False,False,True,2,False,True,False,False
42566801,57155762.88620561,14588961.886205614,797,1129.2433270553972,332.24332705539723,1.8293726358749232,0.0071417153958835,161.2427331824946,42.68094174466767,35.51531202322914,297,43854.94100796501,923.2261691690932,3438,49.77079451674568,3,3.2348663472235826,99.6119831852304,0,42.24981646415062,2020,3,9,6,332.24332705539723,34.27309909007636,50614.21353291887,1.4168674116127946,1,0.0008726003490401396,57.75018353584938,29.81917441100464,0.644,38.83568754160424,0,142.25887613036906,False,False,True,False,True,False,False,1,False,False,True,False
12044590,15931772.530965053,3887182.530965053,786,1115.8224243515788,329.8224243515788,0.8273834500600269,2.247916764601312,386.7688622426821,37.00396047335094,38.86430350933544,64,19536.961307837108,706.9969642301817,7828,42.540984848584856,1,4.354774480604558,92.80717990350098,1,39.588594322822914,2020,3,10,0,329.8224243515788,32.27326568164672,14278.053732629765,1.4196214050274538,1,0.00012774655084312725,60.411405677177086,27.886726829155776,0.07800000000000007,17.50902373125395,1,48.36047919480592,False,False,False,True,True,False,False,2,False,False,False,False
12633575,14574561.863308355,1940986.8633083552,314,284.4671750305333,-29.532824969466677,1.2982070604678528,4.184317111132962,167.91575202809355,2.6772160543336483,36.99004907590082,225,25870.12688124153,463.35970369443714,2210,73.52903409509929,8,7.7043360267593535,65.21971762759983,0,18.24685768873443,2020,3,10,1,-29.532824969466674,15.363718213635927,51234.5997802523,0.9059464172946922,1,0.0036199095022624436,81.75314231126558,20.141210716658723,1.194,90.94239740829414,0,101.90017953907034,False,True,False,False,True,False,False,2,False,False,False,True
6059667,6713592.939147326,653925.9391473262,759,1037.4222879724489,278.4222879724489,0.91727119098397,2.8615759281503825,446.7727878779283,8.016146165716929,89.41711369821748,98,23678.51580535096,876.1423460718466,7641,72.67432548933004,9,5.404178128668267,65.05229328489452,0,62.70770913745751,2020,3,10,2,278.4222879724489,10.791450077163088,6471.417683023233,1.3668277838899194,1,0.001177856301531213,37.29229086254249,45.878280992353474,0.14200000000000002,22.82437545430853,0,68.42997795918032,False,False,True,False,True,False,False,1,True,False,False,False
42645168,48554399.209360056,5909231.209360056,326,383.5194922072714,57.51949220727141,0.931753604477444,4.996036494717204,451.31909513297575,1.5441063267748447,33.81826136113798,258,11709.305540214526,262.956609204368,1599,52.31403560681855,1,2.3844391905119724,74.17886455740296,1,62.729399111751256,2020,3,10,3,57.51949220727141,13.85674271317223,126602.16806690766,1.1764401601450043,1,0.0006253908692933083,37.270600888248744,53.32136834228732,0.5389999999999999,30.53118753579879,1,113.80871030637384,False,False,True,False,True,False,False,1,False,True,False,False
37540128,39738694.04780221,2198566.04780221,669,999.0205932792904,330.0205932792903,0.689704689305428,1.4342332282359995,138.39859185025364,17.053177770345307,60.28641518762868,221,48101.86957159666,589.8130818493757,6480,81.71976438715402,9,3.1851843807490514,70.22993330838922,0,54.44252445611285,2020,3,10,4,330.02059327929044,5.856575789518378,39777.65254804181,1.493304324782198,1,0.001388888888888889,45.55747554388715,36.45775583222356,0.406,48.149027052287295,0,111.6018778873922,False,False,False,True,True,False,False,1,False,False,True,False
9826233,10054199.27898464,227966.2789846398,657,781.7900843100965,124.79008431009652,1.5480462788556169,1.4022753238002768,326.2306752534759,-8.921420713916053,84.7685249159875,59,23194.059404889147,955.4953347493808,2846,84.46642249778085,1,9.753305830764017,68.55765231400873,0,37.99181324942954,2020,3,10,5,124.79008431009652,2.319976322407985,12860.484522334576,1.189939245525261,1,0.00035137034434293746,62.00818675057046,31.927523520462806,0.397,29.667886393515882,0,46.354131260621436,False,False,True,False,True,False,False,2,False,False,False,False
37855538,45041420.77586944,7185882.775869444,338,504.3424977247467,166.3424977247467,1.87873547191636,0.798747301169721,89.47293877398394,26.92524048932376,30.282759821444547,69,44389.80871870586,662.8578668923715,7592,55.54589232292668,4,2.359118056843956,81.34859544030516,0,43.17228010588792,2020,3,10,6,166.3424977247467,18.98238185353339,89307.20884927595,1.4921375672329784,1,0.0005268703898840885,56.82771989411208,28.933176842364908,0.9990000000000001,88.015205775763,0,44.7624000932305,False,False,True,False,True,False,False,0,False,False,False,False
48336078,51290391.347350106,2954313.3473501056,563,761.5935302152978,198.59353021529785,1.887426632545476,0.8203179413266759,226.19169482073315,18.77369823997029,87.95979385073902,119,13521.030245629929,835.2716054273886,8861,60.6459858417842,4,7.534726810103696,50.57462348167688,1,38.84530543063642,2020,3,11,0,198.59353021529785,6.112025364056442,67346.14897903692,1.352741616723442,1,0.000451416318699921,61.15469456936358,28.715983119323262,0.6930000000000001,17.75360439552003,1,79.6200476272128,False,False,False,True,True,False,False,2,False,False,False,True
19149286,20537168.78109216,1387882.7810921597,342,358.81372232265045,16.81372232265045,0.4320844412623742,1.4259329800502392,370.9947782755725,39.42514105656068,86.32340640769372,57,29654.18647867489,688.2046529906736,2887,99.4283003408354,6,5.302164759935851,88.16698180166384,0,48.35317674524517,2020,3,11,1,16.81372232265045,7.247699893834994,57236.297007127396,1.0491629307679837,1,0.0020782819535850364,51.64682325475483,46.087385788450234,-0.269,82.64507356831079,0,60.52456423927632,False,False,False,True,True,False,False,1,False,True,False,False
28596545,37005463.09390382,8408918.093903817,620,758.2829322947483,138.28293229474832,1.7620129343474755,3.964200226367636,346.74046108246233,-0.9584023619372228,81.92003909407838,222,6078.262330592142,855.4337771841014,1679,62.45586807104405,0,7.737414935969437,87.00264983378925,0,40.760929493310336,2020,3,11,2,138.28293229474832,29.405363808473428,48801.656371080775,1.2230369875721747,1,0.0,59.239070506689664,33.32763432954224,0.9860000000000002,8.015823740352223,0,113.08849101964235,False,False,False,False,True,False,False,2,False,False,False,True
24498524,36285312.63932747,11786788.639327466,368,550.263549196871,182.26354919687105,1.501119738711532,4.52878395318224,331.1153012329736,34.22600853336224,35.01895649310016,83,39389.92177290389,950.0390918607192,4252,85.64810030536611,1,6.950019170299537,91.51628402973506,0,70.7965587878725,2020,3,11,3,182.26354919687105,48.112239901993554,65941.69774154067,1.4952813836871497,1,0.00023518344308560678,29.2034412121275,47.34664629696541,0.9860000000000001,71.58373806586836,0,53.97348950793872,False,True,False,False,True,False,False,2,True,False,False,False
30184104,38097842.423971824,7913738.423971824,594,840.2239086027856,246.22390860278563,0.5803910613115496,4.875435848538406,177.1433886480996,33.55785579566937,64.38385392076884,273,31141.12542108253,345.6295547794631,2835,67.1635255977964,5,4.952504714988933,92.07253366534069,0,36.62078251125428,2020,3,11,4,246.22390860278563,26.218232033562515,45342.48791768494,1.4145183646511543,1,0.001763668430335097,63.37921748874572,25.889223799710532,0.9319999999999999,37.062888954049555,0,138.58251291493147,False,True,False,False,True,False,False,1,True,False,False,False
26018569,24618449.445247836,-1400119.5547521673,518,496.46163059031153,-21.53836940968847,0.2278407645508776,1.1614482704822633,220.1112272454809,-3.005034593071219,73.26240310728681,228,33151.53125613887,252.69497313104696,3177,87.60068967165856,1,4.1851974221476045,78.31998473802342,0,41.57544083450088,2020,3,11,5,-21.53836940968847,-5.381231976102005,49587.81893371211,0.9584201362747327,1,0.0003147623544224111,58.42455916549912,43.37913954531441,-0.09400000000000003,66.77561610696975,0,112.27721055426468,False,False,True,False,True,False,False,1,True,False,False,False
11930625,11278618.351822607,-652006.6481773928,786,1040.5250336955942,254.52503369559415,0.6091948070803181,4.406487728070458,96.32576511512876,11.920757327927015,89.02195497375008,295,7327.439714959406,535.591675299286,9142,86.14139432695887,3,7.7892332892051295,89.00369678116454,1,49.19138963102333,2020,3,11,6,254.52503369559417,-5.4649831687559765,10839.35319822605,1.3238231980859976,1,0.00032815576460293154,50.80861036897667,37.158579561186826,1.051,7.042059996322059,1,148.2828136905031,False,True,False,False,True,False,False,2,False,False,False,False
22227468,32693358.71748105,10465890.71748105,360,398.6451905480956,38.64519054809563,1.8331956498848987,1.6412754463866852,373.5602691951205,-0.641604737051571,32.62966754569593,283,14496.724859387692,731.6761841417942,1148,80.06536151191213,9,3.9082708563384383,74.61975627402596,0,10.35656508438102,2020,3,12,0,38.64519054809563,47.08539325073396,82011.1705663151,1.1073477515224879,1,0.0078397212543554,89.64343491561898,9.352586005743742,0.497,36.364981199086344,0,122.79641884259331,False,False,True,False,True,False,False,1,False,True,False,False
44513097,48001787.5716942,3488690.5716942027,467,422.2564297788736,-44.74357022112645,1.303039482301967,0.5642027225844221,276.7499585560731,4.00962752516519,73.62181296635075,53,8344.889255911108,304.4721278639945,2495,91.28670077773477,5,8.089943320797115,97.57649182091502,0,54.28743167988028,2020,3,12,1,-44.74357022112639,7.837447418440021,113679.23419622451,0.904189357128209,1,0.002004008016032064,45.71256832011972,60.0398923653584,0.21199999999999997,19.76261027044903,0,44.489432147454785,False,False,False,False,True,False,False,2,False,False,False,True
10249677,9790903.42182532,-458773.5781746786,366,418.00442079832914,52.004420798329136,1.4700038557059565,4.350124627600828,368.9445345555446,4.478539615679939,43.71608189489791,157,18001.14421117153,103.69130538715036,2744,96.3531096926611,6,7.118587596992068,59.534926489371735,0,33.023782287364114,2020,3,12,2,52.004420798329136,-4.475980835051489,23422.96620482167,1.1420885814161998,1,0.002186588921282799,66.97621771263589,28.9152547575726,0.8499999999999999,43.06448285114281,0,77.25838645317337,False,False,False,True,True,False,False,2,False,False,False,True
48657169,61280140.3293068,12622971.329306804,317,329.9502910120896,12.950291012089563,0.5885894671072821,3.180528173218093,162.02458615859274,20.5930016714175,32.293852589760164,291,33234.755345696794,408.6416042530348,2646,74.79899922712504,9,6.19902253209852,95.78085460369496,0,15.053540862206612,2020,3,12,3,12.950291012089622,25.94267522902289,185725.3713622621,1.040852653034983,1,0.003401360544217687,84.94645913779338,14.462701150170064,0.659,100.72655260812923,0,132.26605627835332,False,False,False,True,True,False,False,2,True,False,False,False
31223477,39784619.27101453,8561142.271014534,309,429.9183627544954,120.91836275449543,1.4668374955921586,0.8236544804053086,195.99720288577976,12.627601246825602,49.49638588496985,216,30478.369294281885,971.9734019210096,3995,54.24813443336474,4,4.319207964120676,62.92651806338616,0,91.99191688883154,2020,3,12,4,120.91836275449538,27.41892669741594,92539.93948086724,1.3913215623122828,1,0.0010012515644555694,8.00808311116846,66.11837218705011,0.533,70.89338798884135,0,105.03719613953865,False,False,False,True,True,False,False,1,False,True,False,False
28327176,36516644.50581025,8189468.505810253,373,411.1945902596824,38.19459025968234,0.1534308619280551,2.1491562875650128,200.3969017670516,42.12530422034679,75.56851385040315,261,32546.74197260256,725.470714545262,7643,63.9177376986445,7,2.8457322198973745,55.1361686843426,0,39.01768604982388,2020,3,12,5,38.1945902596824,28.91028920712129,88806.23765684475,1.1023983653074596,1,0.0009158707313881983,60.98231395017612,35.39345419742329,0.10500000000000004,79.15167841106144,0,139.70814542122497,False,True,False,False,True,False,False,1,False,True,False,False
14737336,15628078.518970769,890742.518970767,495,691.2745371042836,196.2745371042836,0.8131105569687261,1.4362884743853384,61.58408438624729,-3.049642192914717,52.53948625928365,73,29716.30721200525,461.1928995471016,8378,85.4983428107976,5,7.393778211165975,71.95522237034837,0,48.34767373054338,2020,3,12,6,196.27453710428358,6.044121671452485,22607.629357268175,1.3965142163722901,1,0.0005968011458582001,51.65232626945662,34.62025174089212,0.6439999999999999,42.9877069340431,0,44.04695321991068,False,False,False,False,True,False,False,2,False,False,True,False
23432851,21302017.747023508,-2130833.252976492,323,290.81588054618334,-32.18411945381666,1.2908313622304293,3.683972843550985,203.47154277378056,43.55306741676093,57.626617014213394,265,17286.29580541367,273.31848761215633,9849,79.05300910743216,4,1.822143044535228,80.74586212080297,1,84.46088425044177,2020,3,13,0,-32.18411945381666,-9.093358947131495,73249.15581300457,0.9003587633008772,1,0.0004061326022946492,15.539115749558235,93.80803263445004,1.0170000000000001,59.44068725871557,1,136.35390532929227,False,True,False,False,True,False,False,1,False,True,False,False
49032410,72519386.55083588,23486976.55083588,195,211.51484055305596,16.514840553055933,0.3775834745285084,2.26708115312134,411.4870580831151,2.6851252117845164,89.66115871400848,104,16002.837380499135,420.4807063792723,4667,50.66790031391493,3,9.734880305401838,61.54949365999761,1,25.01100736783478,2020,3,13,1,16.51484055305596,47.9009221672683,342857.20264931134,1.0846914900156717,1,0.0006428112277694451,74.98899263216522,23.058176078687055,-0.20699999999999996,75.65822492008553,1,69.3038851777379,False,True,False,False,True,False,False,2,False,True,False,False
29373620,30858040.190863848,1484420.1908638475,481,502.5002808492201,21.50028084922013,1.663706791449176,4.946399725531925,453.7843230873824,32.50806650100192,47.93765096901982,75,11167.685759146156,252.85548997112315,1576,43.07437246878549,5,9.808731231539388,77.78981205721489,0,86.5277928623207,2020,3,13,2,21.500280849220076,5.053582741466144,61409.00088396785,1.0446991285846572,1,0.0031725888324873096,13.472207137679305,82.82556239857044,0.9079999999999998,22.22423784574386,0,54.13371524100653,False,False,False,False,True,False,False,2,False,False,False,True
17938661,23420998.7450778,5482337.7450778,602,626.1645308179823,24.164530817982268,0.5465594677426454,0.2737249112979756,283.19824203616736,8.643345939505178,63.07805282964679,74,43208.18937065714,195.67523918165625,5779,80.97769561252389,5,2.172003543623248,90.39466784672524,1,31.747415326963992,2020,3,13,3,24.164530817982268,30.56157728315285,37403.905191630816,1.0401404166411665,1,0.0008652015919709292,68.25258467303601,30.522239900534885,-0.26700000000000007,69.00453034957548,1,51.11641963074559,False,False,False,False,True,False,False,1,False,True,False,False
4834242,6400429.677253316,1566187.6772533162,424,398.9466760683337,-25.053323931666284,1.339334114355048,1.7750763306812334,254.9757628486491,-2.130523252047735,45.56709411307603,85,32741.571134356,916.0681353152984,9187,55.06474144176072,5,1.93541790675072,62.854248290186135,0,63.01341024537855,2020,3,13,4,-25.053323931666284,32.397792192722584,16043.321228617071,0.9409119718592777,1,0.0005442473059758355,36.98658975462145,66.97056911802459,0.522,82.07004368861529,0,47.03097125830849,False,False,False,False,True,False,False,0,False,True,False,False
12671439,16042098.165042158,3370659.165042158,286,289.5105248024421,3.510524802442092,0.8698745708931264,2.409500835549887,63.87107841471661,37.18390518854319,47.49499524300934,120,13392.99556268269,997.8853045379262,3972,69.98021462374321,0,4.714450543747271,79.01611229571014,1,71.71105421495605,2020,3,13,5,3.5105248024420916,26.600445024769154,55411.10526461537,1.012274562246301,1,0.0,28.28894578504395,70.84150574309079,0.861,46.26082444436824,1,73.40367012946577,False,False,False,False,True,False,False,2,False,False,False,True
30584733,33268373.163450107,2683640.163450107,267,329.2990410956764,62.29904109567633,1.2324828314075298,2.515667773741599,445.6419519134222,6.987349458005475,68.69485274117856,251,12974.422091955776,247.70299563621128,8756,84.80480635075565,5,9.67314945034452,66.96562980965402,0,91.4512551280998,2020,3,13,6,62.29904109567639,8.7744436528189,101027.84706799108,1.2333297419313722,1,0.0005710370031978072,8.548744871900197,74.14988224064781,0.2430000000000001,39.400121083820935,0,123.10466065975521,False,False,False,True,True,False,False,2,False,True,False,False
7494503,7964091.712274131,469588.71227413137,308,331.0435262604152,23.04352626041521,0.3041560499949254,1.579679111928184,55.85459604164272,26.23704723247632,85.65208832664185,235,44286.60206867615,149.07030299045175,4948,73.76000683938,0,4.6027980930800165,76.48842337652401,1,64.68741952157188,2020,3,14,0,23.043526260415206,6.265775225843946,24057.53648844709,1.0748166437026467,1,0.0,35.31258047842812,60.184609068510085,0.415,133.77878905820413,1,127.56674066773544,True,False,False,False,True,False,False,2,False,False,False,True
33266497,41869245.38011477,8602748.380114771,520,598.2271720866942,78.22717208669417,0.1321343198510539,3.64620124548784,475.1375360945953,21.154402679764463,57.9651265344625,288,38422.88886934937,396.7579964315911,7544,44.99815498670778,4,4.274218975891014,83.34595097874848,0,50.79086211250002,2020,3,14,1,78.22717208669417,25.860096962162178,69988.87267870063,1.1504368693974887,1,0.0005302226935312832,49.20913788749998,44.1491953740151,-0.19099999999999995,64.22792320737511,0,138.9358587642681,True,False,False,False,True,False,False,1,False,False,True,False
32707048,46432802.07667681,13725754.076676808,183,206.0799834621213,23.079983462121305,1.828172412022572,4.373735367444874,270.1473119096408,15.946597016498089,73.78799502641459,61,34672.958595741715,515.4932626852737,3045,51.13481420701332,6,7.332265530988941,67.52112859080462,0,61.50424171075997,2020,4,14,2,23.079983462121305,41.9657380167015,225314.46915227178,1.126120128208313,1,0.0019704433497536944,38.49575828924003,54.616057532525275,1.252,168.2500066878878,0,51.3203776128738,False,False,False,False,True,False,False,2,False,False,False,False
1684029,2472222.3328710822,788193.3328710822,506,721.324735229968,215.32473522996804,0.6122970166576472,4.693596509889315,203.87052210862697,17.27007099566965,26.244459117187468,178,23308.88483926849,284.33912236826905,2627,53.15969104185515,0,2.608581129357044,99.7241441226067,0,28.187421646618358,2020,4,14,3,215.32473522996804,46.80402373540374,3427.3361388098033,1.4255429549999368,1,0.0,71.81257835338164,19.77311279730579,0.8629999999999999,32.31399631933778,0,84.25435903385714,True,False,False,False,True,False,False,1,False,False,False,True
6337355,6106317.107440306,-231037.89255969413,589,850.0326662503161,261.0326662503161,1.6573863052828723,4.025466883997631,465.898295679197,30.27308527507581,34.78106262023489,165,16788.900392533287,371.2824206187026,2488,55.47185521869069,0,4.269911352163764,78.18875992148205,0,72.01669007348656,2020,4,14,4,261.0326662503161,-3.645651735774533,7183.626406237579,1.4431793994063091,1,0.0,27.983309926513442,49.90141218971984,0.693,19.750888476548642,0,85.5162443685932,True,False,False,False,True,False,False,1,False,False,False,True
49761066,49407621.48609814,-353444.5139018595,485,579.9504787518553,94.95047875185526,1.9987655708971803,4.252900986532997,60.97594689954353,-5.172489723210768,55.14921486436727,227,49075.284340077065,280.78366212249193,4563,73.92420351703026,5,3.62176701647039,91.22307795464694,0,26.81926408454997,2020,4,14,5,94.95047875185526,-0.7102832441368108,85192.82817462471,1.195774182993516,1,0.0010957703265395574,73.18073591545003,22.428368554847278,1.818,84.61978416794275,0,105.79301754234697,False,False,False,False,True,False,False,1,False,True,False,False
7981440,11707509.459180972,3726069.4591809735,786,863.101546168839,77.10154616883904,0.5017193901979312,2.7527265030999777,311.6412026910892,26.749936407684785,21.40082065401424,202,40875.78087602601,796.8345115892062,2802,70.2379467895236,6,6.413811603675636,86.25676114553956,1,60.15228508704312,2020,4,14,6,77.10154616883904,46.68417552698475,13564.46354562637,1.0980935701893626,1,0.0021413276231263384,39.84771491295688,54.778833716939126,0.18899999999999995,47.35917929641842,1,95.24522711850972,True,False,False,False,True,False,False,2,False,False,False,True
27918198,37464020.00317557,9545822.003175572,404,389.4884906501729,-14.511509349827064,0.6038244082483756,4.1294411321340725,297.0196360247019,39.26966557692183,37.69984851337912,257,18580.06504113244,741.3201489225347,4591,52.18960230185253,5,2.4647759759274743,92.64026568514738,0,68.28432952244401,2020,4,15,0,-14.511509349827122,34.19211370008756,96187.74598611864,0.964080422401418,1,0.0010890873448050533,31.71567047755599,70.82845780889863,0.5180000000000001,47.70375887132569,0,125.8908542270903,False,True,False,False,True,False,False,0,True,False,False,False
38554126,55124546.507825404,16570420.507825404,527,775.7659904606185,248.76599046061847,1.3594335965058648,1.517519545739761,148.69418054512192,-6.821649163907472,56.21809028774763,182,43140.41583253226,671.4563641848836,4520,44.053290607341225,4,5.938311300456126,58.6900477269284,0,90.87248623669792,2020,4,15,1,248.76599046061847,42.9796294897864,71058.21495873347,1.472041727629257,1,0.0008849557522123894,9.127513763302076,61.73227601574127,0.7430000000000001,55.610089077141964,0,87.61893233715205,False,False,True,False,True,False,False,2,True,False,False,False
17684388,18066009.674106877,381621.6741068736,500,468.0680834700893,-31.931916529910723,1.9343524057411805,1.992393810546072,242.9993441075948,-2.264066342148329,21.047283877941048,132,39151.93768766067,448.4960713712843,6896,50.28593226848308,5,8.717919309431604,61.12768548638355,0,50.5170843379853,2020,4,15,2,-31.931916529910723,2.1579580481206206,38596.96978305367,0.9361361669401785,1,0.0007250580046403712,49.4829156620147,53.963393491252084,0.9039999999999999,83.64581792760193,0,58.43496526073782,False,False,True,False,True,False,False,2,False,False,True,False
48878717,61223111.40429296,12344394.404292963,738,795.9995429072346,57.99954290723463,1.8400472615624133,1.5845650690927215,343.5188026746966,29.414756518611725,38.51824003582292,245,18368.62474450993,918.1368471828124,8643,99.0628787571162,2,5.627534920368417,74.37055889451452,0,79.77999039302912,2020,4,15,3,57.99954290723463,25.255152266564124,76913.50070464534,1.0785901665409683,1,0.00023140113386555593,20.220009606970876,73.96691798969671,0.558,23.076174990530866,0,118.3798989663304,False,False,False,False,True,False,False,2,False,False,False,True
45768534,60445759.41950542,14677225.419505415,360,388.3822994527209,28.382299452720872,1.0554634881246112,2.336936677239627,377.2090385968674,14.050490653453966,55.98215736331086,55,24194.878440873785,972.579287381518,8041,68.11281698748834,8,7.151469553882767,92.61643382427212,1,25.07774394738489,2020,4,15,4,28.382299452720872,32.068375665048436,155634.69165479744,1.0788397207020024,1,0.0009949011317000372,74.92225605261511,23.24510626200041,0.23299999999999998,62.29655284230869,1,43.009794405029446,False,False,False,True,True,False,False,2,False,True,False,False
19138519,25034467.645051625,5895948.645051625,797,870.5158950322508,73.5158950322508,1.6107095368007769,1.4278980811931818,50.3225864179609,12.195174144752858,60.1204473586872,75,13367.9050425962,256.2753813628708,4311,92.04073028212676,4,1.677232159101396,59.88032906954294,0,24.057683086044253,2020,4,15,5,73.5158950322508,30.80671312681835,28758.197050639897,1.092240771684129,1,0.0009278589654372535,75.94231691395575,22.025988875099078,1.082,15.356302072004034,0,51.69468645103202,False,False,False,False,True,False,False,0,False,True,False,False
21978981,25163537.855206218,3184556.8552062176,890,888.7291743074666,-1.2708256925334354,0.357917120889812,4.808057211272234,471.5840435409569,-2.466835100067028,84.80261851387138,162,9997.35999701492,300.71137727069026,3305,90.9251480001306,1,5.041050213223387,98.55329160536492,0,57.23182123479371,2020,4,15,6,-1.2708256925334354,14.489101452001881,28314.067527730993,0.9985721059634456,1,0.000302571860816944,42.76817876520629,57.31365906678829,0.16700000000000004,11.249051213836054,0,89.50073502414129,False,False,False,True,True,False,False,1,False,False,False,False
8964443,8150802.677434745,-813640.3225652548,565,773.9917250831332,208.99172508313325,1.9571325499876235,1.5642231400283406,124.03641757676556,17.872352239478346,65.17419362754255,152,37524.29147778636,573.0679252003326,8875,70.69117344777243,9,1.854038506922668,56.38011541575707,0,63.67066885990927,2020,4,16,0,208.99172508313325,-9.07630649852149,10530.86539983264,1.3698968585542182,1,0.0010140845070422536,36.32933114009073,46.478439936789805,1.119,48.48151506239416,0,85.71396376010628,False,False,True,False,True,False,False,0,False,False,True,False
22444021,28049541.696217246,5605520.696217246,797,775.878477592136,-21.12152240786395,1.9322711446683745,0.4902226905546991,155.11119540006163,-3.040007884199252,49.03150617709956,169,17038.033580924,182.1255123540208,2967,82.40126250763261,9,6.395155082079912,58.7538972590254,0,66.91069366596173,2020,4,16,1,-21.12152240786395,24.975563408255795,36151.97805623671,0.9734987171795936,1,0.003033367037411527,33.08930633403827,68.73218473242001,0.809,21.95966774822765,0,81.39744948787009,False,False,False,False,True,False,False,2,False,True,False,False
35751594,37605704.68171469,1854110.681714684,287,367.63092670617465,80.63092670617465,0.4110850199704248,2.634085830252067,168.5630505622317,16.214125097079723,85.12458239931475,232,41902.67145858141,492.8035589408015,9009,51.56512062476274,6,3.5294893405643664,58.36168916830377,0,77.11066378214005,2020,4,16,2,80.63092670617465,5.186092350776559,102292.00524190576,1.2809439954918977,1,0.000666000666000666,22.88933621785995,60.198310038159505,0.4320000000000001,113.98026774845225,0,123.20161224891835,False,True,False,False,True,False,False,1,False,False,False,False
35600593,41658124.59807292,6057531.598072916,710,691.7584073766783,-18.241592623321708,0.6689039371259026,0.2854953922258818,67.0190614484159,31.99884144289112,74.9418088371456,216,49802.39201814918,623.6121382999391,6462,81.3038022956145,2,3.585392478925732,79.30029765173097,0,36.54383389850889,2020,4,16,3,-18.241592623321708,17.015254768573442,60220.62638320653,0.9743076160234906,1,0.00030950170225936243,63.45616610149111,37.50749075292851,0.314,71.99390927103056,0,118.48219508401101,True,False,False,False,True,False,False,1,False,True,False,False
5688482,8387943.220707614,2699461.220707614,589,555.0272943253508,-33.972705674649205,0.2902944952628571,0.5527158315429026,105.3734556156462,4.204539683793993,34.00062447789233,58,8447.89162683419,569.8662140235998,7897,56.343074755797375,0,1.6909006343048265,95.8770540798318,0,66.03469496672099,2020,4,16,4,-33.972705674649205,47.45486090502904,15112.667983118494,0.9423213825557738,1,0.0,33.96530503327901,70.07661737190024,0.08300000000000002,15.220677817480686,0,34.6615492485059,False,False,False,True,True,False,False,0,False,False,False,False
42902454,48883965.21571797,5981511.215717964,475,686.6874085504749,211.68740855047488,0.6162634379065414,1.0969469459812315,493.8574653248729,16.443239249885,29.158965294417385,94,26286.58062876651,397.8177247702234,4458,89.92372580524905,2,3.79214075296661,62.75556935832192,0,26.93252087256904,2020,4,16,5,211.68740855047486,13.942119058546096,71188.09025333215,1.445657702211526,1,0.00044863167339614175,73.06747912743096,18.629943195659965,-0.478,38.28027178225785,0,51.28066136329072,True,False,False,False,True,False,False,1,True,False,False,False
49465992,69444364.5341098,19978372.5341098,350,354.9270409269282,4.927040926928214,1.6503159998888923,2.3217512494107084,191.84753181977877,44.56087831682596,67.30681450199131,293,41092.81516898614,588.2012254694862,9585,45.02344798653459,8,5.560094593963877,77.65184267292807,0,29.709793814910604,2020,4,16,6,4.927040926928214,40.38809639986559,195658.1396355396,1.0140772597912235,1,0.0008346374543557642,70.2902061850894,29.29736716611435,0.9529999999999998,115.7782034912529,0,150.76030784564517,True,False,False,False,True,False,False,2,True,False,False,False
41538036,42083196.28144453,545160.2814445272,510,710.3025472952695,200.3025472952695,0.818799653613993,2.1662546615451395,101.8854906525722,27.765773284472047,59.19182159038887,63,40502.79034435551,962.9208588329632,5778,86.38832037311664,4,6.261940928545853,58.78862550237304,0,16.057799953649315,2020,4,17,0,200.3025472952695,1.3124363449550847,59246.86099140615,1.3927500927358225,1,0.0006922810661128419,83.94220004635068,11.529563011628653,0.7080000000000001,57.0218852495804,0,51.287278462458275,False,False,False,False,True,False,False,2,False,True,False,False
11168293,14557605.223721666,3389312.2237216663,672,824.3951672303972,152.3951672303972,0.2679542375788409,3.998459310013956,98.14606752858047,36.27462242178592,75.27715296549289,161,39199.87212489358,285.41566386223843,4730,45.996214394117175,6,1.5999899614824096,81.55684481038993,0,77.23005275248573,2020,4,17,1,152.3951672303972,30.34762988150173,17658.528097185208,1.2267785226642816,1,0.0012684989429175475,22.769947247514267,62.953541593440825,0.777,47.549856771465315,0,97.86553261618364,True,False,False,False,True,False,False,0,False,False,True,False
34222265,50861273.04099147,16639008.04099147,374,354.0710030002079,-19.928996999792105,0.7502284970799186,3.697373269420567,373.75698545148737,12.816618360830017,71.71635350550805,104,20704.772088585996,689.3482225546032,5365,92.87135421365852,2,6.863132671444632,56.16231680897559,0,55.62936733470256,2020,4,17,2,-19.928996999792105,48.62041726633661,143647.10075103666,0.9467139117652618,1,0.0003727865796831314,44.37063266529744,58.76048365125946,0.349,58.47632794875846,0,66.95989155990142,False,True,False,False,True,False,False,2,False,False,False,True
39309051,37781338.55925745,-1527712.4407425525,191,281.39436273880256,90.39436273880256,1.964628335058432,2.1315914699535066,434.5558988146884,32.23235077192204,63.764807370026055,186,25423.396505827357,139.05702474044665,8547,58.25227108810022,3,5.399881846781451,74.5655383756349,0,31.43671350396058,2020,4,17,3,90.39436273880256,-3.8864139476237987,134264.73150184267,1.4732689148628406,1,0.000351000351000351,68.56328649603942,21.338068825600175,0.547,90.34792402513764,0,103.19914744258443,True,False,False,False,True,False,False,1,False,False,True,False
33337259,30169951.54133576,-3167307.4586642385,374,392.01808587298063,18.018085872980635,1.2963988309924857,1.6685210378781496,165.62853477881146,-7.771995488227299,89.04675201402246,64,31773.57608036616,159.77476403329143,1027,79.26360188983449,0,5.832172071228113,82.75909068384337,1,60.06139531302614,2020,4,17,4,18.018085872980635,-9.500803466368481,76960.6113303437,1.0481767001951354,1,0.0,39.93860468697386,57.300830386560506,0.7000000000000001,81.05130152250487,1,49.98242695773855,False,False,False,False,True,False,False,2,False,False,True,False
7465377,8660954.704629174,1195577.7046291735,669,947.1616416245362,278.1616416245362,0.8907057981716997,1.582343920307493,59.40928055085574,-3.239884960176526,57.35128110772861,86,48827.32626079657,596.6454018012265,4491,69.25013671721679,2,8.495170063910152,78.95639583777552,0,41.88161787704088,2020,4,17,5,278.1616416245362,16.014967557956865,9144.114714964839,1.4157872072115638,1,0.00044533511467379205,58.11838212295912,29.58185923965792,0.719,51.55120743387557,0,50.63341884426562,False,True,False,False,True,False,False,2,False,False,False,True
40683871,38876501.8222647,-1807369.1777352989,361,361.4642472529366,0.4642472529366159,0.416423175644813,3.869975436470045,150.39050830041012,1.1688826106034167,27.917402955120387,227,19739.627192232183,194.4452622951545,7423,61.97818871574034,6,4.080038007743799,57.00002413503712,0,85.34889192603416,2020,4,17,6,0.46424725293661595,-4.442471016917979,107552.82747247933,1.0012860034707385,1,0.000808298531591001,14.651108073965844,85.23927392392476,0.7190000000000001,54.610178855169785,0,99.52588566971716,False,False,True,False,True,False,False,1,True,False,False,False
43616258,58839667.12718443,15223409.127184428,835,1179.3253839530682,344.32538395306824,1.97373591483902,0.2603620311063487,75.43206085854081,12.107355853837074,77.97914953711918,176,46541.4749472586,120.1121095841716,6301,78.72650999100978,3,2.566460002285313,58.06866857574147,0,57.53330927158276,2020,4,18,0,344.32538395306824,34.90306098057387,49892.64873614047,1.4123657292851117,1,0.00047611490239644503,42.46669072841724,40.73541865158682,0.9709999999999999,39.46449010641387,0,97.42595161728688,True,False,False,False,True,False,False,1,True,False,False,False
5902059,8550485.203443218,2648426.203443218,495,449.4289574328723,-45.57104256712768,1.659613117599945,0.0641082475530291,96.52772148351868,36.51596830791697,37.62973536419963,166,17121.061318122236,254.36169788322,7160,96.85137883307428,1,5.966291581362587,83.56955024124942,0,12.682965056844353,2020,4,18,1,-45.57104256712768,44.872919830913546,19025.22092097356,0.9079372877431764,1,0.00013966480446927373,87.31703494315565,13.96898797753961,0.726,38.09514503897866,0,88.64371110163499,False,False,False,False,True,False,False,1,False,False,False,True
45604238,52919731.64184104,7315493.641841039,873,1053.770603151094,180.7706031510941,0.6348068746567468,3.97772195963324,244.17865393143907,9.044632793336175,74.41115037007428,133,49508.35094631671,608.364253899617,2173,42.47618484247731,4,9.50519725781715,90.4454648044888,0,98.6585757705765,2020,4,18,2,180.77060315109406,16.041258362525515,50219.4039989301,1.2070682739416885,1,0.0018407731247123793,1.3414242294234953,81.73404760975644,0.6360000000000001,46.98209534245091,0,78.23673494902313,False,False,True,False,True,False,False,2,False,False,False,False
41162344,43435616.16672429,2273272.1667242944,209,284.5880994594632,75.5880994594632,0.2331305218702599,2.3857318799452463,153.46326688773468,26.00416564335046,86.9974967200036,121,35161.86590724163,733.0068590670392,1338,95.13117135298626,4,5.660826572630181,95.40372012647956,0,16.686868441234083,2020,4,18,3,75.5880994594632,5.522698529326433,152626.2561548582,1.361665547652934,1,0.0029895366218236174,83.31313155876592,12.254748216253827,0.30500000000000005,123.55353570309813,0,82.30049870900622,False,False,True,False,True,False,False,1,False,False,True,False
40128126,46574388.07194926,6446262.071949258,775,1132.1799156341442,357.1799156341442,0.2075885590173602,0.6544056927678799,282.17564533644054,29.01228621419159,68.77568597750388,145,25858.01661613479,282.230707727242,1841,76.54489930126081,1,8.487209567075558,90.68057576730584,0,72.63623700100628,2020,5,18,4,357.1799156341442,16.064199140396585,41136.91422079549,1.46087731049567,1,0.0005431830526887561,27.36376299899372,49.720970049402084,-0.36500000000000005,22.839140898954636,0,87.33639165750864,False,False,False,True,True,False,False,2,False,True,False,False
23005782,30691293.471499696,7685511.471499696,857,1238.8117384373757,381.81173843737565,0.3287184840605143,1.1778296729725062,164.07218896573568,22.24002947485878,61.72211126648608,160,32602.56926286222,701.433493487357,1293,88.43885804614314,5,7.813288490149297,98.69619394435972,1,49.35302552823493,2020,5,18,5,381.81173843737565,33.40686907100005,24774.784189737642,1.4455212817238923,1,0.0038669760247486465,50.64697447176507,34.14202623802104,0.08599999999999997,26.31761409040793,1,89.18864222240346,False,True,False,False,True,False,False,2,True,False,False,False
28345255,25664715.01128409,-2680539.9887159094,275,382.7381034753615,107.73810347536148,1.2034603088674012,4.662519765486913,473.2417854963264,9.648308249357491,52.22703229725284,198,17263.902606809308,264.2286979893064,7558,63.032497206056654,9,5.664977083088483,70.41259020825677,1,32.43860258680866,2020,5,18,6,107.73810347536153,-9.456750305177742,67055.55255210235,1.3917749217285873,1,0.0011907912146070388,67.56139741319134,23.30736247677164,0.5790000000000001,45.10630755090382,1,97.7626021639831,True,False,False,False,True,False,False,2,False,True,False,False
18496623,23188705.63160665,4692082.631606646,560,802.4322934861981,242.4322934861981,1.8646505002904357,4.29751487812449,457.674785566819,21.73793379424493,45.50869061967823,234,17337.823588016,652.1116839681314,2647,68.31057849025683,3,6.827992998880802,66.55828771110171,0,70.88124110166126,2020,5,19,0,242.4322934861981,25.367239369081858,28898.021452828652,1.4329148097967823,1,0.0011333585190782018,29.11875889833874,49.4664725474599,0.866,21.606587532377535,0,113.77398732417696,False,False,False,False,True,False,False,2,False,False,False,True
46858810,59415800.12203054,12556990.12203054,623,635.1683185658993,12.168318565899312,1.0438125132113705,3.548925251119863,305.06274725470973,8.824607603436043,44.71033256802853,154,10109.954472957224,470.763711906219,5898,92.13104510806984,0,4.660121656869927,51.40920261725584,0,21.330761833448832,2020,5,19,1,12.168318565899312,26.797501093242747,93543.39375140937,1.019531811502246,1,0.0,78.66923816655117,20.922115026522487,0.635,15.916969057562191,0,77.66048205143937,False,False,False,True,True,False,False,1,False,True,False,False
32457080,41629871.06673668,9172791.066736676,477,510.6335454326969,33.63354543269685,1.7015964166667743,2.411126151686633,209.49079639432375,-5.386944379639336,64.54608939967133,196,10132.263396742945,688.419558400255,5526,64.89087818858938,2,5.775658201874744,72.49479279940468,0,87.24220286108425,2020,5,19,2,33.633545432696906,28.261294813756145,81525.92292278931,1.0705105774270376,1,0.0003619254433586681,12.757797138915748,81.49588121844633,0.963,19.842533823658496,0,96.14774350600959,False,True,False,False,True,False,False,2,False,True,False,False
11569315,12092401.308152378,523086.3081523776,540,579.625802074423,39.62580207442295,0.9471845777336348,2.6016181309569286,221.516096915631,44.60421880023079,72.5891181856422,270,20645.228366101008,995.5474772313224,6614,72.0795740049451,8,5.565571797615712,82.56857762066163,0,32.5550787321819,2020,5,19,3,39.62580207442295,4.521324798852635,20862.427560807126,1.073381114952635,1,0.0012095554883580285,67.4449212678181,30.329468516518897,0.5970000000000001,35.61820107423409,0,143.1580010957619,False,False,False,True,True,False,False,1,False,False,True,False
11089851,14732108.885044586,3642257.885044586,553,622.8064943063637,69.80649430636367,1.446308736958868,4.876222676419793,235.33352741502364,-3.0049650502119,67.49619486390901,107,39328.49650533673,944.0352687093058,4801,41.211695385059976,9,7.381993266619957,90.7704320661238,1,42.530829254557055,2020,5,19,4,69.80649430636367,32.84316340268761,23654.391885319263,1.1262323586010192,1,0.0018746094563632577,57.469170745442945,37.7638139498921,1.256,63.14721645466772,1,62.14736894410914,False,True,False,False,True,False,False,2,False,False,False,True
4887008,4666285.75490117,-220722.2450988302,733,832.682430835406,99.68243083540597,1.4905582008443516,4.828852219421435,377.4106949607248,-6.020838889016845,33.88870708354939,144,32358.70254191731,103.85358205249328,9280,49.515880350282536,6,4.689831874206544,63.37276913871852,0,66.93792726737766,2020,5,19,5,99.68243083540597,-4.516510820093403,5603.920032538241,1.1359924022311132,1,0.000646551724137931,33.06207273262234,58.92462584776989,0.9509999999999998,38.860796557761844,0,65.96036045835977,False,True,False,False,True,False,False,1,False,True,False,False
44755415,45630929.46345679,875514.4634567872,482,591.2853998901321,109.28539989013213,0.4305310412163434,1.0763452289291715,253.23754798347704,38.319191206393576,54.57910261004438,167,9616.305214895936,896.8948879260752,8376,78.50119047848798,5,1.8979041035992603,75.67956381846452,1,10.092638400883,2020,5,19,6,109.28539989013211,1.9562201880080594,77172.42717634421,1.2267331947928053,1,0.0005969436485195798,89.907361599117,8.22724814468532,-0.08399999999999996,16.263390262439696,1,94.66948814493138,True,False,False,False,True,False,False,1,True,False,False,False
46570487,66431962.74036717,19861475.740367167,600,597.5567148119189,-2.443285188081063,0.7863105120540423,4.055522831526591,435.52847592765386,6.600906349109231,75.41480505281442,55,43350.643623916,159.84171565728988,1899,83.01861406383263,0,8.098385705322606,83.10047823070232,0,52.547375294998034,2020,5,20,0,-2.443285188081063,42.648202799268915,111172.64871046865,0.9959278580198649,1,0.0,47.452624705001966,52.76223058914566,0.30999999999999994,72.54649232342845,0,46.60471342057709,False,True,False,False,True,False,False,2,False,False,False,True
41279707,55448301.4296657,14168594.4296657,425,558.7678992654272,133.76789926542722,1.3108740974222457,0.986213330835084,474.84265366866407,25.76633357404292,53.29928547323394,53,32061.54321455299,957.7419275438604,4477,74.95605620706996,8,7.163677029953868,77.58014329920469,0,90.48240293515042,2020,5,20,1,133.76789926542722,34.32338904359399,99233.15477241924,1.3147479982715935,1,0.0017869108778199687,9.517597064849582,68.82109959787066,-0.10799999999999987,57.3789998614846,0,44.91968571418306,False,False,False,True,True,False,False,2,True,False,False,False
38170084,34667876.97074375,-3502207.029256247,899,899.4853913008509,0.4853913008508925,0.2343235555502957,1.067687389419757,201.17576902052025,8.095315131422808,57.56362958148457,92,48238.50095531509,353.64311118971625,2744,48.59860217653664,8,9.551111099116287,63.70103587012039,0,71.23740771462727,2020,5,20,2,0.48539130085089255,-9.17526675931928,38541.90107591018,1.000539923582704,1,0.0029154518950437317,28.762592285372733,71.19896571397416,-0.07499999999999996,53.62899878290603,0,56.49768341387221,False,True,False,False,True,False,False,2,False,False,False,False
22970950,24097118.194885,1126168.1948849969,416,451.8529971332951,35.85299713329505,0.7869263567496175,3.380465170822884,302.31251661905605,11.529984893695914,73.97952337195755,142,35158.346033504335,443.8313473701439,7096,66.72432571467009,0,4.8584455826307655,89.81412191475312,0,44.91103284447711,2020,5,20,3,35.852997133295105,4.902575622188027,53329.55263717424,1.0861850892627287,1,0.0,55.08896715552289,41.347495273537064,0.4740000000000001,77.80925711804616,0,82.45285247969603,True,False,False,False,True,False,False,1,False,True,False,False
9457411,9728308.03843852,270897.03843851946,713,857.0310468733128,144.0310468733128,1.1161189859342655,2.025005492937742,92.775441574654,4.416213460923808,66.2885714385564,91,12882.868866688146,182.47438465815503,3253,61.305685981791385,5,1.7038509121998524,58.668050623596685,0,69.43819853299169,2020,5,20,4,144.0310468733128,2.864388979589863,11351.173418897819,1.2020070783636925,1,0.001537042729787888,30.56180146700831,57.76854378222031,0.852,15.031974528447282,0,57.61143546984406,True,False,False,False,True,False,False,0,False,False,False,True
10137344,10770763.742812583,633419.7428125832,364,501.54261863672747,137.54261863672747,1.9928265367848133,4.657722035532601,140.21107149486153,8.867420318615562,48.65414446176749,52,26320.251303852,201.04548249601865,2633,69.7396806421053,6,2.0945708772691867,95.2489916893182,0,94.29124824130056,2020,5,20,5,137.54261863672747,6.248379682218372,21475.27117852762,1.3778643369140864,1,0.002278769464489176,5.708751758699435,68.43289699512695,1.711,52.478593694379605,0,38.056469434114916,False,False,False,True,True,False,False,0,True,False,False,False
40275054,42229838.46975002,1954784.469750017,647,869.361956343274,222.361956343274,1.0016137689826374,0.4450486744800441,236.05959501957204,12.58852203225987,82.67888978359532,178,34182.39188962419,754.0665087063877,8001,92.21974207324564,1,7.959875888827701,97.62983745274056,0,26.9024785152385,2020,5,20,6,222.36195634327396,4.853586216793197,48575.668812766926,1.3436815399432365,1,0.00012498437695288088,73.0975214847615,20.02146916178888,0.13399999999999995,39.31894148370925,0,99.78022354475655,False,False,True,False,True,False,False,2,False,True,False,False
43188444,40489847.6533304,-2698596.3466695994,542,697.7277727047018,155.7277727047018,1.6505078385172147,2.5576282040474654,142.79122215580048,29.62288380007886,31.379694806443503,285,6271.911547248996,949.8990121734624,8020,86.55168631951912,9,1.6098155450074174,68.27866310376311,0,57.86272079548006,2020,5,21,0,155.7277727047018,-6.248422255429252,58031.01042742476,1.2873206138463134,1,0.0011221945137157108,42.13727920451994,44.94818165196257,1.132,8.989052453704529,0,132.3007735819567,False,False,True,False,True,False,False,0,False,False,True,False
7933705,9324993.702736065,1391288.7027360648,462,458.9803478328232,-3.019652167176787,0.9209278416265736,4.592607652215606,444.4522208549229,18.134490682913547,89.68615140132273,232,5670.961886966355,649.6736454588786,9149,45.03937008334954,7,9.170435304363568,68.80908952429759,0,31.126382309178577,2020,5,21,1,-3.019652167176787,17.53643099580921,20316.76028563331,0.9934639563481021,1,0.0007651109410864575,68.87361769082142,31.33116416583123,0.4710000000000001,12.355565796538023,0,125.14619262527088,False,True,False,False,True,False,False,2,True,False,False,False
23322619,31243915.296590302,7921296.296590302,732,899.0623157943617,167.06231579436167,1.613142372977447,4.520568302397526,121.22881522659414,41.89608694363373,28.319680493336605,64,10823.135026935555,744.2650139741299,5701,93.41855186647383,7,3.5348510016566683,87.1639129458597,0,86.8802175253634,2020,5,21,2,167.06231579436167,33.96400848716991,34751.668207764786,1.2282272073693465,1,0.0012278547623223997,13.119782474636594,70.73627501824033,1.5260000000000002,12.038247890940498,0,46.6647302310911,False,False,False,False,True,False,False,1,True,False,False,False
17794513,22492959.03779811,4698446.03779811,515,490.52096905616463,-24.47903094383537,1.231288123078206,0.7826460670787061,255.04736969889137,-7.696578338867347,21.046497977296724,96,16324.899577046184,785.7727701374381,7735,68.30602906898942,5,9.089911365213922,72.81442992760003,0,74.8945226441407,2020,5,21,3,-24.47903094383537,26.40390348304621,45855.24464138182,0.9524679010799313,1,0.0006464124111182935,25.105477355859307,78.6320699723565,0.261,33.28073743403411,0,42.40497589152882,False,True,False,False,True,False,False,2,False,False,False,False
29820898,38878190.637811884,9057292.637811884,341,384.10850597259474,43.10850597259474,1.7845313388545567,1.8331885004822823,322.56465820694405,17.66875774476155,82.30132308041354,134,24329.7105584304,336.5328470976475,2013,84.63172869315991,8,7.961561639208515,51.43050717996176,0,82.09683282245445,2020,5,21,4,43.10850597259474,30.372300115884787,101216.68755907674,1.1264179060779904,1,0.003974167908594138,17.903167177545555,72.88310349069528,0.619,63.34072320743209,0,83.59102424755253,False,False,False,True,True,False,False,2,False,False,True,False
47705646,45257845.790664375,-2447800.209335625,339,389.2092622609777,50.20926226097771,0.8807908494652088,3.095607000233481,361.33875867238,22.132363385744497,37.14674558561693,223,26934.82131919048,140.70666782819342,4299,48.40235387586112,2,8.840809326625209,95.99383638376204,0,94.87106672438496,2020,5,21,5,50.20926226097771,-5.131049287825649,116281.5230237699,1.1481099181739756,1,0.00046522447080716444,5.12893327561504,82.63239017678178,0.34199999999999997,69.20395769289219,0,106.98373269140843,False,False,False,True,True,False,False,2,False,False,False,False
40564766,59666488.20569712,19101722.20569712,653,603.2981219748464,-49.70187802515363,1.2481783976608098,0.7969744238570109,222.381216376928,40.61083423408507,71.07897392127046,107,11211.242402205356,101.68546952725173,2506,80.24317154242289,1,2.926357225929692,71.53751709828813,0,30.907789874396347,2020,5,21,6,-49.70187802515363,47.08944261060724,98900.50380131106,0.9238868636674523,1,0.0003990422984836393,69.09221012560366,33.454085223925674,0.369,18.583254271547016,0,76.30694244660666,False,False,False,True,True,False,False,1,False,False,True,False
45969434,64499487.60923153,18530053.60923153,780,830.2264305519469,50.22643055194692,1.297035493175772,4.840110860228694,441.09458092612783,-7.296281200821483,76.77107624524484,272,35302.62106021239,415.5843546586168,5803,54.17956105656748,1,6.3612414623221145,60.17475502701557,0,14.38472543641731,2020,5,22,0,50.22643055194692,40.30951003058148,77689.03185405854,1.0643928596819832,1,0.00017232465965879716,85.61527456358269,13.514488852090896,0.733,42.521678136340086,0,129.64243851332702,False,False,False,True,True,False,False,2,True,False,False,False
15512253,21454286.525013182,5942033.525013182,501,738.1682298603067,237.16822986030672,0.8930275894208992,4.573746643638302,305.7436179850665,21.54247717143688,80.12904737224818,248,31826.212776344066,317.31780537929444,1977,66.3028538284559,5,1.8423021886518032,77.7832036574393,0,36.18133481520338,2020,5,22,1,237.16822986030672,38.30541910973978,29064.223651393477,1.4733896803598936,1,0.0025290844714213456,63.81866518479662,24.556527914845745,0.741,43.11512130827814,0,129.7014573631055,False,False,False,True,True,False,False,0,False,False,False,False
10615754,14796134.772184417,4180380.7721844167,191,281.1862968572824,90.1862968572824,0.3741928830062149,0.8347508951723459,247.7785012013983,36.94964606903764,89.41159649649167,258,18250.884447852208,156.0859525442671,2817,41.01177220492627,6,2.820526907854384,60.94530812956583,0,45.92253777654432,2020,5,22,2,90.1862968572824,39.379028302506036,52620.39771338599,1.4721795646978135,1,0.002129925452609159,54.07746222345568,31.193571000267614,-0.15300000000000002,64.9067349719234,0,141.1083727696588,True,False,False,False,True,False,False,1,False,True,False,False
33254832,48539627.55155376,15284795.551553763,603,670.1719282285687,67.17192822856873,0.2777628731334375,0.6057773063049271,80.25828532341649,3.3060250465580108,40.58277970279994,297,5614.69475458814,261.57546324430007,5901,49.09663827582856,5,3.789120046035416,60.3010999840804,0,66.26438260055798,2020,5,22,3,67.17192822856873,45.96263048796567,72428.61944375391,1.1113962325515236,1,0.0008473140145738011,33.73561739944202,59.62264461561957,0.14200000000000002,8.37799155424068,0,131.96664142480742,False,False,True,False,True,False,False,1,False,False,True,False
23529829,28860567.75313626,5330738.753136259,252,233.3167364729866,-18.683263527013395,0.1316759461393029,0.4270424140413265,259.1102608003242,38.19607916881656,69.71703393490813,260,8494.156190898084,212.04900844115303,7798,45.52482958741719,2,7.667313323590208,77.28656636953164,0,81.79341062281394,2020,5,22,4,-18.683263527013395,22.655237966821854,123696.94600317595,0.9258600653689945,1,0.00025647601949217746,18.206589377186063,88.34316726925229,-0.40700000000000003,36.40611607766739,0,136.3739339311174,False,False,False,True,True,False,False,2,True,False,False,False
15557759,15871546.719610931,313787.7196109313,767,772.719491078829,5.719491078829037,1.759715102065908,4.547218320183156,419.3311283670786,-8.95261248991395,28.077990079657976,88,22626.26489798777,923.3905425556334,1473,54.38465037629551,4,1.2224294144963497,69.55211460947345,0,41.48229592421946,2020,5,22,5,5.719491078829037,2.016921072057559,20539.855539882836,1.0074569635969088,1,0.0027155465037338763,58.51770407578054,41.17525355734882,0.945,29.281343565435638,0,40.93761327692321,False,False,False,False,True,False,False,0,False,False,False,True
23414241,29737728.92346533,6323487.923465334,380,431.4256569028472,51.42565690284715,0.5493023332535196,0.968119048977304,326.54345819959195,30.285004602355137,48.47665039497946,180,11928.845802455777,226.24049211325203,1567,46.001085401459335,7,9.128055545849229,78.64966391266111,0,52.61472880632362,2020,5,22,6,51.42565690284721,27.00701647115245,68928.97640105343,1.1353306760601243,1,0.004467134652201659,47.38527119367638,46.34308745088226,-0.21400000000000002,27.649829377537543,0,95.62849649920038,False,False,False,False,True,False,False,2,False,False,True,False
10004471,13463305.715902548,3458834.7159025483,701,1029.536140965858,328.53614096585807,0.5018628236353593,2.0814246427217737,424.47310417810326,41.32122716427592,79.35801853188133,207,21956.88227665869,583.8836175889112,8966,81.51460159717371,5,1.6372316234162954,99.84127184056202,0,80.69205393875728,2020,6,23,0,328.53614096585807,34.572889620076346,13077.059833248753,1.4686678187815378,1,0.0005576622797233995,19.307946061242717,54.94234496518243,-0.20399999999999996,21.326966002436656,0,119.00377370884719,False,False,False,False,False,True,False,0,False,False,True,False
16723723,22455786.35000085,5732063.350000855,684,673.5480956756608,-10.45190432433924,1.4984672608095244,2.2442568282600157,272.3052517696875,26.145871390203425,45.73606322413758,84,33268.217202965985,633.7953596009481,3258,41.74239413255316,1,4.388411758101644,92.95090771853842,0,30.27958536958978,2020,6,23,1,-10.451904324339239,34.27504360124149,33339.54396749445,0.9847194381223111,1,0.0003069367710251688,69.72041463041022,30.749454308861505,0.6649999999999999,49.3924894399611,0,55.1645803843023,False,False,False,False,False,True,False,1,False,True,False,False
4765056,5779390.680780321,1014334.6807803214,867,1177.480941876204,310.48094187620404,0.7080306148660442,2.9950552210678376,103.30776729251684,14.146608418924636,61.37667663749298,299,29625.68425456776,589.1405119377704,9120,77.06443003749987,6,1.7298066549572573,50.38353996448944,0,29.541873514458864,2020,6,23,2,310.48094187620404,21.28694145001279,4908.266856167889,1.3581095062009274,1,0.0006578947368421052,70.45812648554113,21.752202881708016,0.8220000000000001,25.160224001045865,0,142.25698551692528,True,False,False,False,False,True,False,0,False,False,True,False
4325315,4070446.815368589,-254868.184631411,218,210.4156761502097,-7.58432384979028,1.0614849155824897,0.3586767187371248,56.137930626146485,-7.531544094000509,55.264141060724384,234,15402.91474118274,189.1507907943892,5310,48.44246984953445,7,7.920710587930364,52.52778547686949,0,63.03096908470303,2020,6,23,3,-7.584323849790309,-5.892476839985319,19344.788800159615,0.965209523624815,1,0.0013182674199623352,36.96903091529697,65.3028876548919,0.562,73.20231564014766,0,107.91977909001717,False,False,False,False,False,True,False,2,False,False,True,False
48715952,54691828.85708464,5975876.857084639,239,355.81233659790905,116.81233659790904,0.4087710240651669,1.1337930870025796,186.44879602336604,40.60625973274458,65.21660717784314,206,20472.01210664386,386.91852557549606,2982,96.70968743067382,3,2.2718347606248117,80.50397200656224,0,49.24511474660803,2020,6,23,4,116.81233659790905,12.266776305807674,153709.7599819591,1.488754546434766,1,0.001006036217303823,50.75488525339197,33.07806170233976,0.07,57.53598175483881,0,114.14686007317633,False,False,False,True,False,True,False,0,False,True,False,False
15067121,21884390.04148622,6817269.041486219,757,854.630213895369,97.63021389536902,1.9235168707777413,4.65745193459463,364.0957121740066,15.866292248036617,88.10260725713864,227,32631.40393018928,146.14329921683793,2096,95.98564438659125,0,8.962812192362119,81.31280405661491,1,95.40071227318916,2020,6,23,5,97.63021389536902,45.24599650780145,25606.852748322668,1.1289698994654809,1,0.0,4.599287726810843,84.50244095821981,1.158,38.18189832238284,1,121.9906698515526,False,True,False,False,False,True,False,2,False,True,False,False
6217092,7775526.384756968,1558434.3847569684,500,682.5703616697167,182.5703616697167,1.718004660032751,4.542050536342847,405.6169567737622,-8.40517906152286,23.90148685509815,239,43738.47626195519,456.1029226866844,7610,53.53018615125776,1,5.771997879323735,93.90954220379967,0,42.132748868612026,2020,6,23,6,182.5703616697167,25.066934585445548,11391.538252168357,1.3651407233394335,1,0.00013140604467805518,57.867251131387974,30.863300865822893,0.954,64.07907333532809,0,100.2488923380726,False,False,False,False,False,True,False,2,False,False,False,False
42819037,52367646.537928976,9548609.537928976,614,678.8105549076209,64.81055490762094,1.7412002836335063,3.906453237028461,183.08877557914823,27.940158923081903,60.17730622511408,101,38894.604743249474,269.7390381444328,4570,76.86527789338177,3,9.536255375098564,81.45285872609128,0,78.36000431561496,2020,6,24,0,64.81055490762094,22.299916595342808,77146.18778291636,1.105554649686679,1,0.0006564551422319475,21.639995684385042,70.87845393967875,1.332,57.298173197296,0,66.8352395444588,True,False,False,False,False,True,False,2,True,False,False,False
38375319,40728190.72721266,2352871.72721266,815,1040.4300809306576,225.4300809306576,0.8728701222868098,0.0970062280910771,273.04426439746123,16.5010489466942,80.41201454751993,167,29903.001207503672,605.4692799559418,7497,41.68031916834751,6,3.613248215273758,61.38572692578711,0,62.47834691176322,2020,6,24,1,225.4300809306576,6.131210862931615,39145.533634303974,1.2766013262952853,1,0.0008003201280512205,37.52165308823678,48.941157763854314,-0.10700000000000004,28.74100024170355,0,95.87391904826424,True,False,False,False,False,True,False,1,True,False,False,False
24429562,27387233.23976106,2957671.2397610582,855,868.0042514716389,13.004251471638897,1.5484863060436282,1.6350338424805106,239.50350699533672,-3.16100754066741,53.69678982238992,63,21303.18492424188,723.5275544641905,4646,95.90731258307044,1,5.088845366905519,73.42581138518254,0,14.911848275470865,2020,6,24,2,13.004251471638895,12.10693519499473,31551.95748560905,1.015209650844022,1,0.00021523891519586742,85.08815172452914,14.688442198193739,0.651,24.542719564015798,0,40.36073468451675,False,False,False,False,False,True,False,1,False,False,False,False
3846274,5527894.43022691,1681620.43022691,587,579.7286029963902,-7.2713970036097635,0.3733646952405822,3.139793676714539,234.73525295814247,1.7849495120642764,25.4969030159101,212,21427.307489381245,578.9078741842359,3419,71.37923849150258,5,7.248222660966201,90.44927003355944,0,17.59469932085036,2020,6,24,3,-7.2713970036097635,43.72076534919015,9535.314286125244,0.9876126115781776,1,0.0014624159110851126,82.40530067914963,17.815385419931523,0.37400000000000005,36.960928576978745,0,92.98455575839232,False,True,False,False,False,True,False,2,True,False,False,False
47782538,62111461.7364281,14328923.736428104,565,826.5037433135965,261.5037433135965,0.1163761049243825,1.3759510588673785,154.1069209400677,-6.453012574928455,59.23775466917396,205,44573.77896189782,490.8130269502562,5279,42.59338908506674,1,8.487219813138644,96.14124822991856,0,28.28408393709912,2020,6,24,4,261.5037433135965,29.987782851610135,75149.64359073862,1.4628384837408788,1,0.00018942981625307822,71.71591606290087,19.335069627624897,0.03500000000000003,53.930522786495594,0,97.83542262827365,False,False,False,False,False,True,False,2,False,False,True,False
47338604,64969025.19249966,17630421.19249966,850,1233.000111731261,383.0001117312611,0.1379485718982534,4.547933475268887,111.36699726325628,21.586144683971547,43.24517235766743,235,6765.960921824588,448.6000787710232,1673,60.54999958048825,6,4.792213789710461,61.84575594833546,0,22.88373605641234,2020,6,24,5,383.0001117312611,37.24322160513998,52691.82425399488,1.45058836674266,1,0.0035863717872086074,77.11626394358765,15.77548571397857,0.783,5.487396844047703,0,113.4493951124917,True,False,False,False,False,True,False,2,False,False,False,False
40542531,47540465.93965712,6997934.939657114,748,1071.4960603675415,323.4960603675416,1.2145433010686648,3.169447309162209,138.5098512040459,24.211621358860505,30.845924973655517,79,49459.21899891174,857.5225912873034,3802,44.61096771167405,1,9.031892844944478,76.9802367506663,0,39.64343406799984,2020,6,24,6,323.49606036754153,17.260725384059327,44368.30679839357,1.4324813641277294,1,0.0002630194634402946,60.35656593200016,27.674659552824014,1.0499999999999998,46.15903018994431,0,48.1172638997548,False,False,True,False,False,True,False,2,False,False,False,False
24846553,31757580.26479204,6911027.264792036,257,327.7418380156887,70.7418380156887,0.9652503199710876,0.359533586582228,74.89957422350574,17.81582640954944,79.4324159298431,139,34896.893488320304,297.431258558743,8312,63.5766663624016,2,2.0618848749195573,57.946377508520136,0,62.10900243988212,2020,6,25,0,70.7418380156887,27.814833167369496,96898.1575775255,1.2752600700999561,1,0.00024061597690086623,37.89099756011788,48.70300881843964,0.463,106.47677360816479,0,84.77447270181776,False,False,False,True,False,True,False,0,True,False,False,False
34268890,35949099.339494415,1680209.3394944146,373,516.5904256702031,143.5904256702031,1.0842291629261875,4.545027944178515,139.1588338206097,34.94061731514382,56.51196590937851,184,35651.196458257575,760.796505575982,3369,80.19558052967938,8,7.378162469290859,74.84998494637847,0,64.21262887066476,2020,6,25,1,143.5904256702031,4.903016524592465,69589.17074944921,1.3849609267297671,1,0.0023745918670228555,35.78737112933524,46.36421694746764,1.2220000000000002,69.01249943222463,0,101.0357749673567,True,False,False,False,False,True,False,2,False,False,False,True
25649133,33940894.89733894,8291761.897338942,464,436.8198832361268,-27.18011676387323,0.1141799667927168,4.788833290881112,54.14040393142076,37.35548517194075,85.32934886653467,216,6709.902678713397,781.7340922661072,5530,68.19339448248638,3,4.133790839922944,54.50570603747505,1,62.89910066464659,2020,6,25,2,-27.180116763873173,32.32764981700918,77699.9770383435,0.9414221621468251,1,0.00054249547920434,37.10089933535341,66.81285314253817,0.959,15.360799579460306,1,123.20545021154263,False,False,False,False,False,True,False,2,True,False,False,False
17159082,19845521.60899496,2686439.608994957,706,777.2166381448917,71.2166381448917,0.9031045773491088,0.3885620919586274,332.26628028619024,23.859341817571966,76.42115532221484,144,32248.81737010725,477.28000654366105,2066,63.02333048316727,4,1.9120193571933728,97.08640349752372,0,20.584777116983865,2020,6,25,3,71.2166381448917,15.65608002220026,25534.09260044081,1.1008734251344074,1,0.001936108422071636,79.41522288301613,18.698586637669663,-0.14500000000000002,41.492700731524096,0,87.68414914193605,False,False,False,True,False,True,False,0,False,False,False,True
34931226,40713297.83596814,5782071.835968137,703,765.0199780225686,62.01997802256858,1.4643295062816355,2.6618011743065746,192.3689333244573,-9.29839361609132,68.50802556415672,118,26815.012704070115,367.5705393030754,6432,47.14942273242789,8,4.479981011218035,81.90282291413078,0,64.02028697744464,2020,6,25,4,62.01997802256858,16.55273088888474,53218.60736395967,1.0882218748542938,1,0.0012437810945273632,35.97971302255536,58.83017834576847,0.9319999999999999,35.0513888191284,0,64.96288958441963,False,False,False,False,False,True,False,1,False,False,False,False
17213225,22198061.262278937,4984836.262278937,792,1014.8586569918816,222.85865699188173,0.941118033738128,1.5168214110708522,487.9151201421089,28.23763106612546,20.351785235571835,212,9760.050810233017,523.4873374413777,9073,54.696342741619375,6,8.921940620370112,92.71083708568386,0,46.87721981716465,2020,6,25,5,222.85865699188162,28.959339474612904,21873.057010791712,1.2813871931715677,1,0.0006613027664499064,53.12278018283535,36.58318115474419,-0.22299999999999998,9.617152835018969,0,99.3768248905092,False,False,False,False,False,True,False,2,False,False,False,True
21655666,31655567.652482104,9999901.652482104,335,373.0475124675987,38.04751246759872,1.4912164919932225,1.964195382407012,137.17267284933405,12.989956930619336,49.94764196467749,291,17506.490484621158,183.89253330342865,1687,46.008597264301066,7,9.82480484159776,99.91475870909532,1,91.27473987274544,2020,6,25,6,38.04751246759872,46.1768372881356,84856.66461917922,1.1135746640823843,1,0.004149377593360996,8.725260127254558,81.96553209834232,0.9199999999999999,46.92831314923108,1,135.28127966858906,False,False,True,False,False,True,False,2,False,False,True,False
34187633,32081804.992515795,-2105828.007484205,519,513.3450118038422,-5.654988196157774,0.542736032353986,0.8982560897767095,205.6228566393173,21.105661577451286,33.82403971564226,288,45064.15052961431,141.33702900618098,1068,88.44992389939964,2,4.535198713904343,59.13329973526891,0,92.0785776496925,2020,6,26,0,-5.654988196157774,-6.159619203482748,62495.60092107176,0.9891040689862085,1,0.0018726591760299626,7.921422350307495,93.09291159227492,0.039000000000000035,87.7853090872812,0,131.67891038792806,False,False,False,True,False,True,False,1,False,True,False,False
4033349,5625900.486966189,1592551.486966189,304,382.3955945554304,78.39559455543042,1.6449698085152784,2.890360510062062,211.02852138868997,25.699433111038644,83.75585377342074,176,29749.47871396788,200.4428795067026,7774,48.11438967908335,3,8.977747490257375,84.70717074798243,0,79.13564440154555,2020,6,26,1,78.39559455543042,39.48459424082044,14712.252356115161,1.2578802452481264,1,0.00038590172369436584,20.864355598454452,62.91190651931691,1.0429999999999997,77.7976502280429,0,103.23658606533782,False,False,False,True,False,True,False,2,False,False,False,True
27687290,29775738.581450645,2088448.5814506449,459,637.381331752265,178.38133175226506,1.2180193568615594,4.789896766244453,53.80317322810724,9.263013787989223,32.22087892734522,101,23603.745882825893,268.4305283160036,1419,75.72240199293361,6,5.5868897461769045,94.3493146753429,0,73.27964359893018,2020,6,26,2,178.38133175226506,7.542986624731582,46715.736872293215,1.388630352401449,1,0.004228329809725159,26.72035640106982,52.771166547096506,1.558,37.03237717668221,0,52.84516781460034,False,False,True,False,False,True,False,1,False,True,False,False
28646076,33411398.659000948,4765322.659000948,801,904.5485514374632,103.54855143746316,0.5004498889168219,2.515363001358045,427.6435788677565,40.44041778444869,40.02420361614999,191,8270.697012836492,553.7591383042387,7891,60.56442481533075,3,7.453135338975473,78.7969083705895,0,20.345744558572573,2020,6,26,3,103.54855143746317,16.63516727038268,36937.09818660947,1.129274096675984,1,0.0003801799518438728,79.65425544142742,18.016657442564416,-0.10799999999999998,9.143452830357326,0,100.53938642017961,True,False,False,False,False,True,False,2,False,False,True,False
24184270,22083817.71581615,-2100452.2841838486,837,819.7253487224575,-17.27465127754249,0.5497689041222825,0.4145729069724058,64.39750706494613,-2.631382328762034,56.178573741414944,112,37135.46873310376,864.22297254501,6593,53.55870307931101,1,1.4083428004644087,81.98481891832805,0,17.62247904280275,2020,6,26,4,-17.27465127754249,-8.685200273499463,26940.508488890573,0.9793612290590891,1,0.00015167602002123465,82.37752095719725,17.993849991114473,0.28200000000000003,45.30233058057728,0,60.864157423795874,False,False,False,False,False,True,False,0,False,True,False,False
15930164,17214575.634874422,1284411.634874422,853,868.3650193847028,15.365019384702803,1.2932578826821204,3.100006667387042,473.0809256281586,26.93314940045706,38.43545332986555,85,36628.28705282147,312.0780987997183,7104,78.36810636952623,9,6.01580774785621,70.38355447585687,0,85.67503218226773,2020,6,26,5,15.365019384702805,8.062764670058776,19824.123785032418,1.0180129183876938,1,0.001266891891891892,14.324967817732272,84.15908151534849,0.3330000000000001,42.180749149447735,0,53.61058081909678,False,True,False,False,False,True,False,2,False,False,True,False
35337309,42460559.420324944,7123250.420324944,307,320.04442481220053,13.044424812200532,1.6768852271036423,1.7011149722562853,451.4334579921293,-9.760223102388077,34.69052740953848,140,32631.96231376536,941.6458096721004,4892,67.42013856261644,5,1.6314574258989138,83.73804168582569,0,48.43142348117096,2020,6,26,6,13.044424812200532,20.15787455780785,132670.8298238298,1.0424899831016303,1,0.0010220768601798855,51.56857651882904,46.45744732920803,0.2779999999999999,101.96072727376374,0,63.479091292145114,False,False,False,False,False,True,False,0,False,True,False,False
22680041,21176482.34247545,-1503558.6575245485,493,532.4097080077838,39.40970800778382,0.8896927858553948,4.2796259479564895,290.9848622386836,40.85581079728495,61.93695275719267,201,27961.819079929213,959.417118041503,1439,64.00872803707355,8,3.4175616138441938,69.77889573480618,0,50.62260476808515,2020,6,27,0,39.40970800778382,-6.629435359153665,39774.786266981166,1.0799385557967218,1,0.005559416261292564,49.37739523191485,46.87544906732074,0.706,52.519363676817875,0,111.2378290663433,False,False,False,False,False,True,False,1,False,True,False,False
41622564,49724705.65582648,8102141.655826479,511,656.9809686172345,145.98096861723445,0.5907708153424251,2.173390741582351,294.6180087100814,-3.8122726719049673,26.225066592851668,217,24520.29809933177,963.0141443606848,2208,75.57112029353328,1,6.101328932818108,73.83098190757242,0,86.30137810117273,2020,6,27,1,145.98096861723445,19.4657437629899,75686.67591769577,1.2856770423037855,1,0.0004528985507246377,13.69862189882727,67.12523850198848,0.129,37.32269163129687,0,93.52383817628402,True,False,False,False,False,True,False,2,True,False,False,False
32590521,47460479.95148027,14869958.95148027,329,414.7266386477457,85.72663864774569,1.7473220531301408,0.964198044711228,344.2000653302704,-4.781367341883395,24.07174311046473,206,31697.19918445965,853.8064612086914,3563,69.47605770940004,0,8.264473897795124,55.14558713114124,0,65.92878631547094,2020,7,27,2,85.72663864774569,45.626637731505646,114437.98282702439,1.2605672907226313,1,0.0,34.071213684529056,52.30088611745327,0.381,76.42913724522562,0,88.18711273057441,False,False,False,False,False,True,False,2,False,False,False,True
30051004,28946206.81135832,-1104797.1886416825,633,834.0711314231615,201.07113142316155,1.3716097543265864,0.9555281134557247,224.17250537069916,8.315419817873433,46.057170663025,102,15502.795327778302,427.4425367179485,8466,58.209052513093646,7,6.048042794235196,50.39042000901908,0,26.14665168118951,2020,7,27,3,201.07113142316155,-3.676406913531669,34704.72208043923,1.3176479169402235,1,0.0008268367587999055,73.85334831881049,19.843428085027423,0.4590000000000001,18.586898339624994,0,57.11177714426954,False,False,True,False,False,True,False,2,False,True,False,False
48339044,65676539.99390031,17337495.993900307,215,240.2627560045652,25.262756004565176,0.9513624258378454,3.8438209036058018,341.250027529035,10.546145732149434,70.44651181555037,158,47356.657887994144,165.41551990236076,2253,73.54367726591511,0,9.42572387003689,52.75755620694734,0,28.991190608862446,2020,7,27,4,25.262756004565205,35.86644368453026,273352.97857256077,1.1175011907189079,1,0.0,71.00880939113756,25.942872231046046,0.559,197.10361553954007,0,87.49779726430994,False,False,True,False,False,True,False,2,False,False,False,False
12999401,14894747.88055616,1895346.8805561608,864,1204.7603827345808,340.76038273458084,1.0270103710306735,1.3279379915367997,70.1457749098191,1.7865039777583238,58.83647307917636,199,31495.75381311033,611.9368585898454,4209,80.16991459304168,0,8.29299256818252,59.626082046880086,0,10.57394521313513,2020,7,27,5,340.76038273458084,14.580263202559568,12363.245085091417,1.394398591127987,1,0.0,89.42605478686487,7.5831582736909,0.708,26.14275358359714,0,97.78689311708041,False,False,False,True,False,True,False,2,True,False,False,False
7299492,9439003.972668411,2139511.972668413,599,612.4491054193802,13.449105419380205,0.4880872890791531,3.836166970796115,74.32143230737695,22.18169135099185,49.60135279267452,121,19003.659995946942,602.8132995435103,4549,41.60158951521126,2,2.406161314945924,72.83019097975327,0,73.96030845474084,2020,7,27,6,13.449105419380203,29.31042287146025,15411.899354812454,1.0224525966934561,1,0.00043965706748735987,26.03969154525916,72.33617352425293,0.927,31.02896196237238,0,69.93491324309991,False,True,False,False,False,True,False,0,False,False,False,True
23576162,24899773.915457185,1323611.9154571854,201,237.46631415068936,36.466314150689385,1.2909249971232035,1.0294365538329968,255.75368882879496,14.360275392307996,59.60260949572077,64,25235.59328983208,864.978190398636,1614,67.95230373446051,4,4.500626370651436,51.04970354257269,0,53.70504926450366,2020,7,28,0,36.46631415068936,5.6141958791137645,104856.02559888347,1.1814244485108922,1,0.0024783147459727386,46.29495073549634,45.457878692281454,0.33699999999999997,106.27020249203973,0,47.78886546640863,False,False,False,False,False,True,False,1,True,False,False,False
29465797,29338957.27866862,-126839.72133138032,385,531.5168446760704,146.51684467607038,0.7816107700314884,1.608431843506547,297.3300354977157,-8.120342602740191,45.58160392572916,162,41255.81549946016,996.3919458514948,4078,43.46099707501263,8,7.01636884576101,57.796831957711625,0,95.49675215533286,2020,7,28,1,146.51684467607038,-0.43046424751850526,55198.54652310984,1.380563232924858,1,0.00196174595389897,4.503247844667143,69.17231306603296,0.1060000000000001,77.61901793461176,0,76.03837839689669,False,False,False,False,False,True,False,2,False,False,False,True
40483075,40332379.52894288,-150695.47105712444,818,824.6218643071695,6.621864307169517,1.991725835681264,2.327434862198497,449.5179381511185,7.580863424041535,85.5302434802479,118,12272.722732863383,557.3415759041328,4490,51.18432484408666,9,9.445654284483613,89.07223019422193,0,74.26115211234412,2020,7,28,2,6.621864307169517,-0.37224314372640166,48910.150548614576,1.0080951886395715,1,0.0020044543429844097,25.73884788765588,73.66482148631206,0.5709999999999998,14.882849053698903,0,75.13333207128684,True,False,False,False,False,True,False,2,False,False,True,False
46024017,43368208.8027859,-2655808.197214097,535,516.7660595107914,-18.233940489208635,1.0123486789975868,4.715979248467254,97.09728525855331,34.573810246524374,23.843342363754203,165,18177.60301071172,410.6836279358058,4543,73.63052404467838,1,9.889442818702038,88.10832791310236,0,19.283739468991,2020,7,28,3,-18.233940489208635,-5.770483261411312,83922.32424056919,0.9659178682444698,1,0.00022011886418666079,80.716260531009,19.964160621687938,1.317,35.17569057828599,0,83.52514578308357,False,False,True,False,False,True,False,2,False,True,False,False
44279132,44783383.77101231,504251.77101231366,619,885.3002255993194,266.30022559931945,1.0231826517602651,4.658657123769123,420.1915672372502,27.93358441740277,67.13740353208846,241,35577.86102314499,267.3115404006403,9102,91.97133491593485,0,7.868677941665265,89.486514583775,1,24.538731394534253,2020,7,28,4,266.30022559931945,1.138802294074585,50585.532993279674,1.430210380612794,1,0.0,75.46126860546575,17.157427835211408,0.579,40.18733983611033,1,124.92129638484737,False,True,False,False,False,True,False,2,False,False,False,False
31732364,41205478.38019565,9473114.380195647,275,304.08339435526733,29.08339435526733,1.175118396080277,1.034359377111439,144.5213017814313,29.867896946893424,82.38978653794254,53,19197.01429170008,104.31984233563368,2900,92.96834075130909,0,6.163923750214275,96.0770471598387,0,55.155218210499335,2020,7,28,5,29.08339435526733,29.853163099338097,135507.163972441,1.1057577976555175,1,0.0,44.844781789500665,49.88001742103213,0.563,63.13075507593087,0,54.87730504545079,False,False,False,True,False,True,False,2,True,False,False,False
35404782,50593942.14225961,15189160.142259613,343,449.4404717062788,106.4404717062788,1.8418364059256187,1.791095206215364,227.33764182951435,28.396430824593796,76.27192961146774,124,40662.57568376597,558.2023232399913,6680,44.19664060831788,7,7.809487207641927,55.95355003672596,0,93.23867517964592,2020,7,28,6,106.4404717062788,42.90143671061048,112570.9528342701,1.3103220749454192,1,0.0010479041916167664,6.761324820354076,71.15706661931169,0.8700000000000001,90.4737740448529,0,81.00050813081846,False,False,True,False,False,True,False,2,True,False,False,False
48069821,66743764.48672166,18673943.486721657,327,299.27339615658474,-27.726603843415266,1.6215543897335256,0.7469969422688616,192.47109567233585,7.1035161760668295,32.88287243750127,195,10870.406922981238,599.9668000323361,7751,65.1463051772024,9,3.4591277751755296,58.15699381139415,0,32.25259808954034,2020,7,29,0,-27.726603843415262,38.84754113546971,223019.37072883092,0.9152091625583632,1,0.001161140498000258,67.74740191045966,35.24068530889908,0.6020000000000001,36.32266370009602,0,89.99591658407043,False,False,False,True,False,True,False,1,True,False,False,False
46148268,60504098.248849645,14355830.248849643,709,931.64594632938,222.64594632937985,0.9571471326158988,2.549925396567485,230.06987278942955,-4.518484285777326,40.71484442862018,91,39320.87767045738,842.4446318356577,6862,74.98038898027308,9,3.5524272453366943,66.67768073006572,0,84.30221817211952,2020,7,29,1,222.64594632937997,31.10805859246905,64943.2313715651,1.31402813304567,1,0.0013115709705625181,15.697781827880476,64.15556566260331,0.5700000000000001,42.20581630326295,0,47.25890804285285,True,False,False,False,False,True,False,1,True,False,False,False
9556255,9233818.528129,-322436.4718709998,473,515.4095522170302,42.40955221703018,1.4655286053483123,2.3029127534733327,117.7229741326635,4.98569512182028,70.19335570949733,290,8075.82716827548,554.1192711035205,2712,48.82419427302061,9,6.889144115460909,95.75705994904548,0,38.10451781221076,2020,7,29,2,42.40955221703018,-3.3740881953338393,17915.49746877954,1.0896607869281822,1,0.00331858407079646,61.89548218778924,34.969155786205384,1.0319999999999998,15.66875726989803,0,138.55371524939528,True,False,False,False,False,True,False,2,False,True,False,False
34989909,37562103.557902604,2572194.5579026043,374,349.1082475450219,-24.891752454978075,1.213847447683447,4.503800812253662,276.60653348159974,35.74819151018376,25.89893914265359,79,5566.667570037265,924.8215137994508,3329,85.9259330046863,1,8.846520187599193,88.77388715029724,0,34.29074706002003,2020,7,29,3,-24.891752454978075,7.351246777756994,107594.43187620051,0.933444512152465,1,0.00030039050765995795,65.70925293997996,36.73571017193909,0.953,15.945391176469908,0,50.0941391958512,False,False,False,False,False,True,False,2,False,False,False,True
44626563,48459276.323646784,3832713.323646784,842,1065.8774071341086,223.87740713410855,1.035497392532373,4.650026888955363,410.7391654241153,43.92589387806891,76.83031898828088,192,45420.058347447295,665.2751289142919,2194,84.65411550623432,8,9.728285402587185,66.20606361661598,0,91.12534743974462,2020,7,29,4,223.87740713410858,8.588412519348138,45464.2119246549,1.26588765692887,1,0.0036463081130355514,8.874652560255385,71.9853353028348,0.605,42.612835250510706,0,113.02686385990495,False,True,False,False,False,True,False,2,False,True,False,False
49786500,52274538.907095104,2488038.9070951045,659,688.3138288753327,29.31382887533266,0.465399968290266,1.9178369550364605,248.6903046705036,17.161585810785873,70.32348612233532,119,31160.26476195344,856.3026143989748,7781,94.20046082240768,8,4.072011407480964,54.381790889136745,0,14.25174328653875,2020,7,29,5,29.31382887533266,4.99741678385728,75945.7920415588,1.0444822896439039,1,0.0010281454825857858,85.74825671346125,13.644791709582368,0.1170000000000001,45.27043254799575,0,73.84552157993636,False,False,False,True,False,True,False,1,False,False,True,False
40206376,48609645.11785031,8403269.117850311,302,341.88947225980064,39.88947225980064,0.9814789005642928,2.4586897150949474,270.7761091541896,-9.466480479232676,71.07246544647398,232,20832.21036890652,233.4715613269724,9162,40.50916072500658,1,8.168982607911882,80.81900130744171,0,69.46669348604595,2020,7,29,6,39.88947225980064,20.900339582583396,142179.41487508573,1.132084345231128,1,0.00010914647456887143,30.533306513954045,61.36176494151903,0.45399999999999996,60.932588041424665,0,111.28179549017241,False,False,True,False,False,True,False,2,False,True,False,False
30362480,37082677.195924655,6720197.195924655,579,549.0937741883348,-29.906225811665195,0.5670553153428918,4.4811812457306655,431.9454133765914,-2.297535332617403,27.0168959187314,230,15466.758663373268,869.8025172720833,5906,53.00105463934016,2,8.663777247587443,62.84095829028261,1,13.88507628531008,2020,7,30,0,-29.906225811665195,22.133228892780348,67534.32462558862,0.9483484873719081,1,0.0003386386725364037,86.11492371468992,14.641322752344784,0.281,28.167790986587097,1,99.4158081758342,True,False,False,False,False,True,False,2,False,True,False,False
5327308,5935322.106370114,608014.1063701138,878,867.7256006768172,-10.27439932318282,1.838200084718144,4.033539038725308,367.72615158711386,7.714431642394619,70.24323813713616,65,32759.860246736724,707.6294689994636,2378,89.6312028547193,1,6.608559187282535,76.55762829842766,0,82.06874079144023,2020,7,30,1,-10.27439932318282,11.413158510266609,6840.091040002303,0.9882979506569671,1,0.00042052144659377626,17.931259208559766,83.04048464016886,0.9830000000000001,37.75370949201495,0,49.38730093385924,False,False,False,False,False,True,False,2,False,False,True,False
45903073,51056771.44805232,5153698.448052324,631,680.7141813587265,49.71418135872648,0.7372729456430591,0.0182815567232463,270.7044838339031,21.822194172612235,67.58726876539791,160,27905.09825915322,253.2097291944975,1749,80.23480304961612,5,4.128326940067867,97.09016798004885,0,84.64639194599559,2020,7,30,2,49.71418135872648,11.22734952418614,75004.71247145378,1.0787863412975063,1,0.002858776443682104,15.353608054004411,78.46446391246246,-0.185,40.993854723951515,0,90.82283888140304,False,False,False,False,False,True,False,1,False,True,False,False
24729530,34550451.30905183,9820921.309051828,840,801.2387882823192,-38.7612117176808,1.9093016276134076,1.6002978209179126,165.96304168513086,-5.869849480707732,78.16457435752955,153,49621.89989884933,270.7872023314098,6292,93.66339122190944,6,6.571797087464209,78.63086226571673,0,90.40209171936858,2020,7,30,3,-38.761211717680794,39.71333587436489,43121.291448109296,0.9538557003360943,1,0.0009535918626827717,9.597908280631415,94.77543792789108,1.0,61.93147489180827,0,82.88841746304654,False,False,False,True,False,True,False,2,False,False,False,True
45771670,62870854.071989216,17099184.071989216,283,409.3582997437363,126.35829974373632,1.1128050511799512,2.108871209680629,448.217036080235,41.88465142904349,22.911716937952864,250,49244.71939941856,933.8505571397992,1300,43.43077927181599,5,6.260040138803615,96.19172182116822,0,26.748105543465435,2020,7,30,4,126.35829974373632,37.35757089918112,153583.92418413697,1.446495758811789,1,0.0038461538461538464,73.25189445653456,18.4916584653089,0.06699999999999995,120.29735180707561,0,119.4389105100989,True,False,False,False,False,True,False,2,False,False,False,False
13633010,14787419.190757154,1154409.1907571536,641,579.225692808558,-61.77430719144195,1.2999343194847046,1.148581418416159,309.65918076075127,10.07960203064204,21.617746792745454,156,33576.10547637243,128.9938244053356,5695,75.81783794298657,2,6.458729552168418,69.65193929974377,0,21.20483403337604,2020,7,30,5,-61.77430719144195,8.46774990084474,25529.632705095828,0.9036282259103869,1,0.0003511852502194908,78.79516596662396,23.46632544818153,0.266,57.967223990994114,0,71.90920464701625,False,True,False,False,False,True,False,2,False,False,True,False
24442985,35400116.83606045,10957131.83606045,897,1067.7135697927724,170.71356979277243,1.1315868445297228,0.9978580794796936,149.51642454981203,40.19213198586527,46.11049699149925,172,24929.172774765077,516.2814489661355,5624,74.14279449362044,2,6.573341924089493,81.66756686443853,0,55.31815419023203,2020,7,30,6,170.71356979277243,44.827306632395555,33155.06877273377,1.1903161313185868,1,0.00035561877667140827,44.68184580976797,46.473497867287314,0.5200000000000001,23.348183895052927,0,94.69078869320936,True,False,False,False,False,True,False,2,True,False,False,False
41093087,60476244.53315428,19383157.53315428,889,865.840194167903,-23.15980583209705,0.3458231722367316,0.1889225329783983,171.10388868710464,32.928699151636195,30.4151798694407,211,27101.343611059798,382.1277609406914,4837,42.14046498163194,1,8.623523717845256,94.6944986973482,1,34.44693594040504,2020,7,31,0,-23.15980583209705,47.16890102015037,69846.88969224127,0.9739484748795308,1,0.0002067397146991937,65.55306405959496,35.36833500834408,-0.13299999999999998,31.30063006269299,1,103.40316370632307,False,False,False,True,False,True,False,2,False,False,False,True
26291884,28817101.807751376,2525217.807751376,575,623.6492858698923,48.64928586989231,0.8140603161150878,3.2168486253488027,411.4098900213107,31.549049988356963,59.08691342991553,76,35711.55798065879,698.5696959985853,1277,70.81132461474901,1,2.5307336194059733,79.39936558045692,0,64.56677250223586,2020,7,31,1,48.64928586989231,9.604552521802455,46207.22329146272,1.0846074536867691,1,0.0007830853563038371,35.433227497764136,59.53008370241435,0.2290000000000001,57.262244645797686,0,57.59078902548175,False,False,False,True,False,True,False,0,False,False,False,False
31596658,35156178.536209,3559520.536209002,516,751.108039719735,235.10803971973496,0.2883776133274854,1.3125514524158284,69.86550293935495,23.369576888022763,84.21442310547242,62,9570.854490592164,855.6664488120928,4917,76.57121867859546,4,4.3056455285365125,80.74493385135521,0,56.237256151368165,2020,7,31,2,235.10803971973496,11.265496927583298,46805.754534763095,1.4556357358909593,1,0.0008135041692088672,43.762743848631835,38.634154661603375,0.312,12.742314000744006,0,57.07519999804856,True,False,False,False,False,True,False,1,False,False,False,True
23745849,28575291.4538404,4829442.453840397,778,775.679017468297,-2.3209825317029527,1.2836126839484254,0.2617358921565654,496.441484162969,24.47310993785145,47.4035811233811,277,19775.84332148232,424.3403094009126,8307,51.47759045212644,7,6.274015546156403,85.81539910406121,0,23.03668992028841,2020,7,31,3,-2.3209825317029527,20.33804920531753,36839.067204764644,0.9970167319643921,1,0.0008426628144938004,76.96331007971159,23.105620178409556,-0.31799999999999995,25.49487980998607,0,132.36300731836977,False,False,False,True,False,True,False,2,False,False,False,True
47267888,69231975.0967864,21964087.096786395,321,474.9193047777509,153.91930477775088,0.949060970880834,1.1548965526403183,108.65825587165632,25.09017793689365,79.1465264090823,204,8387.250845162172,484.2118785905535,3161,56.39977498747977,5,3.5499496475046377,94.10538785941264,0,76.5343444466594,2020,7,31,4,153.91930477775088,46.46724875202039,145776.29167798316,1.4794993918309995,1,0.0015817779183802593,23.465655553340596,51.72989246852072,0.5459999999999999,17.66037042669212,0,112.8710113037928,True,False,False,False,False,True,False,1,True,False,False,False
32981908,47025329.35350712,14043421.353507124,496,507.6444065920519,11.644406592051894,1.57817144598478,4.0095697641806325,408.2308364286218,24.57967628640701,20.016861216250653,122,8301.23417826138,983.7260060512727,2389,78.42084077786421,8,9.803378098756353,54.40900306204265,0,82.34059406733374,2020,8,31,5,11.644406592051894,42.579165988538676,92634.38884159151,1.023476626193653,1,0.0033486814566764337,17.65940593266626,80.45185591933,0.7649999999999999,16.352458670804058,0,62.1789612507973,False,False,True,False,False,True,False,2,False,False,False,False
24675262,23726270.609733764,-948991.390266236,890,1196.996301921287,306.9963019212871,0.5188939138988027,4.257445908232733,227.6488925472573,20.45505272690987,31.79602504214289,246,13812.765885240518,805.5248587112825,9882,68.0980568559975,4,3.368352336420963,66.84296910880434,0,96.6738720154793,2020,8,31,6,306.9963019212871,-3.845922244984616,19821.507026923107,1.344939665080098,1,0.0004047763610605141,3.3261279845206957,71.87970919849545,0.669,11.539522605934357,0,114.07532333071583,True,False,False,False,False,True,False,1,False,False,False,True
20854315,23682961.878219742,2828646.878219746,737,905.0406865375912,168.04068653759134,0.4126755110157363,2.415331225966513,271.4972824793601,44.25277101655889,22.129647775785998,292,26836.39645669521,907.4837178386124,5732,91.48081945409962,9,5.226659925781287,69.8842363040302,1,45.59849887250255,2020,8,32,0,168.04068653759123,13.563844596284952,26167.84220919781,1.228006358938387,1,0.00157013258897418,54.40150112749745,37.13213579115544,0.1419999999999999,29.65214366147786,1,136.71472563770348,True,False,False,False,False,True,False,2,True,False,False,False
3844180,4736117.076127367,891937.0761273671,706,1010.0651890099872,304.0651890099873,0.8720312388311587,2.080353352043431,446.29275985906,30.275981208413285,42.9703026360548,135,40314.84445232552,494.8859985864668,4468,60.5429059605513,3,8.896285411417615,95.48548326945888,0,40.39614419333989,2020,8,32,1,304.0651890099872,23.20227138498632,4688.922188051506,1.4306872365580554,1,0.0006714413607878246,59.60385580666011,28.23548233401792,-0.06300000000000006,39.913111441688244,0,75.97388515334042,False,False,False,True,False,True,False,2,False,False,True,False
12010186,14434796.146790337,2424610.146790335,735,905.8110256768808,170.81102567688083,1.860512228114924,4.889268467508908,235.810035315146,32.73205136158867,83.5732716987552,80,26847.315102464265,310.6685835857037,7141,55.99957950329207,8,1.7205729639420362,97.80039622581006,1,27.303639041794455,2020,8,32,2,170.81102567688083,20.187948353092423,15935.769975866346,1.2323959533018787,1,0.0011202912757316903,72.69636095820555,22.15492429088361,1.473,29.63898025242319,1,66.89159691810316,False,False,False,True,False,True,False,1,True,False,False,False
47530918,48306519.951202124,775601.9512021244,580,708.0266082663954,128.02660826639544,1.4498014485235824,1.0028232979403495,291.8721891529555,37.98545482960208,26.78664865192914,52,20096.44747523914,470.6771188478065,6969,99.09195642069056,9,8.386192018848266,56.01902323325624,0,26.277854968827874,2020,8,32,3,128.02660826639544,1.6317840762135594,68226.98382689421,1.2207355314937853,1,0.0012914334911752045,73.72214503117212,21.526247324571834,0.33799999999999997,28.383746091754,0,40.23163104445936,False,False,False,False,False,True,False,2,False,True,False,False
16148530,22854854.03622725,6706324.036227249,860,874.8563281900944,14.85632819009436,0.8959548871065454,1.0767964142730424,72.18484808412647,1.8601869499217043,62.448684372066026,79,8705.884565154116,744.4827260483621,4816,94.668146207805,4,6.13907532077203,55.95538398943904,0,38.89479568419869,2020,8,32,4,14.85632819009436,41.52900627008928,26124.122669958215,1.0172748002210399,1,0.0008305647840531562,61.10520431580131,38.23430569178297,0.5920000000000001,9.951216313614463,0,50.892661396596324,False,False,False,False,False,True,False,2,True,False,False,False
39620544,51750946.84687239,12130402.84687239,489,488.8716948259567,-0.1283051740433052,1.08281712253319,1.4593358851819986,51.05636324035392,-5.390771249771657,51.60471573836109,198,29763.29854324083,198.4873643523814,6037,41.73956469993879,0,1.2862183673770338,96.74308971261812,0,98.36350321188412,2020,8,32,5,-0.12830517404330521,30.616446979810245,105857.93244850523,0.9997376172309953,1,0.0,1.6364967881158776,98.38931887381072,0.82,60.881615479572545,0,93.06418334657684,False,False,True,False,False,True,False,0,True,False,False,False
11061403,15516328.026786515,4454925.026786517,674,977.228212711114,303.228212711114,0.2600047212364869,0.8637865914054366,160.15994285077664,16.559194012922926,85.69277486560688,148,17207.086391742952,343.422195054858,6994,86.24371691839394,4,9.126216027700922,64.78859506912963,0,18.303280725174066,2020,8,32,6,303.228212711114,40.27450249110818,15877.896099356085,1.4498934906693086,1,0.0005719187875321705,81.69671927482594,12.62387950767666,-0.01100000000000001,17.608053234572008,0,89.87559066355895,False,False,False,False,False,True,False,2,True,False,False,False
21871102,30953264.48856528,9082162.48856528,735,806.076645692865,71.07664569286499,1.9706942031146149,1.896827991020933,356.2623918134453,18.274438259060023,28.576339977596568,183,32672.03800627164,141.97231041543134,3451,46.62008642951218,4,1.3527715191016874,62.090720951857634,0,33.34295818697352,2020,8,33,0,71.07664569286499,41.52585676096834,38399.90235911045,1.0967029193100204,1,0.0011590843233845263,66.65704181302648,30.402908207767794,0.659,40.532172940190215,0,87.25523347099698,True,False,False,False,False,True,False,0,False,False,False,True
29105186,39263289.189078085,10158103.189078083,789,886.243739499435,97.24373949943504,1.366173878920346,4.554171134948769,104.56920201161152,35.604997897245475,34.841949535156026,269,48973.44826095882,489.1129645043184,1024,41.64911168976226,4,5.636960166441636,51.781143287704936,0,17.738055718753746,2020,8,33,1,97.24373949943504,34.901351219944395,44303.03700791684,1.1232493529777376,1,0.00390625,82.26194428124626,15.791734641760623,1.457,55.25957033966731,0,128.73408422972045,False,False,False,True,False,True,False,2,False,False,False,False
43505100,50619330.67705745,7114230.6770574525,288,390.4975281764255,102.49752817642548,0.6422677300805026,3.0767392031428717,101.19288146204724,14.408096860528463,22.06793780280453,209,10009.144466489755,844.7011623816519,6962,56.42173095798093,1,1.44128121729113,63.77979673853245,0,34.62682534621638,2020,8,33,2,102.49752817642548,16.352636074983053,129627.78769290393,1.355894195057033,1,0.00014363688595231256,65.37317465378362,25.537999552214227,0.8210000000000001,25.63177419644935,0,94.5428103989999,False,False,False,False,False,True,False,0,True,False,False,False
6301358,7979586.407454291,1678228.4074542914,551,607.9150432889801,56.91504328898009,1.2130359490089642,2.059732743061318,234.9322736161565,21.3969164049372,50.37546747419616,219,14545.642942487297,122.19731946820971,3556,56.16075274366626,5,1.6408008862704833,84.67632136129942,0,18.31612892776345,2020,8,33,3,56.91504328898009,26.632805300925472,13126.153885389367,1.1032940894536845,1,0.00140607424071991,81.68387107223654,16.601311565833736,0.585,23.9270982073277,0,109.13171516374001,False,False,False,False,False,True,False,0,True,False,False,False
19283361,19210455.31087117,-72905.68912883103,795,1169.6337870468044,374.6337870468044,0.3080164955310885,4.672053972856074,341.5266673737019,18.98890161824021,39.4483029695258,278,26289.254214471865,707.7911741264494,8632,89.15912574081787,4,8.984838828321028,71.30180813697808,0,55.74779800804254,2020,8,33,4,374.6337870468044,-0.37807563281541545,16424.33343121477,1.4712374679834017,1,0.0004633920296570899,44.25220199195746,37.89177425208931,0.377,22.47648324254493,0,128.7311613763298,False,False,True,False,False,True,False,2,False,True,False,False
20425418,26638569.741425697,6213151.741425697,385,516.9613146387229,131.9613146387229,1.9350896707344087,0.2423211623791116,370.4323965115687,-7.898846893343492,80.89341537232247,239,48587.621690566826,939.2462870623656,1060,82.64003475657012,1,7.892429922661992,75.843517582588,0,49.45200881682848,2020,8,33,5,131.9613146387229,30.418725048494462,51529.135715004115,1.3427566613992803,1,0.0009433962264150943,50.54799118317152,36.82871978106203,0.265,93.98695862672463,0,117.4983705436937,False,False,True,False,False,True,False,2,False,True,False,False
18970147,19113408.666961648,143261.66696164757,222,279.3775751107796,57.37757511077956,0.4320914769783952,1.0513808895093069,130.30280334426865,23.836819312830272,62.34585692384285,266,39731.4399321498,313.23507536006406,8675,98.89656563992084,9,2.7724705592040237,95.86477983074428,0,25.664529734790683,2020,8,33,6,57.37757511077962,0.7551953443568338,68414.25500734174,1.2584575455440523,1,0.001037463976945245,74.33547026520932,20.39363967871914,0.21000000000000002,142.21413410290847,0,132.25480287100194,True,False,False,False,False,True,False,0,False,False,True,False
48905202,64377328.7410299,15472126.741029903,424,605.6997288425849,181.69972884258493,1.331257604304907,2.829443025508795,85.8146663174191,35.542380717583875,62.98635165829912,209,45420.31369232736,724.2713566548833,1122,82.6907740187091,7,6.5842117589282845,55.73448913356582,0,25.732710439766752,2020,8,34,0,181.69972884258493,31.636975430609414,106285.8800746812,1.4285370963268513,1,0.006238859180035651,74.26728956023325,18.01333021447773,1.1640000000000001,74.98816910339353,0,113.1586197127649,False,False,False,True,False,True,False,2,False,False,True,False
5889084,6111449.312955375,222365.31295537483,466,433.2698119745154,-32.73018802548461,0.5663634788239679,3.077763115965896,473.1786652754949,-1.3374698558307898,57.23374878169117,148,20017.16818141068,977.5917109901804,6616,65.09533319536288,5,8.15211611588094,53.56203576212995,1,66.34981663474535,2020,8,34,1,-32.73018802548461,3.7758896452381188,14105.412249018738,0.9297635450096897,1,0.0007557436517533253,33.65018336525465,71.362032842505,-0.05499999999999994,46.20023742292961,1,75.96888367775811,False,False,True,False,False,True,False,2,False,True,False,False
41687888,40459378.46095005,-1228509.5390499458,534,562.9628865774225,28.962886577422523,1.463366627032218,0.1977875328130657,167.2998721529458,22.688245365962764,26.42952360604407,135,49641.73132003676,966.0502541372168,2186,81.93565965671301,9,9.006315772301782,92.59653745619472,0,44.840920509148894,2020,8,34,2,28.962886577422523,-2.9469219909868145,71868.64254396243,1.0542376153135253,1,0.004117108874656907,55.159079490851106,42.533978922591764,0.465,88.17940312519995,0,68.73533069160204,False,False,False,False,False,True,False,2,False,False,False,False
1871522,1869969.9357367968,-1552.064263203181,655,772.2592793488176,117.2592793488176,1.575960597756534,2.015193789535661,434.0059239239257,22.648579944552797,51.151307860774864,265,9627.476722887082,311.43627372622893,6158,99.96754403118412,2,5.2147623415523165,88.74278987153534,0,15.057544305993122,2020,8,34,3,117.25927934881759,-0.08293059142255241,2421.4276030630385,1.179021800532546,1,0.0003247807729782397,84.94245569400688,12.771217885192506,0.31100000000000017,12.466637799425522,0,128.1399663415983,False,False,False,True,False,True,False,1,False,False,True,False
23826747,21472551.96111275,-2354195.038887251,262,271.4810264049231,9.481026404923114,1.379497484931722,3.2457698241543635,438.5711527082682,-0.9698269769002684,89.96536327959616,216,7383.780772074537,190.29794789086185,8864,82.60851295375168,8,9.077498896610836,63.18670934725162,0,92.81733397903612,2020,8,34,4,9.481026404923114,-9.880471886855773,79094.11661456486,1.0361871236829125,1,0.0009025270758122744,7.182666020963879,89.57584190887852,0.4740000000000001,27.19814666186424,0,113.09866089080877,False,False,False,True,False,True,False,2,False,False,False,False
16523665,21997026.10058385,5473361.100583851,289,389.0931594781932,100.09315947819316,1.2675489744848658,3.490352732017008,397.635166293145,-3.2095034448095188,78.46605035922104,113,43502.11821743126,233.45428410632437,5089,85.70088135881909,3,5.570650654458054,66.21170631870415,0,46.44572372288204,2020,8,34,5,100.09315947819317,33.12437707121181,56534.08589882105,1.3463431123812912,1,0.0005895067793279622,53.55427627711796,34.49768732484025,0.55,111.80386279669189,0,67.77696407432346,False,False,False,False,False,True,False,1,False,True,False,False
30538040,40903891.51931205,10365851.519312046,369,535.6126580752948,166.6126580752948,1.7956912785088222,3.1906995125813467,125.97512299365654,43.90285686370667,82.54213379169812,167,46726.91915931438,731.8321016339279,3472,96.30190091141556,2,7.19405237959922,65.51389178878301,0,63.19427993710193,2020,8,34,6,166.6126580752948,33.94406294350274,76368.41830120061,1.4515248186322351,1,0.000576036866359447,36.80572006289807,43.53647910522784,1.376,87.2401323135751,0,104.73349719662143,False,False,True,False,False,True,False,2,False,False,True,False
49410263,59735032.0480111,10324769.048011102,430,496.3326909421783,66.33269094217826,0.2493907508805402,1.6028161218046226,419.8106566643901,11.654554330917064,77.62584514725496,207,9076.341089574578,753.182987907948,8450,46.819075678701,6,9.811264234826252,82.39043990109556,0,89.68707549265362,2020,8,35,0,66.33269094217832,20.896000994795557,120352.8059669358,1.1542620719585541,1,0.0007100591715976331,10.31292450734638,77.70079054964738,-0.43499999999999994,18.286808939272454,0,109.58411984345163,False,False,False,False,False,True,False,2,True,False,False,False
49470777,49313345.18826375,-157431.81173624843,470,519.4813932315544,49.48139323155442,0.7287380549823708,0.4676006179895475,396.162751658714,2.5081950797941097,27.212918540168783,240,10104.234203562868,706.8129054653791,3964,82.28705760686361,7,3.1235661027507406,53.06057534944897,0,46.1943097546283,2020,8,35,1,49.48139323155442,-0.31823193667697686,94928.02982123895,1.105279560067137,1,0.0017658930373360242,53.8056902453717,41.794231453825454,-0.357,19.450618126487914,0,104.91633408598886,False,False,False,True,False,True,False,1,False,True,False,False
36736338,34904392.43049527,-1831945.5695047304,824,1216.9906819688129,392.9906819688129,0.5717462112986074,2.1355622320966705,318.5253455477977,-0.577150055009378,35.92137778453598,163,6492.837099009822,402.4705489680143,9104,91.04835747804694,6,2.516691484742303,74.47007926318635,1,83.85940354701243,2020,8,35,2,392.99068196881285,-4.986739749358606,28680.903599054625,1.47693043928254,1,0.0006590509666080844,16.140596452987566,56.77952144296618,0.05799999999999994,5.33515761066132,1,75.80326831885799,False,True,False,False,False,True,False,1,False,False,True,False
20382100,18577823.10409285,-1804276.895907145,380,443.42635468467927,63.42635468467927,1.977226527924301,0.6437721868402774,201.74091582602875,26.71809424707793,20.218515594948677,273,9702.840318922585,252.79924578230992,2310,97.26271601325358,0,4.078169424800832,56.69364845563726,0,92.32770021426548,2020,8,35,3,63.42635468467927,-8.852262013762806,41896.07340164423,1.1669114596965244,1,0.0,7.672299785734523,79.12142729173034,0.758,21.88151474628133,0,123.28098295260799,False,True,False,False,False,True,False,1,False,False,False,False
32607303,32589333.316801544,-17969.68319845572,505,602.6816653361328,97.68166533613282,0.8398405813670595,4.738118292603335,168.12887191994486,23.519491353000333,41.2457087414678,208,14423.89175601264,622.6849827570278,9346,52.65815738270196,0,2.4795912044827846,90.98692704631236,0,25.666064529703316,2020,8,35,4,97.68166533613282,-0.05510938208675437,54073.875465625024,1.19342904026957,1,0.0,74.33393547029668,21.50615048206461,1.068,23.932853089147855,0,102.62956002834044,True,False,False,False,False,True,False,0,False,False,False,False
36259675,52014986.80226401,15755311.802264012,690,766.5830471495489,76.58304714954886,1.4919641285567575,2.375854330113141,104.85014543616154,25.39536676430796,27.60251816425448,136,48653.44785095004,535.3124011820798,3212,70.23574046345465,4,3.557465251343868,69.03315021549827,0,90.3243214002978,2020,8,35,5,76.58304714954886,43.451332098988786,67853.03561783132,1.1109899234051432,1,0.0012453300124533001,9.675678599702195,81.3007566472404,1.092,63.46794131681141,0,70.29936547856873,False,False,False,False,False,True,False,1,False,False,True,False
38829124,40573409.986201786,1744285.9862017855,588,850.0887012786824,262.0887012786824,1.4009778113739086,1.5862958717843378,279.3906801053921,-5.159668486870126,53.09553417111081,89,35053.71000078562,755.9507324100731,7792,80.8332908586689,7,7.686867910335436,76.37860966097296,0,20.784920203574032,2020,8,35,6,262.0887012786824,4.492210502100911,47728.44283799122,1.445729083807283,1,0.0008983572895277207,79.21507979642597,14.376773931141777,0.46599999999999986,41.23535573177093,0,49.980759705272206,False,False,False,False,False,True,False,2,False,False,False,False
30188752,33586882.342842825,3398130.3428428248,786,975.7194059157208,189.7194059157207,0.5029543512070177,3.8315203555945,313.3673939794309,39.14440209241403,67.39892420017313,210,40034.88614833439,497.22407081705927,9703,54.848063770080245,9,5.297716323291585,51.4658804389393,0,34.761466844139974,2020,8,36,0,189.7194059157208,11.25627963303294,34422.68559916696,1.2413732899691103,1,0.0009275481809749562,65.23853315586003,28.002428540253963,0.384,41.031146767816224,0,115.96299788777614,True,False,False,False,False,True,False,1,False,False,True,False
34327716,33064706.323894568,-1263009.6761054322,687,932.4683648362738,245.46836483627385,0.5540955924019475,2.4897429629113192,211.70254573210423,11.409651824497654,81.2153706526654,240,39926.273166118495,404.7757252178216,9378,76.02837179501644,2,4.375371650454117,52.91321567705262,0,82.73903028852129,2020,9,36,1,245.46836483627385,-3.6792709311200085,35459.333067776715,1.3573047523089867,1,0.00021326508850501172,17.260969711478708,60.95832947447455,0.382,42.81783132999787,0,123.78750674314892,True,False,False,False,False,False,False,1,False,False,True,False
3975605,4108456.92897801,132851.92897801008,780,1081.9255441882146,301.92554418821464,0.6344406707507647,1.5501701200622504,263.9115804563909,7.235317353669686,72.44520155636287,74,29078.318740064657,364.13071962311295,2845,55.45472694987996,7,4.318516047482138,83.75274153667331,1,91.06160934588505,2020,9,36,2,301.92554418821464,3.341678284890226,3797.356436445586,1.3870840310105317,1,0.002460456942003515,8.938390654114954,65.64967032281669,0.09299999999999997,26.876450876185352,1,53.50415567300977,True,False,False,False,False,False,False,2,False,False,False,False
39653586,48041697.10244757,8388111.102447569,251,277.38246571273913,26.382465712739133,0.8811418286928204,4.059838711954009,213.58150581617,15.429879598625655,85.70099170449537,213,40887.003997085776,290.32328804477186,8660,60.00742123189883,2,2.750769774100479,88.3385272570666,0,71.57249095357514,2020,9,36,3,26.382465712739133,21.153474246812305,173196.58969431822,1.105109425150355,1,0.00023094688221709007,28.42750904642486,64.76507151663952,0.854,147.40298703461985,0,115.53926139093632,False,False,False,True,False,False,False,1,False,False,False,True
32664126,41308739.53048468,8644613.530484676,426,494.2522710854891,68.2522710854891,0.5452176247360009,4.33576075500561,338.45272579431554,11.453633616119554,23.77288032756521,201,31811.338957548636,339.17173856799525,2702,66.4911217906519,3,5.026703088582957,85.50177923011006,1,19.434326457024348,2020,9,36,4,68.2522710854891,26.465160985739146,83578.24930123518,1.160216598792228,1,0.0011102886750555144,80.56567354297565,16.750601980057223,0.43399999999999994,64.36255495130813,1,90.96795418310543,False,False,False,False,False,False,False,2,True,False,False,False
47831679,50089878.97986322,2258199.979863219,820,1155.448113007882,335.44811300788206,0.1373378172190108,3.365040831443385,455.5666435084535,37.49673517265303,20.8525884791579,144,19154.57439215109,185.34739495969123,1390,71.75140592479401,9,6.621720028193586,86.85093182289302,1,57.06930492142773,2020,9,36,5,335.44811300788206,4.72113884997267,43351.041397668996,1.4090830646437587,1,0.006474820143884892,42.93069507857227,40.50102251129948,-0.18800000000000006,16.577615365425263,1,75.10479709554329,False,False,False,True,False,False,False,2,False,True,False,False
14763700,13798734.167491116,-964965.8325088824,787,879.8291770613176,92.82917706131764,1.7708468079336714,0.2348221120383364,123.7641179211252,41.10935363588406,66.29366796853489,235,30249.954894578037,412.1713098360006,1654,66.96195229750904,6,2.252393510664014,55.23099252746645,1,61.53706981447943,2020,9,36,6,92.82917706131764,-6.536070446492983,15683.424154652062,1.1179532110054862,1,0.0036275695284159614,38.46293018552057,55.04440544442199,0.7490000000000001,34.38162280047896,1,126.22090648132568,True,False,False,False,False,False,False,1,True,False,False,False
24066465,27306285.81522248,3239820.815222476,766,1054.292587334471,288.2925873344709,1.93465867962368,2.8316144008326605,221.63396445640555,6.689926904728342,40.25466871555724,216,29007.886376053106,132.91283112666238,6835,69.59173118727576,2,9.755315753231931,84.67254205487706,0,35.367375700059185,2020,9,37,0,288.2925873344709,13.46197214764395,25900.10225174774,1.3763610800711108,1,0.0002926115581565472,64.63262429994082,25.69629162881582,1.16,27.514076001798205,0,100.48337868608567,False,False,False,False,False,False,False,2,False,True,False,False
15573834,16204917.252628293,631083.2526282929,745,1091.1235681907733,346.1235681907733,0.7489837353599791,3.816474559986408,113.39087177788758,37.51646941029751,37.74507112740412,95,42055.38741916943,267.7724624496941,5271,57.91532537729756,3,4.989530587840602,59.08737913445468,0,99.2166226210358,2020,9,37,1,346.1235681907733,4.052202255580051,14851.587597450747,1.464595393544662,1,0.0005691519635742744,0.7833773789642038,67.74336656959466,0.967,38.54319404804242,0,60.57846216131048,False,False,False,True,False,False,False,1,False,True,False,False
42707317,44062520.69878129,1355203.6987812892,523,666.2634150687406,143.26341506874064,0.7431630709083984,0.6825150604179109,331.2246966835244,32.98377212431869,43.1620961385656,254,49177.72478217466,772.0934001574861,9955,49.53790564135784,7,9.531648250762553,54.90077159383927,0,40.20651611734576,2020,9,37,2,143.26341506874064,3.173235393788117,66133.78387921122,1.2739262238408042,1,0.0007031642390758413,59.79348388265424,31.5611024915758,-0.17200000000000004,73.81123392029686,0,124.4437604788653,False,False,False,True,False,False,False,2,True,False,False,False
10176748,15020042.31467313,4843294.3146731295,233,313.3794947857741,80.37949478577411,0.1134744442713048,1.1433537569230168,377.9917292698681,41.1944219789619,38.88572405246549,187,23496.915443941874,392.9220898089604,4400,42.84099863961037,3,2.211930339617667,87.85804152274206,0,28.92292923648333,2020,9,37,3,80.37949478577411,47.591768162807305,47929.24414196536,1.3449763724711334,1,0.0006818181818181819,71.07707076351667,21.50441437372097,-0.521,74.97910946599853,0,98.82404380942822,True,False,False,False,False,False,False,0,False,False,True,False
23941230,30400102.00959571,6458872.009595711,707,977.8222797678494,270.8222797678494,1.3924763078277107,4.412475525340682,469.36072966885513,3.5162671702238306,55.80054844111111,264,39352.58052986118,701.4133152796095,6319,51.75872334950006,8,7.904943578554122,94.47030585507824,1,19.9122425786844,2020,9,37,4,270.8222797678494,26.97802915554343,31089.598425608772,1.3830583872246809,1,0.001266023104921665,80.0877574213156,14.397253769337514,0.627,40.24512566762552,1,123.3950446834005,False,False,False,False,False,False,False,2,False,False,False,False
46501579,57388857.25113854,10887278.251138538,790,1111.5487935770086,321.5487935770086,1.6683358019223946,0.1006086092653701,175.4923668174342,21.73275325665385,50.81039130568928,259,9489.33518171601,745.1957580375496,7732,74.91661849034699,3,6.558742454891904,85.83549537025795,0,44.06511347858242,2020,9,37,5,321.5487935770086,23.412706590325758,51629.63387910205,1.4070237893379856,1,0.00038799793067770304,55.93488652141758,31.31795909386533,0.538,8.537038802569294,0,125.36294336870294,True,False,False,False,False,False,False,2,False,False,False,True
29911861,34382639.16231013,4470778.162310131,711,808.4297539297092,97.42975392970924,0.378555770684006,3.76363568912988,477.5950426394436,5.099952160724454,55.869998596365946,81,39957.41162517299,623.0668084589022,7674,87.16692686818794,3,8.380577075890336,90.27867264073768,0,72.3356822481448,2020,9,37,6,97.42975392970925,14.94650621139932,42530.150572983,1.1370320027140777,1,0.00039093041438623924,27.664317751855194,63.6179826737336,-0.03599999999999992,49.42595374668406,0,50.690985227127115,False,False,False,False,False,False,False,2,False,False,False,True
25276628,29254325.00929303,3977697.009293031,737,685.9687016476264,-51.0312983523736,0.4033660637975864,2.3688664625721145,78.46820231930366,35.325196976640584,67.08995280503053,146,21713.761039695444,962.8279672288586,2085,50.15485584657367,4,6.406101306596846,99.5544077560808,0,30.827538396323494,2020,9,38,0,-51.0312983523736,15.73666000580865,42646.73437582086,0.930758075505599,1,0.0019184652278177458,69.17246160367651,33.12089275140332,0.5810000000000001,31.654157088422867,0,89.12454493450134,False,True,False,False,False,False,False,2,False,False,False,True
40770506,49925237.8226463,9154731.822646298,372,424.49878374004027,52.49878374004027,1.6011581749457318,2.2338607941980344,321.35623851406467,-9.707169518591463,47.09913562798038,213,6772.5573300359,119.29587996080193,6446,46.51332146635891,0,9.665529699185257,56.73779557033423,0,79.25897957172349,2020,9,38,1,52.49878374004027,22.454300230284847,117609.84892060402,1.1411257627420437,1,0.0,20.741020428276514,69.45683127972663,0.6100000000000001,15.954244368773884,0,96.41758983281667,False,False,True,False,False,False,False,2,True,False,False,False
11511846,15170977.01304563,3659131.0130456295,237,309.1081358752976,72.10813587529759,1.270952421872875,0.0354826624744358,75.70972370449849,21.065053958751783,37.591538099950974,205,21346.07803529797,764.7873855293279,5376,84.95742163295502,6,6.642386478368718,98.25762762165192,0,22.186114094955443,2020,9,38,2,72.10813587529759,31.785788422166434,49079.83728764099,1.304253737870454,1,0.0011160714285714285,77.81388590504456,17.01058118582068,0.5609999999999999,69.05699189978469,0,99.59697761761083,False,False,True,False,False,False,False,2,True,False,False,False
47669316,62984878.88223482,15315562.88223482,616,720.849502584581,104.84950258458105,0.1852350594926623,4.096991154832464,452.1983844928752,8.656188719955491,31.634037576612183,193,32478.92379147401,962.9079795463672,2963,58.30949983223738,8,8.061437128100213,80.05989027450512,0,49.64211378807136,2020,9,38,3,104.84950258458105,32.12876577090978,87375.90669953257,1.1702102314684757,1,0.0026999662504218697,50.35788621192864,42.421534569712634,-0.04300000000000004,45.05645585524017,0,89.28706788897031,False,False,True,False,False,False,False,2,False,False,True,False
39143159,39261228.25718745,118069.25718744844,290,391.3195882497093,101.31958824970934,1.2828392818783352,1.7991245031828322,288.4140756815243,7.747603889280114,44.46318836728379,65,10366.257545665994,876.0445564176454,6177,97.08996635364116,8,8.898235952800306,90.66265786725104,0,73.21363660954368,2020,9,38,4,101.31958824970928,0.3016344623269891,100330.34234957345,1.349377890516239,1,0.0012951270843451514,26.786363390456316,54.25732637544101,0.42500000000000004,26.490515315198245,0,41.66323767696917,True,False,False,False,False,False,False,2,False,False,False,True
44562003,53477418.27502615,8915415.27502615,308,343.1703529658091,35.17035296580912,0.6869436734031554,2.7038281565027145,351.20675784325823,25.46984781257044,71.92645326723203,67,46581.552159361454,251.103422624512,5572,82.85907823662238,0,7.431251240894141,82.5084590793835,0,22.177846241887394,2020,9,38,5,35.170352965809116,20.00676512459763,155833.44485575138,1.1141894576811984,1,0.0,77.8221537581126,19.90491481407744,0.18600000000000005,135.73885901502246,0,56.01889032394074,False,True,False,False,False,False,False,2,False,False,True,False
9978989,11447645.279283756,1468656.2792837543,885,1133.5491389262395,248.5491389262397,0.8005777953946073,3.386503431678297,424.20826665970367,36.831644712269664,72.96934370780286,185,8495.258597277736,394.1382756265589,8543,59.605362834581854,5,5.718129909068443,78.50188943926746,0,63.805798899547966,2020,9,38,6,248.5491389262395,14.717485702046131,10098.940474806059,1.2808464846624175,1,0.0005852744937375629,36.194201100452034,49.81533670396477,0.2350000000000001,7.494389352476519,0,106.94029652602177,False,False,False,False,False,False,False,2,False,False,False,True
14792249,21039255.0877628,6247006.087762799,505,510.9852008707544,5.9852008707543405,1.5624896947640723,3.513147882189579,117.63978011778596,23.50574652663294,66.68337706789472,283,46850.30239249248,255.2066558888189,9907,57.372564867622295,2,3.455353708870783,85.18094970108439,0,81.9057261175215,2020,9,39,0,5.985200870754397,42.23161797616305,41173.90298566464,1.011851882912385,1,0.0002018774603815484,18.094273882478504,80.94635934438797,1.334,91.68622166093323,0,140.2567370783583,False,False,False,True,False,False,False,1,True,False,False,False
29098059,37212092.113997206,8114033.113997206,187,252.37925079156412,65.37925079156415,1.6407768660779602,4.779900294130361,67.36620287216023,36.92451382556974,36.38197227148122,257,36821.18830710589,641.1775274332336,1242,71.42190317627855,3,8.690433520561022,66.01293322564914,0,63.59940066602859,2020,9,39,1,65.37925079156412,27.885135273102602,147445.1326615993,1.3496216619869739,1,0.0024154589371980675,36.40059933397141,47.12387364351776,1.728,145.89625807834696,0,124.79194582911529,False,False,False,False,False,False,False,2,False,False,False,False
4683909,5712038.453533449,1028129.4535334492,208,255.30285690786565,47.302856907865646,0.8606775909956782,2.6566997661830456,445.4965156607835,4.552841153456647,61.16603720982884,296,19837.047893639163,740.969183781543,7510,44.74868009669257,7,5.325204274198105,96.21357617459564,0,56.031753189476575,2020,9,39,2,47.302856907865646,21.950243984958913,22373.578277640758,1.2274175812878156,1,0.0009320905459387483,43.968246810523425,45.6501145524473,0.06400000000000006,77.70006232557753,0,138.11566350898565,False,False,False,True,False,False,False,1,False,False,False,False
36094032,34983663.54446064,-1110368.4555393606,291,297.5296422402365,6.529642240236512,1.899590578412074,1.9985977548721376,191.71995235651963,18.57260201207396,59.94827631037936,297,22583.7656469092,385.3663924267524,4915,47.060590758717936,3,6.586374037015531,55.76462860278893,0,85.44695978825565,2020,9,39,3,6.529642240236512,-3.0763214692649483,117580.43091455582,1.0224386331279605,1,0.0006103763987792472,14.553040211744346,83.57172452183913,1.009,75.90425436896209,0,142.356263496736,False,False,False,False,False,False,False,2,False,False,False,False
42019538,53086758.78279893,11067220.782798933,852,916.0249918920792,64.02499189207913,0.8722791641089371,4.76851813245854,108.04050856722438,14.77950964868918,53.89863386768079,124,38336.42141297349,585.5559165858659,1837,50.55147287897155,7,1.7130388409282784,65.9015592043231,1,98.6878315001095,2020,9,39,4,64.02499189207924,26.338273359404692,57953.39565260825,1.0751467040986846,1,0.003810560696788242,1.3121684998905039,91.7901074559321,1.2369999999999999,41.85084659512223,1,70.20344305491099,False,True,False,False,False,False,False,1,False,False,False,False
20847987,20229267.60118244,-618719.3988175616,310,418.2412197962208,108.24121979622085,1.5664884669372088,3.210551175127605,260.8075566891889,-9.359530527329708,58.498529046870495,247,32066.19953965433,721.8285130640755,4323,86.48341559827361,3,5.476161908141648,51.55811766002517,0,26.31816571196573,2020,9,39,5,108.24121979622078,-2.967765659186,48367.46509834378,1.3491652251490993,1,0.0006939625260235947,73.68183428803427,19.506999751685157,0.923,76.66915172846404,0,113.54169955586225,False,False,False,True,False,False,False,1,False,True,False,False
18920863,20856920.351387247,1936057.3513872477,367,436.56879209266685,69.56879209266685,1.019366802672092,1.490751781382778,319.23773406320845,20.624667872740705,54.42534428365676,50,35223.93146547253,479.2058349499435,3953,70.83144155614735,8,7.283418796178605,63.56615238230459,1,72.22117071947835,2020,9,39,6,69.56879209266685,10.232394533945135,47774.64795733755,1.1895607413969125,1,0.002023779408044523,27.77882928052165,60.71246991109369,0.15500000000000003,80.68357634229577,1,42.51500364691924,True,False,False,False,False,False,False,2,False,False,False,True
33453189,32974981.647639114,-478207.3523608856,854,879.2945100574101,25.294510057410093,1.80531142039196,0.6323212270178558,63.93677154012956,26.383837828039617,59.58194562518757,239,22512.4077431066,868.6139774099133,2432,40.634027366466576,5,6.25664718940393,60.910653857070216,0,17.2591798905583,2020,9,40,0,25.294510057410093,-1.4294821111400937,37501.63485666042,1.0296188642358433,1,0.002055921052631579,82.7408201094417,16.76268810728096,0.9859999999999999,25.602807120491107,0,121.38973503596816,False,False,False,False,False,False,False,2,False,False,False,False
46554686,61230780.1956566,14676094.195656598,888,1314.5620902292949,426.56209022929465,1.8247463629353395,4.212772507325907,173.70304621568948,22.555292243048854,70.08541682347902,174,26951.606681341957,794.3949417590354,7854,80.41099164832653,0,5.036993704411345,52.48154303393156,0,13.855692157655248,2020,9,40,1,426.5620902292949,31.524418821462135,46578.842224923974,1.480362714222179,1,0.0,86.14430784234474,9.359660321447226,1.45,20.502345900330106,0,97.39221271995837,False,False,False,False,False,False,False,2,False,True,False,False
24933622,25525827.14585496,592205.1458549611,654,869.2150577761469,215.2150577761469,0.2660919349550593,1.8109080139707576,64.75994342460321,30.49539443308818,27.673973608240782,253,49544.0367817052,158.1989894655136,8655,65.42141071962982,9,3.010845850747023,74.5887031924311,0,35.273707320790905,2020,9,40,2,215.21505777614686,2.375126830169163,29366.526635148042,1.3290750118901329,1,0.0010398613518197574,64.7262926792091,26.54004251470103,0.411,56.99859469584168,0,118.65081041239868,False,False,False,True,False,False,False,1,False,True,False,False
2416953,2743521.112562951,326568.1125629512,543,800.5345284414656,257.5345284414656,1.8793373294894289,3.302348606822156,239.15092513797453,21.42367406491924,72.47380265043165,298,14626.529172487297,659.0127691817461,9431,70.65114189782787,1,3.787031800811436,73.43180209278049,0,97.38278096741918,2020,10,40,3,257.53452844146557,13.51156239128155,3427.111529972633,1.4742808995238776,1,0.0001060332944544587,2.6172190325808202,66.05442761882703,1.171,18.270953535212538,0,147.36924301460527,True,False,False,False,False,False,False,1,False,True,False,False
31250211,44919205.37277895,13668994.372778945,383,442.8487394238069,59.84873942380688,1.6685161988887898,2.3540820968294907,452.79501307981,-6.32873598320837,29.512030508931595,87,23803.528393495915,311.79299586377465,9330,52.846974604776136,6,7.30561922346071,53.887272194933445,0,59.69760862320439,2020,10,40,4,59.848739423806876,43.74048665712674,101432.3884747275,1.156263027216206,1,0.0006430868167202572,40.30239137679561,51.62978251318047,0.4049999999999998,53.75092277436948,0,41.75498835771697,True,False,False,False,False,False,False,2,False,False,True,False
20471461,20933907.82464784,462446.8246478401,391,463.3585399262776,72.35853992627761,1.603490357194067,0.9946488989751916,492.1935851721061,-3.5954961753408714,24.66395988872623,269,18132.04344082853,601.7664382005478,9611,73.10693370364622,9,3.01771628955459,63.09252657042071,0,34.14442095598701,2020,10,40,5,72.35853992627761,2.258983003938215,45178.63818368065,1.1850602044150322,1,0.0009364270107168869,65.85557904401298,28.812393521256862,0.0010000000000000009,39.131777831727064,0,113.92053911401563,False,True,False,False,False,False,False,1,False,False,True,False
30288010,36487451.91314049,6199441.913140491,800,1151.0185037688093,351.0185037688093,0.4817315454024926,3.0084330431023254,336.6713990766324,22.80610176491738,88.32557803550273,94,39430.01796979324,961.1995983696696,1303,98.74919438508933,6,6.595539537779937,97.6661080233178,1,21.932748676446288,2020,10,40,6,351.0185037688093,20.468303837526765,31700.143649879385,1.4387731297110116,1,0.004604758250191865,78.0672513235537,15.244063308891267,0.17299999999999993,34.25663257426925,1,70.93950394012604,True,False,False,False,False,False,False,2,False,True,False,False
1421280,1636693.4559492264,215413.4559492264,455,552.83846988699,97.83846988698996,1.6297264966338634,0.3034153447534116,122.73696220306633,5.1238555585502095,86.98942382093091,235,39380.56815495743,891.1558040970251,3162,44.40668146034569,2,6.307638513005829,55.53683122552101,0,92.81650627120024,2020,10,41,0,97.83846988698997,15.15629966996133,2960.5274326943922,1.2150296041472306,1,0.0006325110689437065,7.1834937287997604,76.39032493890844,0.6920000000000002,71.2334077673855,0,121.63398381384432,True,False,False,False,False,False,False,2,False,False,False,False
1909245,1739082.4408478125,-170162.55915218755,252,333.7405714801369,81.74057148013691,1.71525219590157,2.066712299355961,457.6322254996876,-5.619517903087879,24.230558145839485,130,18160.045744882817,464.0647628036185,7486,57.03504397986584,0,9.733757314481773,65.25093244297341,1,42.61299236842966,2020,10,41,1,81.74057148013691,-8.912557537256221,5210.881113839397,1.3243673471434003,1,0.0,57.38700763157034,32.17611220961007,0.35199999999999987,54.413659281348835,1,57.583312072825485,True,False,False,False,False,False,False,2,False,False,False,True
16993238,23376830.5802243,6383592.580224302,858,902.0185973346988,44.018597334698825,0.6493856354628867,2.733074698318356,282.3115204400272,13.62815088967007,51.02774090324735,178,8662.56424848423,362.36247250991806,5102,54.57985557164979,7,1.5470365823620291,51.79311992273293,0,37.60275433482984,2020,10,41,2,44.018597334698825,37.56548681436876,25916.12927859646,1.051303726497318,1,0.0013720109760878088,62.39724566517016,35.76773618040226,0.32199999999999984,9.60353176096428,0,90.59676753787522,False,False,True,False,False,False,False,0,True,False,False,False
49427722,46532618.91753364,-2895103.0824663565,422,492.9111418755086,70.91114187550858,1.9092941488884152,2.180234870592895,119.18719044631314,20.487742894601045,33.03714568098423,81,5514.470450249182,310.9651699674331,7874,54.91295864507077,9,1.9731034656645532,57.44436013118834,0,87.21670887991047,2020,10,41,3,70.91114187550858,-5.857245621124025,94403.6662277074,1.1680358812215843,1,0.001143002286004572,12.78329112008953,74.66954592927001,1.236,11.187554879094083,0,48.457466572675585,False,True,False,False,False,False,False,0,False,False,True,False
35147064,41633560.544759005,6486496.544759005,281,273.7136473756259,-7.286352624374103,0.194734278158412,3.743360876254954,464.7770012532476,8.08102935922836,53.97414279940927,185,24235.273995911848,579.2633827808681,2168,62.72238145392264,9,5.554751190811813,84.96985537328948,0,64.39625485397835,2020,10,41,4,-7.2863526243741035,18.455301258617236,152106.26486455003,0.9740699194862131,1,0.004151291512915129,35.60374514602165,66.11050558664726,-0.125,88.54243925460177,0,92.6165516475913,False,False,False,False,False,False,False,1,False,False,False,False
13425714,16599646.460314792,3173932.460314792,864,884.3800505986169,20.38005059861689,0.3848275811695654,4.139624772726562,390.8610728253964,29.62385362241779,78.11240700997112,167,23465.19174510969,202.8236079322507,1415,89.08658708465005,6,5.743988428182711,68.33582503314693,0,25.177250047746448,2020,10,41,5,20.38005059861689,23.640697696336982,18769.81106604436,1.023588021526177,1,0.004240282685512367,74.82274995225356,24.597054203708822,0.20899999999999996,26.53292747753257,0,99.12087818971668,False,False,False,True,False,False,False,1,False,False,False,False
30920720,39487487.10334308,8566767.103343077,350,315.19811720620254,-34.80188279379746,1.1214041622978772,3.85621537016589,379.2673727254182,25.407383445568456,86.54282423200232,89,49477.54453879383,594.3475073154237,6243,94.77152139786324,9,1.3593489292465413,72.60382853395603,0,47.935947836725454,2020,10,41,6,-34.80188279379746,27.705587396875224,125278.30893580614,0.9005660491605787,1,0.0014416146083613647,52.064052163274546,53.228686426061415,0.5690000000000001,156.9728429133529,0,69.18506230327124,False,False,False,False,False,False,False,0,True,False,False,False
27638002,36293643.2088446,8655641.208844595,832,768.4011137830112,-63.59888621698883,1.1940056951323883,0.1940647390590105,369.1313167074821,8.305009860041956,64.39768574160762,233,26141.093406395583,101.2002755417128,1149,52.1329052475384,7,8.432698787735069,57.84891975653281,0,93.54079612951372,2020,10,42,0,-63.59888621698883,31.31789775847256,47232.679075857726,0.9235590309891961,0,0.006092254134029591,6.459203870486277,101.28296404543303,-0.12,34.02011389298632,0,115.01080868049488,False,True,False,False,False,False,False,2,True,False,False,False
17439220,18345421.689706203,906201.6897062026,367,545.4978978635598,178.49789786355984,1.3257851582717164,0.970643852229861,140.15291949339905,31.517989089970836,44.77339670482719,240,16538.826630893927,391.4646676712604,7524,72.57699627688677,0,5.452511482926061,84.10700864456508,1,91.10832171079193,2020,10,42,1,178.49789786355984,5.1963430113629085,33630.60015731677,1.4863702939061576,1,0.0,8.891678289208073,61.29584403315859,0.634,30.318772438295674,1,118.88741573843942,False,False,False,True,False,False,False,2,False,False,False,False
13259034,12012515.963395672,-1246518.036604328,620,648.1555745908756,28.15557459087563,0.1322413456993862,2.683037546318872,144.95301126838672,25.678227339316948,62.232789595121886,284,45105.32484641604,297.9408824475231,6899,78.21393832992882,2,4.119793719764759,87.57607990456268,0,16.309881345187975,2020,10,42,2,28.15557459087563,-9.401273400493038,18533.383703408137,1.0454122170820574,1,0.00028989708653428034,83.69011865481203,15.601387738429084,0.353,69.59027525897177,0,139.97330508033167,False,True,False,False,False,False,False,1,True,False,False,False
6730385,8978779.124075139,2248394.124075139,265,343.96640281113633,78.96640281113633,1.924696871782048,4.674110202219007,359.7318492922648,25.05949582948461,41.84009142759152,287,27098.05773441103,974.096910964704,1838,71.30964846183069,1,3.8696839355338826,59.05560247583699,0,34.175187347736,2020,10,42,3,78.96640281113633,33.406619741294726,26103.65155054161,1.2979864257024012,1,0.000544069640914037,65.824812652264,26.32938732717656,1.179,78.78111790263982,0,134.86987617712285,True,False,False,False,False,False,False,1,False,False,False,False
26580123,32464801.677852217,5884678.677852217,655,919.2661816282472,264.2661816282473,0.1847173761948736,4.174783875260585,148.87523754967862,20.438523543288746,83.68765485824423,265,31962.903584476,754.518087612981,7144,66.04458365181517,0,8.752664633987632,52.24967318099711,0,23.908545822623445,2020,10,42,4,264.2661816282472,22.13939596085472,35315.996962217236,1.4034598192797667,1,0.0,76.09145417737656,17.035433073454808,0.64,34.77002006955354,0,137.23785352045988,False,False,False,True,False,False,False,2,True,False,False,False
36935918,51771991.15440676,14836073.154406764,231,284.2215396501878,53.22153965018782,0.3718177101744645,4.212672541759009,247.402263561372,-9.373568255129596,80.92803241740859,123,9305.091969269572,414.688042416014,8466,51.51853035155427,4,2.770595797853623,54.04705671545092,0,58.04305428325104,2020,10,42,5,53.22153965018782,40.16706219243492,182153.65105025584,1.2303962755419386,1,0.0004724781478856603,41.95694571674896,47.17427664325908,0.526,32.73886975885792,0,70.6663392486837,True,False,False,False,False,False,False,1,True,False,False,False
48368963,67369888.70026456,19000925.70026456,290,287.6471430146084,-2.352856985391611,0.1266275832995082,1.5160409687983745,401.9008215172736,28.3078950912289,59.07622251957627,160,22231.23832983983,183.56057787755844,2320,69.29316155195431,2,2.443759348893483,82.85228786015088,0,77.49849853272866,2020,10,42,6,-2.352856985391611,39.28330177404167,234210.17846453327,0.9918867000503737,1,0.0008620689655172414,22.50150146727134,78.13241021257049,-0.47700000000000004,77.28649100022801,0,90.21523528324154,False,False,False,False,False,False,False,1,False,False,False,False
42722758,60068014.06888148,17345256.068881482,222,296.78510945317737,74.78510945317737,1.17703102325878,2.147239485393513,402.7786331440285,10.682298511003603,42.73592407662524,152,47490.0653513204,565.1205352215616,2523,64.07288966267973,9,2.9186067630095485,56.77553012474195,0,36.59888900403708,2020,10,43,0,74.78510945317737,40.599570067273,202395.64639734116,1.3368698624017,1,0.0035671819262782403,63.40111099596292,27.37655327070267,0.21799999999999997,160.01498673171378,0,76.82546677628865,False,False,False,False,False,False,False,1,False,True,False,False
13550508,16139424.642486025,2588916.642486023,390,491.4588299633025,101.45882996330248,1.8713070794498472,2.353529736579687,253.96779763663685,41.84353405872606,40.53727729080848,152,31527.742287894143,292.1030931934381,6234,87.73380175013618,7,6.625202928867672,74.69594170844178,0,78.21964696467896,2020,10,43,1,101.45882996330249,19.105679598772422,32839.830436439945,1.26015084605975,1,0.001122874558870709,21.780353035321042,62.07165373039013,0.915,64.15133957456484,0,85.51424340486037,False,False,False,True,False,False,False,2,False,False,False,False
34214626,37642145.87192299,3427519.871922992,379,507.3863840175931,128.38638401759312,1.365299615552882,0.7868579167495521,406.4854722238603,34.9891624092463,22.339259629354164,123,20502.583481410773,582.786591308522,7144,85.81626154977971,5,8.298377700655681,57.6320765463085,0,70.18440157622513,2020,10,43,2,128.38638401759312,10.017703750211949,74188.32483021024,1.338750353608425,1,0.0006998880179171332,29.815598423774873,52.42530945896845,0.017000000000000015,40.40822561903803,0,66.39852661158014,False,False,False,True,False,False,False,2,False,False,False,True
44860083,61679694.7005478,16819611.7005478,806,1097.6494668136877,291.64946681368747,1.663049190112812,0.1553406512222815,427.3798082891256,22.32319582422217,77.10745957177068,213,33155.023128421686,851.8261187610033,1552,48.03992087234025,9,3.978808244093616,58.50740241026199,0,75.53999884667651,2020,10,43,3,291.6494668136877,37.49349215548219,56192.52463137866,1.3618479737142528,1,0.005798969072164949,24.46000115332349,55.46874563439821,-0.0040000000000000036,30.205474635418685,0,115.02919661879785,False,True,False,False,False,False,False,1,True,False,False,False
14605804,17100131.616755486,2494327.616755485,205,304.47547522522365,99.47547522522363,0.1252342865713021,4.734514497302584,344.6490880779171,3.8700090000598175,51.52682491273056,266,45968.49903101523,654.2132968912468,4756,45.31114315378406,8,2.561157983033316,50.21802516707593,0,95.3419341972388,2020,10,43,4,99.47547522522365,17.07764678175529,56162.591105593456,1.485246220610847,1,0.001682085786375105,4.6580658027612,64.19267921653213,0.2849999999999999,150.97603180358567,0,123.01905017383712,False,True,False,False,False,False,False,0,False,False,True,False
8085904,8167291.19380039,81387.19380038977,478,594.6979487116605,116.6979487116605,1.1298290671114797,1.2035629283175338,152.79163353878909,1.204456630271661,42.75930498801851,163,17329.577021266552,670.409577590502,4671,94.48923659365018,8,2.8827475086575847,66.0412127929194,1,48.21506747080325,2020,10,43,5,116.6979487116605,1.0065317842060673,13733.511628035401,1.244137968016026,1,0.0017126953543138515,51.78493252919675,38.75379476416894,0.551,29.140132497192795,1,78.38912848548705,True,False,False,False,False,False,False,1,True,False,False,False
14824880,20947324.345869903,6122444.345869906,256,282.87607490927644,26.87607490927644,0.9731696572604916,1.1997445186181566,173.3053011734964,8.721166072265202,52.97772484984277,172,27730.25233118035,586.9272601565303,1481,72.13050333786987,5,6.572654006660659,54.48986330364302,0,40.831122215033126,2020,10,43,6,26.87607490927644,41.29844117368844,74051.24082193269,1.104984667614361,1,0.00337609723160027,59.168877784966874,36.95175454622974,0.41,98.02968434171731,0,87.3096672766324,False,False,False,True,False,False,False,2,False,False,False,True
7699744,11007060.669491172,3307316.669491172,316,407.3488799882849,91.34887998828492,1.0480390940195068,0.4168952688437977,191.6785199339309,16.21123689690102,77.31165933182564,106,48141.07942602899,934.5390693682682,1599,91.46805623695543,1,3.2143170359280693,69.69806376702127,0,71.54624873185189,2020,10,44,0,91.34887998828492,42.953592606340834,27021.212553248526,1.2890787341401422,1,0.0006253908692933083,28.45375126814811,55.50184549400358,0.25199999999999995,118.18144541704275,0,70.456868868618,False,False,False,False,False,False,False,1,False,False,True,False
11587999,13671357.292705525,2083358.2927055229,199,187.2718206835696,-11.728179316430442,0.2372050521368571,4.642538759718892,102.5618484802784,6.283603052142091,28.72299453952648,123,12757.826448430367,938.7124159785428,8677,43.48906723398407,8,8.895522082162302,79.88921548087919,0,82.68014273300112,2020,10,44,1,-11.728179316430413,17.978585368410236,73002.74671759513,0.9410644255455758,1,0.0009219776420421805,17.31985726699888,87.85811097371773,0.871,68.12464577886001,0,59.70197927750057,False,True,False,False,False,False,False,2,False,False,True,False
26801543,25338710.397948924,-1462832.6020510755,619,890.3933640246372,271.3933640246372,1.400427186031684,2.89868557469886,172.9218291664753,18.321122246586555,80.0359191769279,132,37384.87665185202,561.450880966197,2982,71.59093699129781,1,1.9350221897288256,68.37659739640586,0,27.23007625383445,2020,10,44,2,271.3933640246372,-5.458016361412757,28457.883247710055,1.438438390992952,1,0.00033534540576794097,72.76992374616555,18.93030415785661,0.9969999999999999,41.98692191827429,0,82.30711242705434,False,True,False,False,False,False,False,0,False,False,False,False
37355877,42312839.52739669,4956962.527396694,390,378.9351566531381,-11.064843346861949,1.0561187882314054,3.3351842856267693,144.28365094063946,-0.904626596774774,82.82561845758478,287,32651.645369134207,375.183538429154,2634,72.36559087457418,2,1.2913168060496818,85.25408154176677,1,86.21196407332852,2020,10,44,3,-11.064843346861892,13.269565395015853,111662.48046530067,0.9716286068029182,1,0.0007593014426727411,13.788035926671483,88.72933903933054,0.976,86.16684093796607,1,139.376297558243,False,False,False,False,False,False,False,1,False,True,False,False
26974082,37281488.22985941,10307406.229859404,730,800.5951629939884,70.59516299398842,1.5537828147364017,4.557884436315263,254.89793741387095,43.7742047054025,86.26955405237217,222,35585.380901328565,513.6283052914995,8830,91.642121952529,5,1.7954042136481354,87.0725884019679,1,15.206724189918226,2020,10,44,4,70.59516299398842,38.212259567756234,46567.21643238226,1.096705702731491,1,0.0005662514156285391,84.79327581008178,13.86582029439973,1.1790000000000003,44.44865838090977,1,127.8131276273324,False,True,False,False,False,False,False,1,False,False,False,False
47467514,68403745.3949127,20936231.394912705,614,853.1205982226629,239.1205982226629,1.022052204717259,1.7281008445039476,458.7968965425192,-4.064149476925337,47.82415946958395,128,20804.88338004064,267.9021209760541,3997,45.85659989378245,1,8.610788083476884,84.83031936804059,0,10.57543768684176,2020,10,44,5,239.12059822266292,44.10644171277372,80180.62808168119,1.3894472283756725,1,0.0002501876407305479,89.42456231315825,7.611255376143311,-0.07900000000000007,24.386802315386838,0,64.32800299779758,True,False,False,False,False,False,False,2,False,False,True,False
45807180,46818769.524408616,1011589.524408616,386,485.7375468213929,99.73754682139293,0.3838251088302209,3.1075365556904204,97.01614253928112,41.25692768099047,35.19982828263703,257,19124.57180676942,672.7098837862804,1686,54.42673382055456,4,6.861065676990949,96.83567798157492,1,24.258443446556143,2020,11,44,6,99.73754682139293,2.2083645498557565,96386.96829344348,1.2583874269984272,1,0.002372479240806643,75.74155655344386,19.277404498882095,0.6930000000000001,39.372232869207416,1,125.73702678908826,False,False,False,True,False,False,False,2,False,False,True,False
12953070,12178271.330829712,-774798.6691702884,618,702.1600509188755,84.16005091887553,1.331688212747862,0.1939972736444373,374.120565776328,40.24679062714822,46.15485729266889,179,35789.43517647667,550.08310220401,6529,64.39229883322079,1,9.619701698055254,61.86471384975755,1,98.08004682759092,2020,11,45,0,84.16005091887553,-5.981583278483698,17344.01054986356,1.1361813121664652,1,0.00015316281206922958,1.9199531724090804,86.32429153457237,-0.06599999999999995,50.97048049036846,1,97.52049437594513,False,False,False,False,False,False,False,2,False,True,False,False
7839789,11182755.558969509,3342966.558969507,845,1000.5318793031358,155.53187930313584,0.4275340879998158,0.9338626411556468,359.2773519859075,18.89482650007239,43.303846736198224,142,14699.44782970454,192.9704300319519,2759,91.95048852519652,3,4.026668871427819,59.47282265574883,0,57.12088398559988,2020,11,45,1,155.53187930313584,42.64102718797035,11176.810844606198,1.1840613956250128,1,0.0010873504893077202,42.87911601440012,48.241488318642745,-0.351,14.691633653834812,0,75.45960197088118,False,False,False,True,False,False,False,1,True,False,False,False
9570556,10849593.465104343,1279037.4651043434,221,312.2129843386091,91.21298433860908,1.7575496703741484,4.156229025449712,93.08938939851096,29.87006495098464,32.33077387520021,245,23884.46351865523,277.88300300765377,8023,96.33299890423402,2,2.914103152087294,80.48557446209335,1,14.191067036269844,2020,11,45,2,91.21298433860909,13.364296338732498,34750.615795457976,1.4127284359213081,1,0.0002492833104823632,85.80893296373016,10.045148575929362,1.6059999999999999,76.50054519433904,1,116.66025164785546,False,True,False,False,False,False,False,1,False,True,False,False
20360030,24942188.69118991,4582158.691189911,590,651.3615526652018,61.36155266520177,1.2649208542315589,3.833841781691679,465.15758220761,13.98265638849233,62.50866690710416,294,13467.85907238131,531.6687605795742,7208,99.56347717561768,4,6.057777153823743,79.74385047170917,0,99.74581156447417,2020,11,45,3,61.36155266520177,22.505657856053805,38292.387060815876,1.1040026316359353,1,0.0005549389567147614,0.25418843552583326,90.34925162874715,0.46299999999999997,20.67647225611389,0,140.54739698867894,False,True,False,False,False,False,False,2,False,False,False,False
15994127,23684734.82537878,7690607.825378779,702,998.0964472428866,296.0964472428866,0.398687378758213,1.7532134572857343,305.81249097056883,24.6519017648341,53.36369123560402,99,5373.717850549839,898.8300916469725,8234,97.55160918751127,5,5.840454512140737,75.50491668374036,0,77.04201293443202,2020,11,45,4,296.0964472428866,48.08394872304552,23729.905953282192,1.4217898108873028,1,0.0006072382803011902,22.957987065567977,54.186640208338574,-0.08199999999999996,5.383966514853394,0,63.00467790013144,False,False,False,False,False,False,False,2,True,False,False,False
35761183,33613324.74977144,-2147858.250228561,789,751.8228396243658,-37.17716037563423,1.928442309214293,1.8840531388710624,213.6764845110579,8.731676558161528,80.59906946268026,78,48652.581201713125,609.7516485679877,3480,40.35650535066127,6,6.319215893757896,50.21765957471322,0,85.42045683560947,2020,11,45,5,-37.17716037563423,-6.00611632514663,44709.102967084254,0.9528806585860149,1,0.0017241379310344827,14.579543164390529,89.64444399822888,0.958,64.71282679576677,0,57.99922380625254,True,False,False,False,False,False,False,2,False,False,False,False
32707157,42159224.61339771,9452067.61339771,606,827.8439117690581,221.84391176905808,1.0848943803371092,2.667772167767897,390.442362572888,6.563746088199494,22.24767063374408,272,24426.634039538854,713.3815001876237,8476,42.862500487232325,9,4.127804763943139,77.76191149529993,0,29.16464738320751,2020,11,45,6,221.84391176905808,28.89908044712572,50926.53822059971,1.3660790623251784,1,0.0010618216139688533,70.83535261679249,21.349165057523752,0.31000000000000016,29.50632805566021,0,117.44342501658309,False,False,True,False,False,False,False,1,False,True,False,False
1953692,1845190.3027446824,-108501.69725531782,454,639.4719752441101,185.47197524411013,0.2385070585561445,0.0012050234256727,165.81445628073533,21.80263823932325,65.07075492885885,130,48620.73264889214,405.1256947695188,8770,48.85640914945532,7,1.0530724603310808,96.63990284364894,1,19.49044908127219,2020,11,46,0,185.47197524411013,-5.553674645507971,2885.490489306126,1.4085285798328417,1,0.0007981755986316989,80.50955091872781,13.837453751620172,-0.21000000000000002,76.03262462022954,1,78.06201795045463,False,False,False,False,False,False,False,1,True,False,False,False
17994986,20249422.266713805,2254436.266713805,627,632.6998009974069,5.699800997406896,1.2909825183886277,1.206221680190139,362.07942667084416,17.39713208011892,73.40642149580927,59,11314.558389552174,614.2702537398109,1114,60.93172580621639,8,1.3152848764655514,66.72888445564314,0,56.35764484458709,2020,11,46,1,5.699800997406896,12.528135707990023,32004.78684328968,1.0090905917024033,1,0.00718132854578097,43.64235515541291,55.84993588088853,0.15300000000000002,17.882980793917692,0,50.84106607277846,False,False,True,False,False,False,False,0,False,True,False,False
22614133,31259261.119403467,8645128.119403467,548,634.6979398439795,86.6979398439795,0.5810779233243394,1.0411590430410722,67.87004340751125,21.87450030324896,73.16405984318149,204,31431.505075586872,502.6418403742607,1568,89.79508185921753,3,6.974438152802616,98.37995966601252,1,79.49581158540182,2020,11,46,2,86.6979398439795,38.22887271160679,49250.61065597215,1.1582079194233204,1,0.001913265306122449,20.504188414598175,68.63690901456047,0.424,49.52199007186524,1,110.11156804392914,False,False,True,False,False,False,False,2,False,False,False,True
41523561,48170791.31918088,6647230.319180876,399,398.7206460544792,-0.2793539455208247,1.627017558566875,1.2524147337488172,427.7336169241724,5.766331970786265,82.02517769668675,166,14043.831475605784,693.2169213608446,8951,93.55937172012884,3,5.709322433399333,67.8378339598847,0,67.40025870866478,2020,11,46,3,-0.2793539455208247,16.0083339653381,120813.38600308917,0.9992998647981934,1,0.00033515808289576583,32.59974129133522,67.44748106443117,0.20699999999999996,35.22223294573742,0,92.7374529002419,True,False,False,False,False,False,False,1,False,False,True,False
33401727,50046121.952570245,16644394.952570245,756,1000.9156329117772,244.91563291177715,1.653861939775762,4.029529212667207,251.6768811595933,10.18268074993474,71.03236199806459,282,40553.33571334736,145.51800947110934,3689,51.21006437767498,6,8.389101336861462,56.99272512589089,0,66.79533983663539,2020,11,46,4,244.91563291177715,49.83094123417704,50000.33999567016,1.3239624773965306,1,0.001626457034426674,33.20466016336461,50.45108224515791,1.146,40.51623771263628,0,137.1645128243998,False,False,True,False,False,False,False,2,True,False,False,False
11825853,14610079.453238176,2784226.453238176,411,501.9167596040046,90.9167596040046,1.9599999761238576,1.3983692827322158,336.51181146107376,-5.385612165409988,84.94670431533874,192,40266.63449424389,543.9701946150633,5590,77.17984909718251,9,3.703688729081173,69.92017074635692,0,78.13864753194878,2020,11,46,5,90.9167596040046,23.543557096796114,29108.570641803308,1.221208660836994,1,0.0016100178890876566,21.861352468051223,63.98468176469857,0.6,80.22572214168123,0,100.66832764497863,False,False,True,False,False,False,False,1,False,False,True,False
17515348,19138973.320708703,1623625.3207087032,507,649.5653620686712,142.56536206867122,1.053552108946557,0.9576066102507408,149.55701891300765,-7.124799525028686,43.2859619874624,109,10067.321706769031,366.3933626295703,4340,95.0417191039166,9,8.339250135080576,74.73056564617721,1,30.43187429981608,2020,11,46,6,142.56536206867122,9.269729158157196,29464.276327415002,1.2811940080249926,1,0.0020737327188940094,69.56812570018391,23.752744790562925,0.45999999999999996,15.498550715062185,1,54.44834873873012,True,False,False,False,False,False,False,2,False,False,False,True
32343819,33380981.63094801,1037162.6309480108,622,633.128936068058,11.12893606805801,0.9644180714827004,2.5213173039651577,354.6831706963016,3.940142132015895,55.224659172608014,285,46042.90037943751,393.5665551501184,3988,67.82390415587925,8,4.82942272106389,81.47322050882956,0,69.53673536298905,2020,11,47,0,11.12893606805801,3.2066795542851967,52723.82879584536,1.0178921801737266,1,0.0020060180541624875,30.46326463701095,68.3144410748111,0.28500000000000003,72.7227863970004,0,131.74944039138717,False,False,True,False,False,False,False,1,True,False,False,False
33479425,37172618.06315609,3693193.06315609,231,237.24797648046533,6.247976480465354,1.5316036503483133,4.32822518186366,397.50812415197447,-5.916422736819984,20.985576429802347,208,13758.334124145107,964.8256884022552,4151,46.21261431716704,1,1.8702854699170357,75.2439081011167,0,45.28996022218216,2020,11,47,1,6.247976480465326,11.031232057169712,156682.55053048613,1.0270475172314517,1,0.0002409058058299205,54.71003977781784,44.0972393801871,0.8210000000000001,57.991365524999324,0,87.72074610789471,False,False,True,False,False,False,False,0,False,False,True,False
23687400,26613266.80131119,2925866.801311191,555,513.3186093947988,-41.68139060520116,0.3516942470496604,1.2067485191874994,262.94593409797943,-4.292391025089262,20.487031111230387,198,32583.98037152121,264.42533144024446,4015,67.46881900507749,5,9.801204063316248,76.8359313703109,0,16.277813678830526,2020,11,47,2,-41.68139060520116,12.351996425573052,51845.513321031074,0.9248983953059439,1,0.0012453300124533001,83.72218632116947,17.599569597529733,-0.131,63.47710715171154,0,84.05839202584234,False,False,True,False,False,False,False,2,False,False,True,False
33555703,31583574.15704577,-1972128.8429542296,442,483.2123103339075,41.21231033390751,1.139139476206936,0.3926812139639934,327.97711582780744,34.71106229666654,36.8088634316064,109,49353.512903946685,380.1207273207372,7345,62.54769413728343,9,5.607423362309679,51.20335191788027,0,28.19283456190468,2020,11,47,3,41.21231033390751,-5.877179336562341,65361.69191389394,1.0932405211174379,1,0.0012253233492171545,71.80716543809532,25.788318322749173,-0.007000000000000006,102.13629050518728,0,65.05597771848188,False,False,False,False,False,False,False,1,True,False,False,False
19567224,21949426.28688261,2382202.286882609,446,551.1876713728914,105.18767137289136,1.1378704402486168,1.7820236792483235,255.34666572007936,-7.861946664082088,27.056503799735967,107,44707.84406448637,558.9033181577846,4574,74.65947976396042,9,6.665306625661117,62.681008456699466,1,81.46033652844032,2020,11,47,4,105.18767137289137,12.17445196560641,39822.05594731691,1.235846796800205,1,0.0019676432006996065,18.539663471559678,65.91459130642528,0.42200000000000004,81.1118361067994,1,48.55836714069617,False,False,False,False,False,False,False,2,False,False,True,False
39067502,46042735.37903353,6975233.379033528,538,761.1413902383377,223.14139023833772,0.2699989333397357,3.738259122824889,452.3411161660305,26.24185366641085,38.21479575550275,218,48045.37678525261,876.7242533346613,8838,66.31952106442623,7,7.037174678406111,65.5348328969586,0,90.63376282724111,2020,11,47,5,223.14139023833775,17.854311184353502,60491.69834873396,1.4147609483983974,1,0.0007920343969223807,9.366237172758886,64.06295206963728,-0.05300000000000005,63.12280136310556,0,106.53699482657409,False,False,False,False,False,False,False,2,False,False,True,False
27504354,36680979.59204423,9176625.592044229,496,644.8776083637034,148.87760836370342,0.8941697624631357,2.753452723473973,274.0411312314436,4.990676184847029,32.393030616987815,223,20416.94470481537,475.0030748857334,2608,41.04075561122308,4,4.261710270041926,99.35442689407245,0,35.45396303755392,2020,11,47,6,148.87760836370342,33.364265134328285,56880.52913655607,1.3001564684752085,1,0.0015337423312883436,64.54603696244608,27.268997153191457,0.472,31.660185498796935,0,100.41511204055045,True,False,False,False,False,False,False,1,True,False,False,False
22244167,28784790.499182835,6540623.499182835,503,584.102610402045,81.102610402045,1.7212411172776838,4.0839668478717375,428.8139190629685,37.93501243894696,21.996401738705377,94,9750.903899875851,769.478752799354,1559,99.63986400482028,4,7.727754878759236,64.77838692435168,0,27.13248442051139,2020,11,48,0,81.102610402045,29.403769083296467,49280.36613185123,1.1612377940398508,1,0.0025657472738935213,72.86751557948861,23.365140679859984,0.8179999999999998,16.693820103224986,0,55.5794242532957,False,True,False,False,False,False,False,2,False,False,True,False
45124953,59802267.82813788,14677314.828137876,845,1243.7318979978277,398.7318979978277,1.7266918817898544,4.79796073804617,410.6084262216119,16.674575651762474,83.65129024842346,173,13475.609298025254,870.7366883933221,7621,72.61241426383425,7,8.832398188159154,94.82894244121428,0,12.405205382065732,2020,11,48,1,398.7318979978277,32.52593931374928,48082.92520631511,1.4718720686364823,1,0.0009185146306259021,87.59479461793427,8.428181800852915,1.0090000000000001,10.834818436126328,0,99.29775977005579,False,False,True,False,False,False,False,2,False,False,True,False
2478768,2243330.17619912,-235437.82380088,831,1106.51565700711,275.5156570071099,0.2885515633473939,3.963312383758085,234.72716960676044,6.806705263030416,20.575619197222405,75,27522.27027844762,379.014720239664,8126,68.41784532907657,0,4.484682787724729,65.23681002705393,0,95.29276497281306,2020,11,48,2,275.5156570071099,-9.498179087388573,2027.3822263544396,1.3315471203454994,1,0.0,4.70723502718694,71.56544707789782,0.47000000000000003,24.872915357465,0,38.214697338075844,False,False,True,False,False,False,False,1,False,False,False,False
10953821,11289012.739524402,335191.7395244017,742,1081.9095483144074,339.9095483144074,0.2723696772208786,3.019015394218767,153.53802133586376,18.4701414629189,71.52575010359598,151,40695.33552229949,453.4751651848389,6565,97.27704229024324,5,6.913007979683934,54.80551655211956,0,71.5469432531687,2020,11,48,3,339.9095483144074,3.060043974832177,10434.340612958309,1.45809912171753,1,0.0007616146230007616,28.453056746831294,49.068641622177125,0.471,37.61436026302012,0,87.39876746995446,True,False,False,False,False,False,False,2,False,False,False,False
16008832,20763624.36601971,4754792.366019711,808,982.974649442346,174.97464944234594,0.599121406303677,2.4667079402619025,232.7369596518969,11.007691047489786,30.650352084366155,100,11756.913988274384,420.9006013195207,5435,49.351622055224624,9,7.814114415794885,62.38086995304722,1,96.13270945388444,2020,11,48,4,174.97464944234605,29.70105730399139,21123.25519055774,1.2165527839632995,1,0.001655933762649494,3.867290546115555,79.02058235459559,0.36300000000000004,11.960546485043363,1,52.49741293955679,False,False,True,False,False,False,False,2,False,False,False,True
26853976,31966801.726412456,5112825.7264124565,600,633.2055389255303,33.20553892553028,1.7620555188525877,0.2003454317413333,421.79781909884906,21.03655855684066,83.856073539972,213,34687.91895173407,849.5702277561289,6650,51.354256152714896,8,2.711133079201732,63.6414192457149,0,87.74642646734995,2020,11,48,5,33.20553892553028,19.03936209078483,50484.08417376777,1.0553425648758838,1,0.0012030075187969924,12.253573532650051,83.14497054107694,0.06900000000000006,54.781452181538214,0,116.66778962904381,False,False,False,False,False,False,False,0,False,False,False,False
34957412,31573118.014854208,-3384293.9851457924,225,209.63160265923747,-15.368397340762527,0.344914911639648,4.921609894070206,152.43464111872655,-3.700692242050847,82.495715771292,101,19560.992181778038,139.91217575824103,9803,88.48088494376701,5,3.9933647595637063,98.9124296944492,0,40.64199334213669,2020,11,48,6,-15.368397340762527,-9.68119145989924,150612.396291113,0.9316960118188332,1,0.0005100479445067837,59.35800665786331,43.62151691815921,0.872,93.31127527358088,0,64.03850705877234,False,True,False,False,False,False,False,1,False,False,False,False
27204160,37615104.583114855,10410944.583114857,779,1040.4720595835518,261.4720595835517,1.467993924992148,1.9174056128752128,285.99635563598724,44.83447765469031,65.773080245848,258,20354.093257646902,377.578979945812,2881,55.64986480150053,6,1.9791626174285937,83.71457527836185,1,20.14147411799561,2020,11,49,0,261.47205958355175,38.26967854590936,36151.960292110365,1.3356509108903103,1,0.0020826102047900035,79.85852588200439,15.079893970625772,0.547,19.562364092500104,1,136.3822673701615,False,False,False,True,False,False,False,1,False,False,False,True
29044174,39607126.02930619,10562952.029306188,899,874.5308371241852,-24.469162875814845,0.2922146772648961,0.761141069584334,412.7435365823364,13.405573273319463,67.05639048604236,100,34786.297857106685,711.4677018356168,5169,87.95362637749162,3,6.419876178233831,96.5840497810483,0,54.9151115374124,2020,12,49,1,-24.469162875814845,36.36857439742025,45289.570530812394,0.9727817988033205,1,0.0005803830528148578,45.0848884625876,56.45162317486501,-0.576,39.777096907752565,0,64.13858912780854,False,False,True,False,False,False,True,2,False,False,True,False
10557540,12975760.350042634,2418220.3500426337,448,484.5859544795048,36.58595447950484,1.2839619221208682,3.333544276982284,209.06486380777045,9.152685183905277,20.3737399378782,180,26014.97387899491,608.8991496088083,4863,56.29200897451015,9,8.208439262387706,91.74975111024108,0,12.413241803590392,2020,12,49,2,36.58595447950478,22.90514977961375,26777.00463683463,1.0816650769631804,1,0.001850709438618137,87.5867581964096,11.476049350175087,0.9430000000000001,53.68495235677574,0,80.85792753653504,False,False,False,False,False,False,True,2,False,False,True,False
25334476,23811316.51905549,-1523159.4809445103,780,951.196384889664,171.19638488966393,0.7765278683263751,1.4214414454772966,338.9943366512138,29.06154165739457,88.94100962795214,63,41541.49818616972,492.66042336432486,8436,41.99125781350009,0,6.497547909264402,78.92992453390488,0,23.492496532910465,2020,12,49,3,171.19638488966405,-6.012200453423669,25033.018309691673,1.2194825447303386,1,0.0,76.50750346708953,19.264315536476424,-0.02200000000000013,43.67289325956428,0,60.600765385604014,False,False,False,True,False,False,True,2,False,False,False,False
15722791,21381565.453293286,5658774.453293286,560,693.6439734939953,133.6439734939953,1.5989365296351474,2.928891354655238,160.53420832196653,10.014467357243287,81.44828225030702,226,12016.332934827216,585.953404499246,4708,71.02088343320295,8,2.618054478793396,83.76939621227817,0,31.00893661135752,2020,12,49,4,133.6439734939953,35.99090297195508,30824.98554062386,1.2386499526678487,1,0.0016992353440951572,68.99106338864249,25.03446316254997,1.133,17.323487832380394,0,117.8388248822651,False,True,False,False,False,False,True,1,False,False,False,True
15163844,18958264.67102323,3794420.671023231,297,374.3239257031077,77.32392570310765,0.5440118527681909,2.933839539222956,99.17575041567196,35.83008677658167,82.65743580110644,254,40547.67213951673,277.8261272454864,2709,51.80118604761168,5,5.917316419235236,81.24185968480157,0,69.90819365300277,2020,12,49,5,77.3239257031077,25.022815263881842,50646.68157509077,1.260349918192282,1,0.0018456995201181247,30.09180634699723,55.46728939632256,0.732,108.32241637601552,0,137.14625677330645,False,False,False,True,False,False,True,2,False,False,True,False
41487099,56803139.691834,15316040.691833995,745,744.8161326663162,-0.1838673336837928,1.3144834758409236,2.228649104514346,407.4729012917854,14.984889839823389,66.14711759356103,282,7890.586162583939,487.6449594472094,8860,85.47077757594826,2,8.514407336737687,83.31315130958933,1,55.88897265586865,2020,12,49,6,-0.18386733368379282,36.917598629477574,76264.6473412013,0.9997531982098204,1,0.0002257336343115124,44.11102734413135,55.90276955947192,0.2909999999999999,10.594005441768521,1,137.13960223001533,False,False,False,False,False,False,True,2,False,True,False,False
10837695,14642248.272452062,3804553.272452062,295,332.71352065343183,37.71352065343183,0.5477968156941814,4.180593077725213,94.53588053391806,29.57571272959892,44.13508500581756,268,13732.424611052224,551.5326857587141,2692,78.47197799392889,3,3.724523164703972,63.23868323136381,0,37.2177600501518,2020,12,50,0,37.71352065343183,35.10481954375042,44008.57603771394,1.1278424428929892,1,0.001114413075780089,62.7822399498482,32.99907738414758,0.9710000000000001,41.27402031658487,0,129.31323932062494,False,False,False,True,False,False,True,1,True,False,False,False
3108542,4295387.200060776,1186845.2000607755,809,1027.6860778425755,218.6860778425757,1.4559545379130925,1.324835307777215,172.12162778581308,-4.09007309569624,82.55540543633366,50,34526.73715264244,911.0702097591414,1125,95.41616007867506,9,8.493863520273763,70.40625671039686,0,60.82915592722059,2020,12,50,1,218.68607784257551,38.18012431747026,4179.66857065739,1.2703165362701798,1,0.008,39.17084407277941,47.885038248673965,0.6839999999999999,33.596579633660625,0,43.539599702191225,True,False,False,False,False,False,True,2,True,False,False,False
41476928,50220465.16421031,8743537.164210305,439,650.5502889445388,211.5502889445388,1.7599882656654229,2.243162958088671,434.799239898848,36.53655520553115,40.40618497058347,234,43471.65454299821,334.7516465235787,2199,86.97930143594415,5,8.061609553929891,79.63079057990731,0,21.268238399953056,2020,12,50,2,211.5502889445388,21.080483984277503,77196.8993291643,1.4818913187802707,1,0.002273760800363802,78.73176160004695,14.352090555101382,0.46799999999999997,66.82289637212702,0,116.6828220528344,False,False,False,True,False,False,True,2,True,False,False,False
10326243,10163033.744234497,-163209.25576550514,254,339.49098538543257,85.49098538543257,0.340923418340844,2.688460642954857,205.91117918540024,30.464489272796044,59.3898080339542,194,16370.583248270706,881.0456519484393,7092,50.84655729044361,5,1.1956672705300735,51.796423252792856,0,78.01373141367513,2020,12,50,3,85.49098538543257,-1.5805289083890748,29936.09309742393,1.3365786826198132,1,0.0007050197405527354,21.98626858632487,58.36822959106401,0.32199999999999995,48.22096595491269,0,104.55628919202508,False,False,True,False,False,False,True,0,False,False,False,False
19163905,24964713.33593303,5800808.33593303,659,957.8975255549508,298.8975255549509,1.7465318083314567,3.318123603836498,487.8704072813725,1.644422815408113,26.981168064071767,289,19723.622262301084,679.8172607433837,3711,88.00949419988778,8,3.1550933267695176,74.14174507008467,0,74.08316248779559,2020,12,50,4,298.8975255549508,30.269448402781318,26061.98749857915,1.4535622542563744,1,0.002155753166262463,25.91683751220441,50.96662511073231,0.575,20.590534724342618,0,124.18767726384397,False,False,True,False,False,False,True,1,True,False,False,False
46759166,59490951.42833605,12731785.428336048,484,656.946381734437,172.94638173443695,1.227792983387166,3.919859252527948,490.8804506482369,-2.0092694639817346,84.53689410929252,227,29170.4336729033,118.30674796084088,7228,78.5042226888414,3,5.8864816521795325,92.98634666989268,0,29.48524081124765,2020,12,50,5,172.94638173443695,27.228427103118236,90556.78375344882,1.3573272349885062,1,0.00041505257332595465,70.51475918875235,21.72301568199015,0.41500000000000004,44.40306619223471,0,115.55828739359325,True,False,False,False,False,False,True,2,True,False,False,False
46010023,61899672.42891199,15889649.428911991,186,233.4356137283919,47.4356137283919,0.3415099326473455,1.9740364143912803,170.72420920410053,7.396079179909343,29.853932043984933,275,14520.776292018603,752.1682032094543,6995,80.1370985056375,4,7.458556330173334,74.6183863792665,0,64.5752400198676,2020,12,50,6,47.4356137283919,34.53519123194525,265168.07542885805,1.2550301813354403,1,0.0005718370264474624,35.42475998013239,51.45313712786972,0.23400000000000004,62.204631333220156,0,121.17500336716827,False,False,False,False,False,False,True,2,False,True,False,False
37400662,37472793.0525141,72131.05251409858,545,553.2916417075847,8.291641707584745,0.9123295251834528,3.23023472048298,68.4402000124507,43.68388223175474,35.74277640112851,63,41502.03177143775,131.99668979414955,9182,89.93577315820892,4,8.924774730875463,77.61616843277497,0,55.29723438675141,2020,12,51,0,8.291641707584745,0.1928603630441049,67727.01813615777,1.0152140214818068,1,0.00043563493792202136,44.70276561324859,54.4685487164958,1.0550000000000002,75.00932355195711,0,49.02799758986498,False,False,True,False,False,False,True,2,False,False,True,False
14970696,15224975.067147875,254279.06714787707,813,1056.909260993168,243.9092609931679,0.405634557621686,0.7530547653425956,367.2784778924206,4.125736601188224,59.06939106897505,295,39813.649025259234,997.6430141324316,6502,74.42944415133641,2,6.7693808644110485,60.09525602575954,1,15.473468066481978,2020,12,51,1,243.9092609931679,1.698511994017347,14405.186546327644,1.3000113911355078,1,0.00030759766225776686,84.52653193351802,11.902563448283729,-0.419,37.669883777767936,1,136.95853830104897,False,True,False,False,False,False,True,2,False,True,False,False
19895649,28535249.23251313,8639600.23251313,702,894.3674731823129,192.3674731823129,1.430660988846482,4.663240502712393,252.94392619175468,15.08699649206483,73.4865100149087,296,11538.127038460172,885.373018922078,6760,67.96021086118077,1,4.423097541245852,89.7171671992719,0,35.0338525152521,2020,12,51,2,192.3674731823129,43.42457103315971,31905.508740137673,1.2740277395759443,1,0.00014792899408284024,64.96614748474789,27.49850056397751,1.1480000000000001,12.900879542729273,0,144.97205195209207,False,False,True,False,False,False,True,1,False,False,False,False
6553535,8847184.950827155,2293649.9508271557,527,664.8007516985876,137.80075169858765,1.5418494553941045,1.9152940321050176,95.33877978180934,-8.348887585546503,63.35459141554092,236,25872.337931748447,367.6093727860411,6582,78.19846212152368,7,2.661644860635838,67.94391440187644,1,99.95344336214671,2020,12,51,3,137.80075169858765,34.99866790712425,13308.024890498858,1.26148150227436,1,0.0010635065329687025,0.046556637853285565,79.23496554007164,1.035,38.91743182546617,1,110.90171114899833,False,False,True,False,False,False,True,1,True,False,False,False
4678621,6760313.028018956,2081692.028018956,617,736.6187283292468,119.61872832924678,0.301013388518318,3.647607109882192,368.3852685401193,11.84751412614279,36.24937389601093,130,39867.24949945796,331.6701071770349,3498,57.877445737501546,9,7.8403226991618835,97.82937767397722,0,18.95820949997344,2020,12,51,4,119.61872832924678,44.49370932201938,9177.492735424039,1.1938715207929445,1,0.002572898799313894,81.04179050002656,15.879606113212075,0.11699999999999999,54.121960203051586,0,66.42906640664611,False,False,False,False,False,False,True,2,False,False,True,False
39111198,53004637.29100542,13893439.291005418,394,479.5744211830647,85.57442118306471,1.0616657201198243,0.1017054094108882,64.02870910036455,21.42260084882065,20.066012976924323,52,20179.828899653665,443.296973895048,3565,50.95582786522596,8,2.861034033917081,99.68574041297896,1,55.57701763199447,2020,12,51,5,85.57442118306471,35.52291926983525,110524.32104332837,1.2171939623935653,1,0.002244039270687237,44.42298236800553,45.65995178180509,0.49000000000000005,42.0786180586361,1,33.246584147723496,False,False,False,True,False,False,True,1,True,False,False,False
16074661,20226636.364887223,4151975.364887223,608,669.2046338926845,61.204633892684456,1.6477876064492427,1.025935714524035,441.58851072150895,42.42185368793808,73.00054062152074,147,33489.80702229793,420.5502687829987,7989,76.99527028427478,9,7.258874693214248,95.80002712979214,0,86.44003791531195,2020,12,51,6,61.204633892684456,25.829318359418107,30224.889877452377,1.1006655162708625,1,0.0011265490048817123,13.559962084688053,78.53433821400827,0.1399999999999999,50.04419474427676,0,93.42671829283765,False,False,True,False,False,False,True,2,True,False,False,False
40781450,52709193.90507922,11927743.905079223,677,820.2448157513036,143.24481575130358,1.8787097789468932,2.4354127216178902,112.39363810098668,18.420482471703544,88.96451281377657,89,7259.590465590772,435.10403654684296,5790,54.03090214512866,8,2.6309045563408664,54.2438372408072,1,37.058668570464754,2020,12,52,0,143.24481575130358,29.24796422167241,64260.31947157169,1.211587615585382,1,0.001381692573402418,62.941331429535246,30.586866433559372,1.2910000000000001,8.850516731326545,1,67.81549858564404,True,False,False,False,False,False,True,1,False,False,False,False
22777762,32651392.343435798,9873630.343435794,719,732.3256177096956,13.32561770969562,1.075683946809363,4.391262338661733,107.29034543602626,35.050902939772826,76.69391842142633,138,32390.994223819307,386.4488915075324,6024,44.794906560796406,4,1.81948465278518,66.65915777480134,1,33.46377750943755,2020,12,52,1,13.32561770969562,43.347675436400635,44585.89397097847,1.018533543407087,1,0.0006640106241699867,66.53622249056245,32.85486052574978,1.2630000000000001,44.230317007235385,1,88.72344640835976,False,False,False,True,False,False,True,1,True,False,False,False
10686599,13329224.510376329,2642625.5103763286,546,755.1751325752593,209.1751325752593,1.9055305248616732,2.636275749753385,129.05253408586304,20.09202034128953,52.21446327096307,174,11869.384100027317,659.0200661634983,9307,40.03325107511523,8,3.2599020133588104,97.25688175512587,1,90.17137465212912,2020,12,52,2,209.17513257525934,24.728405270716426,17650.50772384638,1.383104638416226,1,0.0008595680670463093,9.828625347870883,65.19490438220431,1.313,15.717392678902117,1,91.29194508367578,False,True,False,False,False,False,True,1,False,False,False,True
7971138,10198551.3097346,2227413.3097346,492,497.6413570270585,5.641357027058518,1.1178090438664567,4.649352411469395,482.11986132142994,-7.756824261046504,83.26370829793746,243,42376.24963015031,247.83729734856155,2031,76.49916408400404,3,3.5643682497260283,90.22666474222189,1,37.434695228341575,2020,12,52,3,5.641357027058518,27.94347945970324,20493.777628654905,1.0114661728192247,1,0.0014771048744460858,62.565304771658425,37.010328406733706,0.5,85.15419595209842,1,119.85206521106728,False,False,False,False,False,False,True,1,False,False,True,False
31450573,31258285.127682906,-192287.8723170944,717,681.8524979104484,-35.14750208955161,0.848961939739825,2.4189844829139817,361.9262121142307,7.325455135437572,48.6893371182845,211,20995.22586112153,861.3831632014119,2241,61.72892700881421,1,6.82488221045419,95.55917946537149,0,68.63439801275128,2020,12,52,4,-35.14750208955161,-0.6113970397839631,45843.17755449249,0.9509797739336797,1,0.0004462293618920125,31.365601987248724,72.1723004989355,0.17400000000000004,30.79144818778526,0,101.20443767611661,False,True,False,False,False,False,True,2,False,False,True,False
49791739,58970982.11914952,9179243.11914952,233,270.6871944847306,37.68719448473058,1.7115859442505017,2.4522454836797496,410.6171909586365,21.65522293071068,56.74538589704273,267,17669.923822768807,831.1622356281838,2742,85.13865824040735,2,2.4479503096785304,78.62765968205494,0,76.62816858978843,2020,12,52,5,37.68719448473058,18.435273206966162,217856.5640365971,1.1617476158142943,1,0.0007293946024799417,23.37183141021157,65.95939388786958,0.5419999999999999,65.27801899312072,0,130.32018264832604,False,False,False,True,False,False,True,0,False,False,False,True
44757228,59519874.5270701,14762646.527070098,720,932.3888138666188,212.3888138666188,1.0366671498703692,0.5987339425026594,228.93574357973887,42.28266812621184,53.39908371769783,144,42840.00395201682,528.8348870697434,6709,62.51058389878615,0,9.372762216881991,74.01987940937651,0,80.97559743763945,2020,12,52,6,212.38881386661876,32.98382671748594,63835.89511358574,1.2949844637036372,1,0.0,19.02440256236055,62.530169053959455,0.201,45.94650141110039,0,86.30452555317291,False,False,False,True,False,False,True,2,False,False,False,False
45050399,47869005.09917333,2818606.09917333,646,751.0590413442405,105.05904134424054,0.9966147700725936,4.013281220761099,201.34072737723,37.25216978631783,51.33367108658675,58,7256.481038231459,867.4569687506928,6999,69.1602068942936,4,5.989255177080461,55.32481585022255,0,99.52836735762968,2020,12,53,0,105.05904134424054,6.256561898981914,63735.34231542929,1.1626300949601247,1,0.0005715102157451065,0.47163264237032365,85.6062197160338,0.921,9.66166524704084,0,49.775752261871375,False,False,False,True,False,False,True,2,True,False,False,False
43161441,44083046.02782784,921605.027827844,343,365.65600035557935,22.65600035557935,1.0315937298786737,1.2348270623353126,155.51780305242647,2.559558779836621,74.2633538505734,143,22847.39597004552,322.430563027264,5090,64.4250983689231,0,5.4183855773481895,91.97357711615496,1,82.28728627389103,2020,12,53,1,22.65600035557935,2.135250831472092,120558.79292274603,1.0660524791707853,1,0.0,17.712713726108973,77.18877623913703,0.49,62.483306571826375,1,80.246873789123,False,True,False,False,False,False,True,2,True,False,False,False
27150956,29548279.117032923,2397323.117032923,513,633.5050904014777,120.50509040147767,1.7088915035525165,4.498062446861575,266.291612740584,2.106040651053993,56.87382350886444,133,21650.15932587641,115.80891013357024,9160,79.03448746656076,0,4.912250628775309,87.25707742102392,0,69.1310941198781,2020,12,53,2,120.50509040147767,8.829608493464919,46642.52831545046,1.2349027103342645,1,0.0,30.8689058801219,55.98100444784483,1.2239999999999998,34.17519393909816,0,70.89395924797553,False,False,False,True,False,False,True,1,False,False,True,False
9547900,9976604.307607666,428704.30760766566,726,804.5542173055543,78.55421730555429,1.680688929207299,4.5541211016519805,298.32293009037585,1.0645131912645418,42.17019854176512,70,17816.016841229786,657.2871325268408,7883,61.368349720898095,6,6.099412122551719,52.94383015077061,0,90.59172019830764,2020,12,53,3,78.55421730555429,4.490037679570017,12400.164082191048,1.10820140124732,1,0.000761131548902702,9.408279801692359,81.74662123359838,1.1560000000000001,22.143960541149713,0,40.970413519908895,False,True,False,False,False,False,True,2,False,False,False,False
31885970,32808991.738298044,923021.7382980436,527,769.2727636180414,242.27276361804135,0.8666879856364013,4.716550559370749,334.29867964373994,40.73743929663768,38.07107173609349,270,46028.94494006647,512.1184662682438,6129,97.82605899653852,1,1.2020227044560403,60.470729479764266,0,91.51701720750528,2021,1,53,4,242.27276361804138,2.894758222183749,42649.36091587448,1.4597206140759797,1,0.00016315875346712352,8.482982792494724,62.694885805553014,0.694,59.834361902510715,0,131.64255330981933,False,False,False,True,False,False,True,0,False,False,False,False
30856890,35636946.43487271,4780056.434872709,452,657.0213618604887,205.0213618604887,0.7332697337539975,2.60115244551545,165.70332679941254,36.89663842059464,22.642312187720336,74,38791.7777082525,610.4480916662835,5403,96.1688191959118,7,9.910777371211742,77.86387816575052,0,97.58498118936537,2021,1,53,5,205.0213618604887,15.491050572085227,54240.16402443826,1.4535870837621432,1,0.0012955765315565426,2.415018810634635,67.13390775102238,0.599,59.04188198448487,0,47.4616851824945,True,False,False,False,False,False,True,2,False,False,False,False
42099621,60821453.31822002,18721832.31822002,899,1080.0793596929484,181.0793596929484,1.0346632456743456,3.385468923918222,476.8943364063458,32.61858877391218,60.82366133181322,151,7876.542388637245,909.4054681165628,7577,90.88167415943688,5,6.017719385748394,84.22012010323193,0,79.88187380288375,2021,1,53,6,181.0793596929484,44.47031083301206,56312.02260499702,1.2014230919832574,1,0.0006598917777484492,20.118126197116254,66.48937775202755,0.248,7.292558938332491,0,88.43267503171764,False,False,False,True,False,False,True,2,True,False,False,False
12556367,15120826.50920502,2564459.509205021,593,650.3611250716964,57.36112507169639,1.1882677685005072,3.8925794003083176,126.39132419321112,11.600431282332517,36.0972990780724,171,37160.93522457294,972.9330162093491,5897,95.21801623436488,3,1.3167550192616,56.88351321305032,0,27.543459753831783,2021,1,1,0,57.36112507169639,20.42357880432309,23249.892907633563,1.0967303964109552,1,0.0005087332541970493,72.45654024616822,25.11415735714777,1.2000000000000002,57.138924502100714,0,82.70931910812148,False,True,False,False,False,False,True,0,False,False,False,False
43406977,43960512.68872918,553535.6887291819,679,911.4077454459348,232.4077454459348,0.5528407001931942,0.655073093252328,484.5439286448856,17.740938736432174,30.36937454114682,221,28728.460990795727,671.0078257800427,1163,66.94838130756347,8,6.309798442296398,62.241240923116194,0,73.88254800135911,2021,1,1,1,232.40774544593478,1.2752228489193842,48233.639562959965,1.3422794483739835,1,0.006878761822871883,26.117451998640888,55.042597941031794,-0.598,31.52097525431872,0,102.83309398327371,False,False,True,False,False,False,True,2,False,False,False,True
16275664,15399756.617017316,-875907.3829826843,272,250.7915523764365,-21.2084476235635,1.608514660959622,3.0047859749874863,56.6852551283767,15.538245963733406,65.76809746793744,74,45539.05524807106,787.6500308671946,4310,72.18582380736953,9,4.933708824607109,59.6555105854507,0,16.761559747943664,2021,1,1,2,-21.2084476235635,-5.381699837147561,61404.60661889592,0.92202776608984,1,0.0020881670533642693,83.23844025205634,18.179018424820907,1.395,181.58129656503436,0,53.99190302950126,False,False,False,True,False,False,True,1,False,True,False,False
3681206,4850701.907051161,1169495.907051161,864,1023.7202527330288,159.72025273302893,1.0243172548916035,0.1714895065165583,266.5065613175805,3.9368959157654952,67.68464804750842,186,19082.55278067613,175.42759013844784,4388,84.52555555349467,7,1.2163392699976798,60.99985763352712,0,38.616663512385415,2021,1,1,3,159.72025273302881,31.76936870827552,4738.308042750184,1.1848614036261909,1,0.0015952597994530538,61.383336487614585,32.59171359131257,-0.006000000000000005,18.6403978330324,0,95.88646318898219,False,False,True,False,False,False,True,0,False,False,False,False
34742203,39247546.1293189,4505343.1293189,258,284.26286143304765,26.262861433047647,0.7346865419979232,2.4878304169436296,200.01552715245325,17.77654253818218,72.65084245803662,152,30837.28998243123,244.64402640235505,1995,81.76875549631247,9,9.319858769417255,96.03565617843832,0,20.422675928402512,2021,1,1,4,26.262861433047647,12.967925866183272,138067.7937717969,1.1017940365622,1,0.004511278195488722,79.57732407159749,18.535838142784847,0.497,108.48159983675647,0,87.92821549886564,True,False,False,False,False,False,True,2,False,True,False,False
18014415,25095855.738978896,7081440.738978896,801,1163.309546380288,362.3095463802879,0.3029598866315821,0.774213408101137,252.10553626861287,-8.322689868098504,55.2503827437014,239,27533.98736334437,759.8843244576789,7161,93.44071573632826,2,1.0951018486643205,85.7909786519377,1,95.4948346198786,2021,1,1,5,362.3095463802881,39.30985679512155,21572.8099344377,1.4523215310615332,1,0.00027929060187124703,4.505165380121397,65.75323203401065,-0.22499999999999998,23.6686679388286,1,109.67830786268087,False,False,False,False,False,False,True,1,True,False,False,False
41844645,54218376.8924701,12373731.8924701,396,359.2519192799893,-36.74808072001065,0.5538058047668531,0.9146146298104236,306.79906054135506,-2.750429457639746,82.58382236427207,285,27030.240780242257,488.22891074920176,2877,82.97986163540172,2,6.200845091900392,86.85534902016516,0,40.48787010019258,2021,1,1,6,-36.748080720010705,29.570646118446213,150920.21498767292,0.9072018163636093,1,0.0006951685783802572,59.51212989980742,44.629397086617956,-0.183,75.2403517687981,0,137.9500178719897,True,False,False,False,False,False,True,2,False,False,False,False
15392507,21206947.5606889,5814440.560688902,537,661.4169529564521,124.41695295645206,1.903634226336369,1.8252378334630075,246.01512110571903,38.762427789292055,85.54399273787595,203,25524.742978274568,501.3687433639651,9103,99.87308249370764,3,9.656116728636016,89.69976554346412,0,74.18940817989248,2021,1,2,0,124.41695295645206,37.774487032482114,32062.902932706013,1.2316889254310095,1,0.000329561682961661,25.81059182010752,60.23388426093959,0.8579999999999999,38.591002036131854,0,118.4919261581504,False,False,False,True,False,False,True,2,False,False,True,False
20634497,21937929.14072512,1303432.1407251172,797,1071.4853244660603,274.48532446606055,0.6796894049571005,2.162185833582515,236.68108263571773,31.34238718672828,76.51596578547426,106,14253.326398952657,377.746913471893,4264,60.91034798989546,8,3.138440472847234,67.828652132203,0,61.41865922075146,2021,1,2,1,274.4853244660603,6.316762365106941,20474.31601702727,1.3443981486399752,1,0.001876172607879925,38.58134077924854,45.684873400699054,0.31,13.302400017522718,0,74.75750589166077,False,False,True,False,False,False,True,1,True,False,False,False
45675521,60082281.60144446,14406760.60144446,686,817.0334036648953,131.03340366489533,0.4208326497973671,3.1158621226609364,379.7255369359879,13.25776249824979,64.4915437405731,86,39006.94651215767,646.6207451299695,2348,89.97986453436508,8,3.28761166819237,88.35923071995703,0,19.67602717514232,2021,1,2,2,131.03340366489533,31.54153534766349,73537.11773831844,1.1910107925144247,1,0.0034071550255536627,80.32397282485768,16.5204440621423,0.06899999999999995,47.74216860312886,0,57.724791871646865,False,False,True,False,False,False,True,1,False,False,False,True
31000601,32812189.036054853,1811588.0360548531,738,702.0164617560531,-35.983538243946896,0.975278304144487,0.3721420921925783,358.6443237889091,18.443269925613247,41.260466751383206,65,25310.12147326799,266.64854087458235,3251,81.85808936995986,4,1.0038081570413713,98.92066971614685,0,60.52100030927897,2021,1,2,3,-35.983538243946896,5.843719081623138,46739.913981471436,0.951241818097633,1,0.0012303906490310674,39.47899969072103,63.623149400973084,-0.16999999999999993,36.05345864676193,0,43.91112100309894,False,True,False,False,False,False,True,0,False,False,False,True
46545655,68116823.97952072,21571168.979520723,360,534.0516602460269,174.05166024602693,0.6834667123844724,2.518458806187223,424.9720769161315,10.349938727798758,88.80614451341549,86,48133.23237511726,664.2246513825061,8290,81.48318671290112,8,1.597160547891828,84.9197122970471,0,69.49211890823855,2021,1,2,4,174.05166024602693,46.3441087670175,127547.25628629385,1.4834768340167415,1,0.0009650180940892642,30.507881091761448,46.84408769638685,-0.010999999999999899,90.12842007258855,0,64.14682497236427,False,False,True,False,False,False,True,0,False,True,False,False
35305950,45256034.13906195,9950084.13906195,755,914.1587254133724,159.1587254133724,0.1668025755152689,0.9131256512655056,162.481541557773,30.742892693836986,39.18953170343568,125,16736.379223674936,256.4189714217157,9018,59.55013569069993,5,1.4039957041937932,70.83765561462695,0,89.33655315822666,2021,1,2,5,159.1587254133724,28.182456892002484,49505.663383126026,1.2108062588256587,1,0.0005544466622310934,10.663446841773336,73.78269851765775,-0.060000000000000026,18.3079576428119,0,70.9797273191818,False,True,False,False,False,False,True,0,False,True,False,False
18290529,20022771.595169578,1732242.5951695775,425,539.117492301348,114.11749230134797,0.7139759128308927,2.869875875158709,324.28782938932864,33.130294857764376,34.18598453933018,201,35723.47278321685,157.44343123874222,7590,87.13610754538135,7,8.40390655319583,85.81798928554873,0,16.307707817722886,2021,1,2,6,114.11749230134797,9.470708010520514,37139.90341826554,1.268511746591407,1,0.000922266139657444,83.69229218227711,12.855779902348564,0.2879999999999999,66.26287088315931,0,100.59488381912837,False,False,False,False,False,False,True,2,False,False,True,False
46874626,49767124.04850827,2892498.048508272,423,440.7515628511654,17.751562851165374,1.1338063854849902,3.1870230613059176,313.33765342678424,31.98068546117375,50.9507879650608,75,47332.26858375988,397.3219198291549,8658,94.02256134085596,7,8.530638129504272,95.03973501314348,1,36.60705865871565,2021,1,3,0,17.751562851165374,6.1707117375363625,112914.23160605744,1.0419658696245044,1,0.0008085008085008085,63.39294134128435,35.132684981234384,0.6020000000000001,107.38990527355932,1,54.87944202787036,False,False,False,True,False,False,True,2,False,False,True,False
29380039,29807693.409325022,427654.409325026,685,815.2177129788963,130.21771297889632,1.1482535068379371,2.783546282764269,216.38201489270995,29.74364486589473,23.978839949867197,69,34855.624535724164,308.0263078088629,1432,53.11290769123378,9,7.540300757660704,56.43807718379868,0,72.31068495213512,2021,1,3,1,130.21771297889632,1.45559510429861,36564.089487708,1.1900988510640822,1,0.006284916201117319,27.68931504786488,60.76023423388842,0.7599999999999998,42.756215892755606,0,43.71674544472858,False,True,False,False,False,False,True,2,False,False,False,True
49383190,65027022.87289868,15643832.872898685,601,695.6513068001709,94.65130680017091,0.7774619502360884,3.691477552391538,268.7258938562064,1.24773862810377,88.49461252702535,186,44207.28084278276,900.0924747006991,6743,77.52981022700224,6,4.174705112653829,63.26473377923607,0,13.089847228463068,2021,1,3,2,94.65130680017091,31.678457533623654,93476.46189584173,1.1574896951749931,1,0.0008898116565327006,86.91015277153693,11.308823986103912,0.59,63.54804542253453,0,101.32270534653874,False,False,False,False,False,False,True,1,False,False,False,False
32581133,33598621.185757205,1017488.1857572048,499,471.523815095394,-27.476184904606043,0.9498752368799412,1.6780462212045066,191.20196448757792,8.588348858226333,61.19034894914974,264,42236.64318906528,149.45810848176393,6247,63.52808974616652,3,8.39129004899958,95.96481076644524,1,28.31981105597238,2021,1,3,3,-27.476184904605987,3.1229367798756567,71255.4066414649,0.9449375052011904,1,0.00048023051064510964,71.68018894402762,29.970036007770375,0.4579999999999999,89.57478251765583,1,126.53360934221283,False,False,True,False,False,False,True,2,False,False,False,True
3332214,4189199.326181581,856985.3261815812,266,256.3431924261758,-9.65680757382421,1.9344840446460565,3.8255329581656543,113.82997892764334,15.841498924102122,58.98664641649227,152,21205.297197005173,258.9523233167106,8715,99.37288715769262,3,5.857970682185938,97.31164502222636,0,29.68033567642013,2021,1,3,4,-9.65680757382421,25.718195955649332,16342.15165432188,0.9636962121284804,1,0.00034423407917383823,70.31966432357987,30.798435547304123,1.584,82.72229504636478,0,83.24844360217833,False,False,True,False,False,False,True,1,False,False,False,True
28496053,30171079.95175285,1675026.951752849,396,555.3834706614208,159.3834706614208,0.8169621067375921,2.1638354085409683,146.21054479822976,8.19361452852106,65.9057395929804,78,32005.577297277345,593.8476450247445,4817,68.7299689499009,5,3.7387924883193095,74.20695635589725,0,70.23937714962165,2021,1,3,5,159.3834706614208,5.878101615521452,54324.77116364539,1.4024835117712646,1,0.0010379904504878555,29.760622850378354,50.08214111616394,0.5960000000000001,57.62788953578517,0,53.429806236450446,False,False,False,False,False,False,True,1,False,False,True,False
39636252,51415407.54721432,11779155.547214322,669,698.3637288157253,29.363728815725267,0.5906309451939676,2.420922491612984,97.4811408805405,31.521711008708092,54.79165534440447,80,12031.760291511002,532.9604717627262,2070,53.69921042781656,8,4.935490922029514,68.72754817016488,0,35.73646115279027,2021,1,3,6,29.363728815725267,29.718136687632125,73622.67744689976,1.043891971323954,1,0.003864734299516908,64.26353884720973,34.23386914976096,0.657,17.2285011306562,0,57.894009905933764,False,False,True,False,False,False,True,1,False,True,False,False
23043878,32007113.209104784,8963235.209104784,698,709.8485241036266,11.848524103626572,0.5625873837268442,3.2405106363053573,357.38130883555584,8.114443833747508,22.24444619661791,68,29098.66472130198,141.2668165372314,5600,62.91145751330996,6,1.591909928511181,64.13909028015146,0,63.96360960341416,2021,1,4,0,11.848524103626573,38.89638371243236,45090.060938736635,1.0169749628991784,1,0.0010714285714285715,36.03639039658584,62.89595313248182,0.20900000000000007,40.9927804781264,0,36.30766700910963,False,False,False,False,False,False,True,0,False,False,True,False
34015348,46492692.83900999,12477344.839009993,457,549.7467199327881,92.7467199327881,0.9697527641378548,0.0917919199961198,347.3273268991182,-2.3972352268064565,62.86179021882777,197,15368.988731645177,106.52718521363002,9306,79.23030338899758,4,9.504178180749223,74.93757705454843,1,96.88136020086765,2021,1,4,1,92.7467199327881,36.68151458867918,84571.11457562527,1.2029468707500834,1,0.0004298302170642596,3.118639799132353,80.5366908186547,-0.2139999999999999,27.95649009697445,1,96.93936649760641,False,True,False,False,False,False,True,2,False,False,True,False
32263040,43765162.15432383,11502122.154323831,348,473.7144010284927,125.71440102849272,1.5430882825621937,3.2699711071012416,477.7728672109428,11.947224862656723,70.13217138695015,264,38468.15667286005,989.2611477650348,1994,44.565362280974576,4,6.572047756166561,96.72655757955258,0,81.39186838011105,2021,1,4,2,125.71440102849272,35.65107985584691,92387.23175673831,1.3612482788175078,1,0.0020060180541624875,18.60813161988895,59.792081758086574,0.4760000000000001,81.20537731033913,0,130.22381887488208,False,True,False,False,False,False,True,2,False,False,True,False
10042832,10169707.54980188,126875.54980187865,509,477.0184667740229,-31.981533225977103,0.491377549958099,3.092925745360577,378.3552861412586,43.89529380303092,49.172434243683725,284,28762.62898514561,692.9512303229544,5318,76.21611521327426,7,7.581107304375156,57.49048137122277,0,39.96125241800554,2021,1,4,3,-31.981533225977103,1.2633443415351415,21319.31624906999,0.9371679111473927,1,0.0013162843174125611,60.03874758199446,42.640440355112254,0.10199999999999998,60.29667819709646,0,141.52031841401438,False,False,False,False,False,False,True,2,False,False,False,True
3250397,3097728.9999141837,-152668.00008581672,829,1033.0042592280683,204.00425922806835,1.4476626415674594,1.5492355837663996,73.42062744025915,2.423477711346674,73.0106900449835,76,23505.23131842472,428.8655178114012,5731,95.87348555073388,5,7.08925033377889,70.99153192736101,1,52.51599719554279,2021,1,4,4,204.00425922806835,-4.69690318092886,2998.757238647805,1.2460847517829534,1,0.0008724480893386843,47.48400280445721,42.14480365031397,0.96,22.754244339698506,1,53.03025032689906,False,True,False,False,False,False,True,2,False,False,False,False
44942324,59295522.42558031,14353198.425580308,620,602.3462847366933,-17.653715263306708,0.1401846643638909,0.4289714244974474,447.9103282680294,23.6687262418776,35.890090953689445,143,17095.86932751399,523.3890228969171,7068,91.02176725947103,0,7.009749860688826,95.58039284787444,0,28.060651189090255,2021,1,4,5,-17.653715263306708,31.936929709243135,98440.91999587989,0.971526265704344,1,0.0,71.93934881090975,28.883059758293456,-0.787,28.382127956491328,0,75.06764515867012,False,True,False,False,False,False,True,2,False,False,False,True
11390284,12768603.225435829,1378319.225435827,570,525.4696793823615,-44.530320617638495,0.8959726581694973,0.4546772495652057,438.2038233255766,13.813517741183848,35.48936137463288,134,49941.43168285791,339.8951084088583,8670,44.060412199479,0,1.1553488694751608,67.4559635072126,0,11.414800927310484,2021,1,4,6,-44.530320617638495,12.100832827661092,24299.410082888284,0.921876630495371,1,0.0,88.58519907268952,12.382135038152267,-0.35,95.04150980044977,0,68.39086373474503,False,True,False,False,False,False,True,0,True,False,False,False
42846292,49676322.396945566,6830030.396945566,675,628.861300625698,-46.13869937430195,1.574143623885295,4.616118734926143,249.4941443477144,-6.093648779287035,31.299189138130178,93,8226.97343982197,410.3864053238888,5767,99.60339272434408,8,5.72834151806362,88.40407035217686,1,36.07438583123725,2021,2,5,0,-46.13869937430195,15.94077358420086,78994.0839856406,0.9316463712973304,1,0.001387203051846714,63.92561416876275,38.721114515804075,1.2200000000000002,13.0823337859022,1,44.761662107652946,True,False,False,False,False,False,True,2,False,False,True,False
43397458,39868787.06774358,-3528670.932256423,560,784.2791403580363,224.27914035803636,0.7435926159714197,3.446396606129185,313.6383727375647,16.833213329893272,46.03963318524133,212,6960.230625758901,684.1400205413926,1957,81.92361542223276,7,8.395392057629806,69.4629893120551,0,43.24677500844444,2021,2,5,1,224.27914035803633,-8.131054432396532,50834.945131325076,1.400498464925065,1,0.0035769034236075624,56.75322499155556,30.879559022407353,0.43999999999999995,8.874685386355477,0,103.66185395454039,False,False,False,True,False,False,True,2,False,False,True,False
31891320,33669129.364976615,1777809.3649766147,485,470.8299927357659,-14.170007264234073,1.171100492746259,0.635513068853702,489.2352496126335,28.619038075657187,79.29084247723586,162,14776.583022223906,894.5306189806337,9287,49.73684945884142,5,1.4006696627043995,90.24633391615208,0,60.79304556266278,2021,2,5,2,-14.170007264234073,5.5745869565029444,71510.16265837601,0.970783490176837,1,0.0005383869925702595,39.20695443733722,62.6226611575242,-0.276,31.384115817185542,0,97.17296416586791,False,False,True,False,False,False,True,0,True,False,False,False
42280792,38907031.81651452,-3373760.183485478,852,789.8813774875637,-62.11862251243633,0.4894605423692305,1.7836158465445318,289.53696373167486,18.227098670530037,77.95384435043451,248,48698.260638251886,265.7170207730664,3154,40.74496535016541,0,9.605491154994436,99.05011749786044,0,94.96599843373568,2021,2,5,3,-62.11862251243633,-7.979415767532165,49256.80352190237,0.9270908186473752,0,0.0,5.0340015662643225,102.43440720542459,0.009000000000000008,61.65262535135362,0,128.05428290628936,True,False,False,False,False,False,True,2,False,False,True,False
2472542,3529582.04913542,1057040.04913542,692,804.6160331417373,112.61603314173726,1.5097912431397271,2.962414969507982,457.3948227692404,37.96583350606196,46.79769455744527,199,49065.7175743993,856.3253548467868,1631,50.27695817752908,1,4.817437147053902,69.39110052876391,1,95.30668657646504,2021,2,5,4,112.61603314173726,42.75114635607484,4386.666315054234,1.1627399322857475,1,0.0006131207847946045,4.69331342353496,81.96732900461106,0.44200000000000006,60.98028817896563,1,105.02905841905218,False,True,False,False,False,False,True,2,False,False,True,False
5473014,5724980.67288515,251966.6728851497,367,516.1473625216339,149.1473625216339,0.1993302962106432,4.177858525453243,87.3674410145839,5.8915359161670455,61.23831151861656,123,34471.74806474612,209.40096656644212,7045,90.29055524114432,9,3.609059428462341,92.25493272871005,0,16.30884689733599,2021,2,5,5,149.1473625216339,4.603800993111834,11091.756131264145,1.406396083165215,1,0.00127750177430802,83.691153102664,11.596197609304722,0.798,66.78663995556359,0,69.33895423043508,False,False,False,False,False,False,True,1,False,False,True,False
14245462,17584631.082203906,3339169.082203906,695,734.924292996039,39.92429299603896,1.7198310252634508,0.2183046435650426,135.9733409189073,-5.25629557828193,70.45714215324409,136,44604.80002428821,293.4930012295521,1697,41.29835949670982,2,5.7863922547774855,99.42084124201504,0,65.31811115780533,2021,2,5,6,39.92429299603896,23.440230174380485,23927.132698957717,1.0574450258935812,1,0.0011785503830288745,34.68188884219467,61.76974647226606,0.6890000000000001,60.693054304205205,0,73.96025397248866,False,True,False,False,False,False,True,1,True,False,False,False
33463391,30899680.048918672,-2563710.951081328,823,948.9416905342974,125.94169053429744,0.4765731342011694,1.1831656573500444,248.339724548593,41.51110864119033,36.8844742239616,192,14628.277887835791,133.45775924468137,1031,53.9888382170852,9,8.210927690587326,99.19150715056271,0,13.81173857990705,2021,2,6,0,125.94169053429744,-7.6612407603321735,32562.253673901443,1.1530275705155497,1,0.008729388942774006,86.18826142009294,11.978671571341048,-0.02100000000000002,15.415360115118775,0,100.3186748595456,False,False,False,True,False,False,True,2,False,False,False,True
4529801,5889232.487990257,1359431.487990257,606,559.91583284018,-46.084167159820026,1.7613562602458284,4.4487449514769,313.1405637517871,10.800799224052046,31.76987601263229,143,48741.89423794806,226.73067588369952,7209,85.43833572009252,2,5.272795555917738,71.6885540766654,0,68.32729673341332,2021,2,6,1,-46.084167159820026,30.0108434783395,10518.067435451954,0.9239535195382508,1,0.00027743098904147595,31.67270326658668,73.95101083392176,1.1480000000000001,87.05218066562647,0,69.9712025710053,False,True,False,False,False,False,True,1,False,False,True,False
34242121,37454593.77577231,3212472.775772311,681,796.3934808755102,115.39348087551024,0.7698055584709829,0.0458277509190824,417.3025333382601,21.702305329949837,88.04671952486177,147,11425.31825628041,925.5728309176455,5874,75.16663215388812,1,6.805951089277526,74.2880560274575,0,20.593275604763196,2021,2,6,2,115.39348087551025,9.381640745245631,47030.26164226863,1.1694471084809255,1,0.00017024174327545113,79.40672439523681,17.60941170867762,-0.473,14.346323181500754,0,91.72470745644348,False,False,False,False,False,False,True,2,False,False,False,False
39362595,56632993.07936633,17270398.079366326,439,547.243285439821,108.24328543982097,1.4730987915015246,1.006995513969437,494.71795181443406,33.56017193716078,63.229011924673294,190,9550.633468174625,513.4948719565407,6562,86.9641426216115,1,5.499229490801739,65.1700780821501,1,95.17625425198904,2021,2,6,3,108.24328543982097,43.87515121745994,103487.78063827724,1.2465678483822802,1,0.00015239256324291374,4.823745748010964,76.35064098236047,-0.06300000000000006,17.452262498750905,1,105.03675515855022,False,False,False,True,False,False,True,2,True,False,False,False
34424949,49326508.116015926,14901559.116015926,692,859.8406087178906,167.84060871789063,0.706528065793758,4.79512087986483,224.9831734133524,7.837251513156932,88.69910052835647,181,10049.51926612728,169.8992756005182,9740,84.76903022960727,5,6.681450309770432,65.70093818611825,0,87.79048142850725,2021,2,6,4,167.84060871789063,43.287091336042145,57367.03711815466,1.242544232251287,1,0.000513347022587269,12.209518571492751,70.65380784830916,0.8819999999999999,11.687653693295703,0,101.36090561245402,False,True,False,False,False,False,True,2,False,True,False,False
40839283,44726136.07231225,3886853.0723122503,250,274.8640038261548,24.86400382615477,1.8212321753458305,3.067009232610856,71.33703626303821,29.38904959976861,43.642919099256034,259,30790.75654726541,963.7541542350652,3248,43.03608322730828,6,2.242278236769729,74.62353113161177,0,12.009594749804496,2021,2,6,5,24.86400382615483,9.517437101704873,162720.96545825078,1.0994560153046193,1,0.0018472906403940886,87.99040525019551,10.92321528340274,1.483,112.02178575096308,0,125.5095906097074,False,False,False,True,False,False,True,0,True,False,False,False
47137503,67905180.85409527,20767677.854095265,657,715.683179817408,58.68317981740802,0.3406105384849113,1.3083568331875322,410.52717648289615,-2.551963260019458,69.2122189981892,105,40143.84803231236,891.0930769827851,7192,93.55068514564908,3,1.3479704756028994,60.02592950321544,0,80.39185520120706,2021,2,6,6,58.68317981740802,44.05765374142806,94881.62188109533,1.0893199083978813,1,0.0004171301446051168,19.608144798792935,73.80004219278752,-0.42499999999999993,56.091646645313425,0,61.99807672145092,False,False,True,False,False,False,True,0,False,False,False,True
46756273,70026617.77989225,23270344.77989225,357,344.13877917621926,-12.86122082378074,0.4391875996179375,0.334955471979238,321.97132358726367,6.021156096302789,35.58225455788664,200,21500.02300435849,779.2142687813272,7406,53.62191005693612,0,2.232112651276535,85.55616480774637,0,67.23074054535499,2021,2,7,0,-12.86122082378074,49.76946040992671,203483.65838781136,0.9639741713619587,1,0.0,32.76925945464501,69.74330074670723,-0.382,62.474862774326326,0,92.48102319625683,False,False,True,False,False,False,True,1,True,False,False,False
33455693,46679035.53379315,13223342.533793151,636,712.370239158616,76.37023915861596,1.0367572378017242,0.1409567022361108,139.34428649069076,-2.0409150124914053,38.28401198917391,146,49005.3194503757,940.125512752802,2156,73.20354641378583,5,3.572543301975359,76.81542673771261,1,54.58322715709412,2021,2,7,1,76.37023915861596,39.52493984743688,65526.36953071761,1.120078992387761,1,0.002319109461966605,45.41677284290588,48.73158726130087,0.30800000000000005,68.7919241380102,1,69.27292909300476,False,True,False,False,False,False,True,2,False,True,False,False
44154609,62122126.50926109,17967517.509261094,368,353.1684228871506,-14.831577112849402,0.2556830341724776,1.2237253981846363,272.67280547963907,34.61768071207468,55.83314848887368,147,24548.906215324827,298.11647875218773,9535,78.65728939166672,6,3.2802045620329614,94.90339285866412,0,64.23710380772397,2021,2,7,2,-14.831577112849402,40.69228086531371,175899.43631260385,0.9596968013237788,1,0.0006292606187729418,35.76289619227603,66.93478994523804,-0.202,69.5104789228822,0,85.93524876028451,False,False,False,True,False,False,True,1,False,False,False,False
47504347,49851310.74369459,2346963.7436945885,470,639.1800564087986,169.18005640879858,0.4723623509333476,4.4074290979445525,384.039610490176,2.2457079374731954,42.37326878556499,83,11770.184784794732,852.7323637090777,6295,50.11769265310572,3,6.536578146945822,90.52912169052703,0,71.04250544168238,2021,2,7,3,169.18005640879858,4.9405241665454085,77992.59417413882,1.359957566827231,1,0.0004765687053216839,28.95749455831762,52.23876624873224,0.31500000000000006,18.414505688623844,0,46.585693016911456,False,False,False,False,False,False,True,2,False,True,False,False
2195885,2736119.788269459,540234.7882694588,699,1034.3554404755891,335.35544047558915,1.8931561262028276,2.079568271487547,396.6853041808897,29.457195547286567,31.733509468840914,149,25968.50366837615,720.9920767188755,7154,98.57387540205846,5,5.103004817208168,66.12355564230673,1,89.60117280044618,2021,2,7,4,335.35544047558915,24.602143931465392,2645.241356309211,1.4797645786489115,1,0.0006989097008666481,10.398827199553821,60.55096472322367,0.5759999999999998,25.1059767776114,1,77.95721150483824,False,True,False,False,False,False,True,2,True,False,False,False
44099123,41468766.793514624,-2630356.206485376,471,698.0430414540114,227.04304145401136,1.9553303561809856,3.601666845829965,274.8282853994429,41.88141184851089,38.401649139252825,276,35556.67244400979,882.7833246109195,3248,69.28935736523854,8,1.3493078292416232,75.29023115088337,0,79.06218949384709,2021,2,7,5,227.04304145401136,-5.964645161957928,59407.17739573181,1.4820446740000242,1,0.0024630541871921183,20.937810506152914,53.346697897074186,1.178,50.93765044909819,0,134.4849182963291,False,False,True,False,False,False,True,0,False,True,False,False
28140148,26928736.07400986,-1211411.9259901382,814,1155.1007249349425,341.1007249349425,0.8148927257278016,4.591425176899789,187.3465385579866,19.027471498788238,22.502387612610526,194,42450.16012269704,817.2204091683668,4285,43.4585617358436,3,1.3137931568532302,87.52574638193872,0,61.78400373969915,2021,2,7,6,341.1007249349425,-4.3049237906998155,23312.889943451937,1.4190426596252366,1,0.0007001166861143524,38.21599626030085,43.539215203027126,0.9740000000000002,36.750180487582945,0,90.05895773341965,False,False,True,False,False,False,True,0,True,False,False,False
31423447,47114291.7317518,15690844.7317518,462,582.3395837969424,120.3395837969424,1.8542434399264776,2.040202308014083,488.18416191732206,19.701605574337822,69.30965350342406,205,25644.57304804668,411.8455568591425,3003,96.2357226866704,9,1.815292019085992,59.66000637391959,0,84.21540946705076,2021,2,8,0,120.3395837969424,49.93355672199743,80905.18495163848,1.2604752896037714,1,0.002997002997002997,15.784590532949238,66.81242398137273,0.353,44.037145613286626,0,108.70337772332856,False,True,False,False,False,False,True,0,False,False,False,False
38452622,42143441.15312296,3690819.1531229615,723,954.7355394643952,231.7355394643952,1.1351668837795204,0.9563868551869852,348.51317493042177,15.35684624537966,54.44816599601031,63,31712.30717221253,796.95868331553,4615,75.17607059159609,3,4.177730416607794,51.57988649087917,1,98.82306608532402,2021,2,8,1,231.73553946439517,9.598354965554655,44141.481500484784,1.320519418346328,1,0.0006500541711809318,1.1769339146759847,74.83651108219148,0.05300000000000016,33.21580255617496,1,46.141503672416995,False,False,False,True,False,False,True,2,False,False,False,False
25163349,33943101.83704226,8779752.837042257,556,595.5446557741861,39.54465577418614,0.6125106851601574,2.5855896542845973,233.70688370583443,7.923957886650353,26.597014648316797,211,17030.5120471484,336.21067268640127,4672,81.95159187888258,9,1.055646558673565,92.6152263154142,0,37.01638188039652,2021,2,8,2,39.54465577418614,34.89103472293078,56995.05739484384,1.0711234816082484,1,0.0019263698630136985,62.98361811960348,34.55846362813177,0.4000000000000001,28.59653240445817,0,94.75629176049016,False,False,True,False,False,False,True,0,False,False,False,True
4388445,6073603.631178161,1685158.6311781611,837,1070.0729050106902,233.0729050106902,1.4345575700531374,4.540418435299272,176.2084508920936,16.16102670087044,32.018579518994386,161,34066.24368824813,395.73294672524935,8458,71.51054739605345,4,5.445885388871264,56.877512874647415,0,20.657862461644136,2021,2,8,3,233.0729050106902,38.399903181609005,5675.878346922059,1.2784622521035724,1,0.0004729250413809411,79.34213753835587,16.158367153706603,1.3010000000000002,31.835441799087324,0,78.85388186595945,False,False,False,True,False,False,True,1,False,False,False,False
20520190,29032251.327293903,8512061.327293903,335,393.0855594374153,58.08555943741533,1.3519134324922286,4.021872070688503,378.99634235160295,23.154414274671765,27.17741766788508,124,49368.73747776547,197.11514550067847,3155,90.08427728661806,2,4.246026978783725,94.47057154768532,1,75.83034346378298,2021,2,8,4,58.08555943741533,41.48139626043376,73857.33367780008,1.1733897296639264,1,0.0006339144215530904,24.16965653621702,64.62502742844165,0.7110000000000001,125.59285451346034,1,64.69954958276706,False,False,True,False,False,False,True,2,False,False,True,False
46435139,69586630.29612148,23151491.29612148,687,816.9875474560516,129.98754745605163,1.9793381063065931,0.3291492168157689,158.98255051719548,44.22953646938627,62.88149657931135,234,7207.410766450724,941.568954382422,4479,41.98800773159265,9,5.998971721967437,95.68040119405724,0,98.07367005216848,2021,2,8,5,129.98754745605163,49.857697844129376,85174.65230994204,1.1892104038661595,1,0.0020093770931011385,1.926329947831519,82.46956950034071,0.792,8.82193466582602,0,125.7333099146093,False,False,True,False,False,False,True,2,False,True,False,False
10667788,11146749.184479237,478961.18447923474,592,801.9622342452561,209.96223424525613,0.6035898460776382,3.462864000387909,127.26949503815968,41.57705076250233,26.594725452874567,254,44893.88018173255,361.9030270602534,1051,56.10270191662887,1,7.487427052745208,73.03502190685786,0,20.503532908222084,2021,2,8,6,209.96223424525613,4.489789115412086,13899.344268960098,1.3546659362250948,1,0.0009514747859181732,79.49646709177792,15.135490130767682,0.808,55.98004278092115,0,122.05153286461308,True,False,False,False,False,False,True,2,False,True,False,False
46276218,42768966.39614383,-3507251.6038561687,707,755.8897664443542,48.88976644435422,1.3769130550572972,2.8594876122947688,288.4252500329317,37.4184127061217,72.79976331246513,146,30302.71262453853,568.5602186543067,3159,68.17890138416153,8,3.258755339318689,90.33908561762892,0,48.8536532207418,2021,3,9,0,48.88976644435422,-7.5789503884180185,56580.95703203613,1.069151013358351,1,0.0025324469768914213,51.1463467792582,45.693875430455535,0.7110000000000002,40.08879861819018,0,91.46545280557605,False,False,True,False,True,False,False,1,True,False,False,False
42752022,49024381.094110765,6272359.094110765,534,582.4998915869243,48.49989158692426,0.1988451345559491,4.537315881732128,180.49432668986384,38.90217946376721,21.435764352427384,170,16344.439680303496,452.1995528195734,5390,44.5962169788226,0,2.4137528286601877,68.15956231770691,0,15.604087796715,2021,3,9,1,48.499891586924264,14.671491079675167,84162.04329335062,1.090823767016712,1,0.0,84.39591220328501,14.304865981597132,0.629,28.059129136961353,0,86.10138314485839,False,False,False,False,True,False,False,0,False,False,False,False
9182535,8980963.68211665,-201571.31788335,738,1073.6313851117602,335.6313851117602,0.3159274735237669,0.6124070842514862,333.0073152156268,15.731705081062362,37.45630515971244,104,47970.03695041661,963.9353085251514,4651,82.35440015959949,4,3.502482003670488,92.91322742558734,0,79.88787484937107,2021,3,9,2,335.6313851117602,-2.1951598102631786,8365.03459814727,1.4547850746771818,1,0.0008600301010535369,20.112125150628927,54.91386751207787,-0.41700000000000004,44.680173861928544,0,57.55640307223244,False,True,False,False,True,False,False,1,False,False,False,True
25843729,23607097.261252917,-2236631.7387470864,366,341.7468551492736,-24.25314485072647,0.1074449124070772,2.670180566023283,103.07240369340506,26.15943799476057,82.34666731243351,243,26750.943637650453,401.54425384463417,8356,63.61980484333844,4,1.0158686375671495,91.23409420833585,0,95.38378441454007,2021,3,9,3,-24.253144850726414,-8.654446650276679,69077.73079855098,0.9337345769105836,0,0.0004786979415988511,4.616215585459926,102.1529959082518,0.43800000000000006,78.27707332073547,0,129.75183159215823,False,True,False,False,True,False,False,0,False,False,False,True
47474251,52993422.09530912,5519171.095309116,210,250.1899216000809,40.18992160008091,1.998975294013379,4.397313467559462,344.7234970552948,39.22866976149178,70.29719226855721,275,19926.061325302355,800.6912392804201,3112,56.36007941608864,7,2.0801165997320266,53.92591948506012,0,54.90947390067999,2021,3,9,4,40.18992160008091,11.625609628489185,211812.7770950626,1.1913805790480043,1,0.002249357326478149,45.09052609932001,46.08894493190116,1.193,79.64374103427478,0,142.8577586090147,False,False,False,True,True,False,False,0,False,False,False,True
11196894,15342465.072620884,4145571.072620885,439,635.5317308274307,196.5317308274307,1.624320024580208,2.050118933708715,177.483437598966,11.61229207452442,25.10778330479814,166,13167.393272187852,869.874539168062,6765,40.20273080850474,5,7.757473273177009,79.13008703761835,0,46.85690325341702,2021,3,9,5,196.5317308274307,37.02429506451417,24141.147213288245,1.4476804802447167,1,0.0007390983000739098,53.14309674658298,32.36688198316821,0.9039999999999999,20.718703148062428,0,77.41602261379677,False,False,True,False,True,False,False,2,False,False,True,False
13988365,17341493.798885155,3353128.7988851555,600,759.7306828145365,159.73068281453652,1.5947737279937275,2.409974588664335,50.10932049553073,42.89693630900079,77.47882731396258,142,16000.349461549791,492.0458477328693,2354,83.18981870499722,5,3.005261581602566,81.99994517983741,1,91.6947120925469,2021,3,9,6,159.73068281453652,23.97084147350427,22825.8436721826,1.2662178046908943,1,0.0021240441801189465,8.305287907453106,72.41622393307853,1.2750000000000001,21.0605545142314,1,92.91272908688902,False,False,False,False,True,False,False,1,False,False,False,False
31031137,33751537.28026261,2720400.280262612,708,869.3137251253137,161.31372512531368,1.0684795430475411,0.3523033883347914,107.12122595337937,12.868233413805063,54.51245850781434,86,42478.20687161492,440.3546330076381,6620,90.0285585323717,5,9.948696704236347,50.0428645344108,0,22.00495503854049,2021,3,10,0,161.31372512531368,8.766679352621246,38825.49683130477,1.2278442445272792,1,0.0007552870090634441,77.99504496145951,17.921617612836886,0.45100000000000007,48.864070178452074,0,54.61420757648582,False,False,False,True,True,False,False,2,False,False,False,True
38917521,50304990.14396703,11387469.143967023,730,766.3879505024576,36.38795050245756,0.6701274575203359,1.390718202244554,470.12692002579234,23.05954659662686,79.27481190181805,245,32648.450419272463,772.9712388393651,4754,63.70243214088991,3,2.5104836922832825,98.99591593646475,1,90.2425880327523,2021,3,10,1,36.38795050245756,29.26052032956321,65639.06714737123,1.049846507537613,1,0.0006310475389145982,9.757411967247705,85.95788754340276,-0.353,42.60042240730372,1,128.70030754953348,True,False,False,False,True,False,False,1,False,False,True,False
49439031,51377580.30531053,1938549.3053105325,483,534.1812367308771,51.18123673087712,0.3874021404790843,1.6225332458447368,440.309587601911,29.03925922998046,62.05178421152754,253,46096.05287697422,921.6063822756108,1209,73.85307862200193,0,8.098945440089441,70.32837874503554,0,45.29134025212307,2021,3,10,2,51.18123673087712,3.921090818528649,96180.05420732287,1.105965293438669,1,0.0,54.70865974787693,40.95186396971207,-0.392,86.2929090491391,0,128.52731303245238,False,False,False,True,True,False,False,2,False,True,False,False
20575137,18695163.43391476,-1879973.5660852415,218,307.6479327872538,89.64793278725381,0.6408820038082809,4.725612243724434,155.12406441630657,42.28256071917661,67.72831224230012,75,15438.580347100362,779.4385597650145,7232,53.66119755577591,2,7.34540024642981,75.86716029296065,1,60.34657711221076,2021,3,10,3,89.64793278725381,-9.137113235674892,60768.04503296607,1.4112290494828157,1,0.0002765486725663717,39.65342288778924,42.76171691216706,0.9909999999999999,50.18262338780779,1,63.00326188844302,False,False,False,True,True,False,False,2,True,False,False,False
13762750,18698237.741506763,4935487.741506763,668,825.334627212798,157.33462721279795,0.8143453216653642,1.413336802705795,400.26735704547104,3.453895072874632,89.54510922769957,299,10451.235823200566,304.41372903267904,8846,77.33185877680799,9,3.8991892853467687,59.74020398965105,0,57.546289461547815,2021,3,10,4,157.33462721279795,35.861203186185634,22655.341391226702,1.2355308790610748,1,0.0010174089984173638,42.453710538452185,46.57616449479543,-0.12400000000000011,12.663028399153669,0,147.49970129017225,False,False,True,False,True,False,False,1,False,False,False,False
33027722,42085437.72378655,9057715.723786548,823,994.879695277098,171.879695277098,1.5369891842625587,2.30434367634826,323.85721692828844,31.037203803125323,36.26348821468128,238,5273.93889390155,899.4769726939348,7171,40.72824749891203,5,3.976652292093687,80.54592887586305,0,65.43812569694006,2021,3,10,5,171.879695277098,27.42458509184057,42302.03704385055,1.208845316254068,1,0.0006972528238739367,34.56187430305994,54.13275364272219,0.5820000000000001,5.301082049355355,0,115.39020760534198,True,False,False,False,True,False,False,1,False,False,False,False
26434984,35882360.20910453,9447376.20910453,721,691.9781840774165,-29.021815922583528,1.1253573989159895,3.356522117821399,486.9071201524413,18.64485723792452,63.676190233297184,269,27853.79169271972,448.82350069314975,1237,69.3186338259255,4,6.071964228703941,90.53099331396794,0,94.79109823817537,2021,3,10,6,-29.021815922583528,35.738157470057594,51854.75645730779,0.9597478281240173,1,0.0032336297493936943,5.2089017618246345,98.76667126557602,0.276,40.25241305816011,0,132.29631424136653,False,False,False,True,True,False,False,2,False,True,False,False
22847630,21096651.838928167,-1750978.1610718332,849,772.2647428982398,-76.73525710176023,0.2472188904554171,0.810916862039387,218.1225467903266,4.770642734135258,52.222497304017885,116,49923.81186718947,618.6064706001408,9527,78.65232891044153,9,8.671366877343026,79.2946172859864,0,95.601432904064,2021,3,11,0,-76.73525710176023,-7.663718998740059,27317.901060398457,0.909616893873074,0,0.0009446835310171093,4.398567095936002,105.10076665023333,-0.15700000000000003,64.645980962215,0,63.49794201144595,False,False,False,False,True,False,False,2,False,False,False,False
39647224,55596183.239639096,15948959.239639096,457,675.5424787379887,218.54247873798877,0.1342551170219332,2.4322119357093723,356.6572756327271,32.71337618880148,22.7616367045884,133,36273.43709683875,848.2920573634399,9075,95.09150639378404,0,4.47568249707518,89.40175229010487,0,84.8033440447317,2021,3,11,1,218.54247873798874,40.22717766983912,82298.57483351872,1.4782111132122293,1,0.0,15.196655955268298,57.36889899335802,-0.18899999999999995,53.6952719310898,0,69.84250386801696,False,False,False,False,True,False,False,1,False,False,False,False
1578526,2007436.328663104,428910.32866310375,382,430.2052295421441,48.20522954214408,0.29443114111472,3.692695197379538,78.59107509076335,20.37222540956156,21.012944905200552,251,18877.75663843157,269.555290660443,2576,62.880149027337055,4,1.5506189282656588,86.55539803590834,1,27.238966933401947,2021,3,11,2,48.20522954214408,27.171572002178234,4666.229489584692,1.126191700372105,1,0.0015527950310559005,72.76103306659806,24.186794241514942,0.787,43.880816275810176,1,112.81555109442864,False,True,False,False,True,False,False,1,False,False,False,False
7612208,9424196.757514538,1811988.7575145385,245,309.1723201286271,64.17232012862712,0.8799475560250207,4.33427606513533,228.31130606738267,26.353560135732167,28.346000447250105,229,44458.63623617773,806.0591221097978,9691,85.91141217886178,1,4.369772592120671,61.8828905763569,0,40.01646919496135,2021,3,11,3,64.17232012862712,23.8037210427584,30482.01971506933,1.2619278372597025,1,0.00010318852543597152,59.98353080503865,31.710584403825965,0.867,143.7988892979853,0,108.00986817489469,True,False,False,False,True,False,False,1,False,False,False,False
48799289,62207792.96844056,13408503.968440557,287,272.0269356028505,-14.973064397149528,1.8730665423931347,3.131296373312133,483.7179475346812,7.759558771784555,65.43642183769836,67,40177.501969458186,636.5465181196098,9982,75.86122179661004,0,2.8658140591846726,71.79064205545771,1,53.904236522909024,2021,3,11,4,-14.973064397149528,27.4768428868719,228682.47525039836,0.947829043912371,1,0.0,46.095763477090976,56.87126478041603,0.6110000000000002,147.69677819006824,1,48.75879418284488,True,False,False,False,True,False,False,1,False,False,True,False
8587676,12182991.988640117,3595315.9886401147,447,585.5112514309211,138.5112514309211,1.3110647142975211,3.34526757658474,292.54139350255423,16.470067350518278,59.70141615393745,230,5693.682473444266,904.0074776448474,4540,95.62072677550483,3,9.452863153585156,57.43134422182043,0,91.49148454316656,2021,3,11,5,138.5112514309211,41.86599481210186,20807.442997664533,1.309868571433828,1,0.0006607929515418502,8.508515456833436,69.84783552980188,0.7640000000000001,9.724292162669071,0,114.85144505133671,False,True,False,False,True,False,False,2,False,False,True,False
46288543,57960750.13327305,11672207.13327305,401,585.2755501146543,184.2755501146543,1.6234692097634786,0.6314173629228448,179.54577650068006,23.95448380434369,58.74006928146092,240,41758.72162434601,254.77336165918865,8257,63.90266053956584,5,7.275469117383528,52.0967937537551,0,56.877834146159074,2021,3,11,6,184.27555011465427,25.216190393534422,99031.55893308487,1.4595400252235766,1,0.0006055468087683178,43.122165853840926,38.969698098855744,0.6120000000000001,71.34882298801918,0,120.80836592574138,False,False,False,True,True,False,False,2,True,False,False,False
17541989,21902405.20412656,4360416.204126559,709,882.9879986251023,173.98799862510225,0.986111729558642,4.728882486231736,104.12193340787309,12.27009478484142,22.229973376978208,230,18523.70407573232,478.6140133368356,1149,59.14572039237928,6,1.4574939779201377,53.15344776320654,0,97.96920982019182,2021,3,12,0,173.98799862510225,24.857022793290767,24804.87304270355,1.2453991517984517,1,0.005221932114882507,2.0307901798081787,78.66490809690755,1.302,20.97843244140976,0,102.35002044854589,True,False,False,False,True,False,False,0,False,False,False,False
22911760,34239505.850215875,11327745.850215876,269,262.4550130313913,-6.544986968608725,0.7871655580705812,0.6628703874224118,366.5877530816887,0.9104896916235728,52.85120974520049,294,11735.305906262049,849.5587835801537,2624,93.22851992164864,8,3.6368968353634576,97.12499649364452,0,98.54570545022942,2021,3,12,1,-6.544986968608725,49.44074942394593,130458.5706127115,0.9756691934252464,0,0.003048780487804878,1.4542945497705801,101.00319464250849,-0.22899999999999998,44.71359022911265,0,133.72850983104723,False,False,False,False,True,False,False,1,False,True,False,False
1814422,2456796.5179157318,642374.5179157313,872,1089.156703174123,217.1567031741231,0.3059607081615831,3.873364685908992,340.18521954337706,42.89022707734172,84.723597248977,76,15184.887788168357,117.30853311108416,8661,42.95466408449735,4,1.4519436842872624,99.22687295671892,0,63.87258335166844,2021,3,12,2,217.1567031741231,35.403810024114115,2255.6869096576315,1.249032916484086,1,0.0004618404341300081,36.12741664833156,51.13763016867797,0.22799999999999998,13.941876080746807,0,68.68414729789562,False,False,False,False,True,False,False,0,False,False,False,True
23082647,26899969.36890913,3817322.368909136,434,590.1568142924515,156.1568142924515,1.7642727421537894,1.324081608891594,218.27242112169856,18.13071470234396,47.83143085174527,80,26086.09119688125,200.98123008907857,3574,48.183123576020606,7,8.470150033373073,54.748875402492,0,88.974580559303,2021,3,12,3,156.1568142924515,16.537628327068084,45581.053573294645,1.3598083278627915,1,0.00195858981533296,11.025419440696993,65.43170734889101,0.7570000000000001,44.20196558800441,0,51.78864366622677,False,False,True,False,True,False,False,2,True,False,False,False
49161585,65111481.14751826,15949896.147518262,634,725.2008505127567,91.20085051275667,1.5880040551530157,4.667965718506258,477.9236083396255,30.36562036582353,63.74457288519194,268,24119.056718060496,991.5086914810612,5428,44.94426607504267,7,9.156667617164448,66.75967175860244,1,99.9300440821509,2021,3,12,4,91.20085051275669,32.44382000197565,89784.06616798765,1.1438499219444112,1,0.0012896094325718496,0.06995591784910005,87.36289802099344,0.758,33.25845067750128,1,135.43305797530465,True,False,False,False,True,False,False,2,False,False,False,True
17406440,19730866.11100489,2324426.111004889,432,616.8539442664285,184.85394426642847,0.4194243854356777,3.5997976968473977,59.99126584453264,12.607595645583196,74.58730729362006,155,17999.928471840205,352.3547607313155,8529,90.58659739458416,8,2.010516452551669,55.72103400780114,0,86.47448662190978,2021,3,12,5,184.85394426642847,13.35382830150731,31986.285075098476,1.4279026487648807,1,0.0009379763160980185,13.525513378090224,60.56049177912038,0.887,29.180211359831667,0,88.15847088176096,False,False,False,True,True,False,False,0,False,False,False,True
13663723,14173725.252522854,510002.2525228541,436,562.0954605982865,126.09546059828654,1.073295071364895,3.7690685648918447,186.6757332343216,9.5322470214144,74.87476953993213,178,12749.824499316472,977.988874351558,5269,40.63644540221917,2,4.962610414078265,91.71144116844846,0,69.12199118676291,2021,3,12,6,126.09546059828654,3.732527749009945,25215.868559828858,1.2892097720144187,1,0.0003795786676788764,30.878008813237088,53.615782851814934,0.9609999999999999,22.68266761262533,0,96.52210496840397,False,True,False,False,True,False,False,1,False,False,False,False
29042104,36538194.1687017,7496090.168701701,562,809.0267352471191,247.02673524711903,1.0260121350503653,1.0952958652994167,464.48126883481166,12.394036415691875,56.349605767669,55,39300.38553389762,264.2783959078065,8769,91.69942932982288,2,9.386949536527831,74.81485458201408,0,86.06201729684454,2021,3,13,0,247.02673524711906,25.811112613265557,45163.14798613055,1.4395493509735215,1,0.00022807617744326604,13.937982703155456,59.78399923465182,-0.21300000000000008,48.577363171926855,0,42.623092655008264,False,True,False,False,True,False,False,2,False,True,False,False
20715903,30181190.88651906,9465287.88651906,621,791.2180789707578,170.2180789707578,1.2876739501044043,2.215199883175804,194.42094724374817,12.50581540821074,80.05663617816354,60,49554.94026807127,424.9849987066021,3108,67.07606772227601,8,2.306905180432035,81.06308779627747,1,17.438955561083898,2021,3,13,1,170.2180789707578,45.69092588683708,38145.22403959694,1.2741031867484023,1,0.002574002574002574,82.5610444389161,13.687239575618122,0.733,62.631203185516114,1,51.76873547591228,False,False,False,True,True,False,False,1,False,False,False,True
17192668,25058033.57598312,7865365.575983122,778,761.4852253318519,-16.514774668148107,1.8977550985833964,3.089065972946432,163.51377523482668,19.92990637680745,47.39646653546229,211,40000.62111888607,777.5825000532136,4947,40.24151673123824,6,3.627132315906834,76.99554328675032,0,67.13391857768553,2021,3,13,2,-16.514774668148107,45.748371200927735,32906.788920379826,0.9787727832028945,1,0.001212856276531231,32.866081422314465,68.58989106542107,1.315,52.52974028675865,0,104.59791187368093,False,False,True,False,True,False,False,1,False,False,False,True
39707867,43882877.8857665,4175010.8857664983,269,292.0842421723775,23.084242172377515,1.2015657393487114,3.849868091033005,290.3991844690613,19.890842848974973,82.20852503493589,280,18317.163545219355,692.0005665143607,8899,64.09871063272251,3,3.738471851553903,85.5126791920358,1,29.48698290115046,2021,4,13,3,23.084242172377515,10.514316686329433,150240.48390761326,1.0858150266631135,1,0.0003371165299471851,70.51301709884955,27.156543404790373,0.805,62.71191971530333,1,142.62981036517328,False,True,False,False,True,False,False,1,True,False,False,False
35971274,43762885.0326518,7791611.032651797,569,580.9927953333888,11.992795333388813,1.1264128068793753,0.5197968795619479,420.71078746424206,17.34345987355794,36.81590164768817,261,16016.403263546004,623.01015993615,5914,51.20805046270213,0,1.2705248098179864,65.95661216585303,0,20.445728558560663,2021,4,13,4,11.992795333388813,21.66064797330169,75324.31621211329,1.0210769689514743,1,0.0,79.55427144143934,20.02368986889991,-0.18499999999999994,27.567300992700563,0,120.64780845637384,True,False,False,False,True,False,False,0,False,True,False,False
4689024,4815541.084593387,126517.08459338732,761,1099.8701788575192,338.87017885751925,0.1956135725758614,4.811826582272642,96.41604239526248,-2.586781829540905,39.61514848933997,240,14794.96442296722,576.9092582245069,7667,77.46402924832978,6,1.326459112209916,56.87466772650161,0,90.35841270952916,2021,4,13,5,338.87017885751925,2.6981539141916806,4378.281343708663,1.4452958986301172,1,0.0007825746706664928,9.641587290470838,62.518971232930795,0.9069999999999999,13.451555199301215,0,107.10850999793972,False,False,True,False,True,False,False,0,False,True,False,False
22173866,33202673.884475745,11028807.884475743,223,302.4415290030652,79.44152900306517,0.2195242044342454,4.45110335277278,474.3593193405813,17.28415131752921,23.71844369393008,230,11151.278352006631,859.0963992982662,3263,80.7615273952988,9,9.575135443746216,50.881000136485696,0,67.56804493822484,2021,4,13,6,79.44152900306523,49.737866569933026,109782.12547040534,1.35624004037249,1,0.0027581979773214833,32.431955061775156,49.82012249075566,-0.006999999999999895,36.870856951307154,0,104.30077850343778,True,False,False,False,True,False,False,2,False,False,False,True
21479634,31976102.743109383,10496468.743109386,891,1163.5025680192891,272.5025680192892,0.4559589035208988,1.3517429524779216,407.78279653152384,-0.6992854768641674,75.6907285579598,262,29809.874736153557,311.4537065500534,4815,69.25165422429998,5,6.139833480876286,72.28464443129691,0,31.91918913297313,2021,4,14,0,272.50256801928913,48.86707447207612,27482.623263603546,1.3058390213460036,1,0.0010384215991692627,68.08081086702687,24.44343338742641,-0.341,25.62080699735882,0,127.2974329243287,False,False,False,False,True,False,False,2,False,True,False,False
11670216,15051140.102168836,3380924.102168836,843,910.9287644696742,67.9287644696742,0.1616944662143217,4.11380121516166,131.56261499819837,-3.062531753732916,49.19386653628939,262,32243.01673790049,498.2238342941666,1577,42.4311715263802,2,3.759834892857561,95.39172143957188,0,44.81040679661337,2021,4,14,1,67.9287644696742,28.97053578244683,16522.850841065854,1.080579791778973,1,0.0012682308180088776,55.18959320338663,41.468855088286816,0.659,35.39576089319319,0,118.63940043476696,False,False,True,False,True,False,False,1,True,False,False,False
31807713,43978884.62603156,12171171.626031565,777,785.1016727298095,8.10167272980948,1.5123705015830236,2.591619615199117,370.4035825391732,41.29551445376423,36.03816297379793,67,36747.61972984118,239.9070629408116,1422,79.36772826203212,4,4.408071946359261,65.26332690061334,0,97.59488908180526,2021,4,14,2,8.10167272980948,38.26484358064839,56016.80158585877,1.010426863230128,1,0.0028129395218002813,2.4051109181947368,96.58778149446103,0.54,46.806192122950385,0,50.00010322826864,False,True,False,False,True,False,False,1,True,False,False,False
4641771,6169192.614445201,1527421.6144452011,198,268.0663892530827,70.06638925308272,1.47432757758853,2.309032407810093,223.2314251869007,23.272250723123733,36.22531943316058,70,35609.60169201506,636.347436157634,3763,90.52232701633127,2,7.433586359605218,59.79784105678115,0,87.59638475916658,2021,4,14,3,70.06638925308272,32.906009677022006,23013.674454430904,1.353870652793347,1,0.0005314908317831517,12.403615240833417,64.70070429433939,0.799,132.8387411463056,0,45.84927104688529,False,False,True,False,True,False,False,2,True,False,False,False
40982531,51469752.95981388,10487221.959813878,280,331.6585349076853,51.65853490768535,0.3585068454201215,1.572170529057027,231.0326051343434,26.271953196852134,83.09799588604632,68,18154.99900775221,325.4899818441881,2229,83.21945663958408,7,4.298654831991583,96.30213731235536,1,11.402361595046438,2021,4,14,4,51.65853490768529,25.58949314236809,155188.989706356,1.1844947675274475,1,0.0031404217137729925,88.59763840495356,9.626350328966074,0.04099999999999998,54.74003258443362,1,60.010984724869544,False,False,True,False,True,False,False,2,False,False,False,False
33995939,31684514.25084405,-2311424.74915595,786,813.8823527942367,27.88235279423668,1.6885499115110338,2.9048429331579624,402.4805415974899,12.098651868335008,78.37416203227258,53,19863.99524285809,400.4578579090472,4176,89.79747513731911,4,3.0498436278395946,55.27243193756471,0,98.18208956191098,2021,4,14,5,27.88235279423668,-6.799120180666137,38930.09123746714,1.0354737312903775,1,0.0009578544061302681,1.8179104380890152,94.81852276402927,0.6509999999999999,24.4064700194821,0,48.341844170182284,False,False,True,False,True,False,False,1,False,False,False,True
5079441,5957466.088140018,878025.0881400183,536,680.7056281779525,144.70562817795246,0.3940934662076127,3.649445588517989,483.2531635913295,39.99394905531753,58.74716197500283,126,35668.1540949052,524.1256449611753,9945,52.03057141305325,9,1.9165360743981943,52.59005167079051,0,43.16765260118116,2021,4,14,6,144.70562817795246,17.285860553159655,8751.897797710873,1.269973186899165,1,0.0009049773755656109,56.83234739881884,33.99099527965754,-0.061999999999999944,52.39879416066868,0,80.02233330909611,False,False,True,False,True,False,False,0,False,True,False,False
6356430,8294326.136811597,1937896.1368115973,721,666.3484244350943,-54.65157556490567,0.6722336152949817,2.054664524813792,106.99514278123726,25.0861769268816,63.12775602910048,259,20725.14383526328,124.09352713281508,1687,93.33327637938896,9,7.560397105462334,93.97065874777188,0,72.58763493873323,2021,4,15,0,-54.65157556490567,30.48717813004465,12447.431152618425,0.9242003112830712,1,0.005334914048606995,27.41236506126677,78.54101979035205,0.591,31.102562976468796,0,130.06417988679462,True,False,False,False,True,False,False,2,True,False,False,False
24552818,32078722.442959428,7525904.442959428,212,232.28885632511384,20.28885632511384,0.5730561084065935,3.1460959650414604,239.28360659546877,32.30434282379731,53.20278993852037,165,14568.043532869087,182.7441423287539,1722,59.33160703887776,5,2.6250851500770227,85.04546909773445,0,74.14089081482743,2021,4,15,1,20.28885632511384,30.651896833021077,138098.4131157016,1.0957021524769521,1,0.0029036004645760743,25.85910918517257,67.66518679115853,0.466,62.715206245105044,0,91.65213982869531,False,False,False,False,True,False,False,0,False,False,False,True
3188370,3583324.7777396254,394954.7777396254,408,481.9027522759097,73.90275227590973,0.8073834872887907,3.496564605776519,266.4237236379366,10.27093579652426,47.41665800151662,206,21845.12691635328,717.3362986373976,1746,40.80428885511946,1,1.6268344293366783,71.10343190687064,0,92.05159921363249,2021,4,15,2,73.90275227590968,12.387357105343026,7435.784005831992,1.1811341967546807,1,0.000572737686139748,7.948400786367515,77.93492006797888,0.5819999999999999,45.330985999113,0,99.70627813941226,False,False,False,True,True,False,False,0,False,False,False,True
16861936,24702992.40644434,7841056.406444341,703,695.1088253273474,-7.891174672652596,0.5838611551909275,3.555609085076429,219.3403176297489,42.8006534450519,84.0833816852832,74,17243.787091008995,486.0729826457565,5337,90.60349877974424,7,4.842590009468292,87.61719865044205,0,89.65547885832531,2021,4,15,3,-7.891174672652596,46.50151919948185,35538.30926374869,0.9887750004656435,1,0.0013115982761851227,10.34452114167469,90.67328645657898,0.608,24.807320037820528,0,67.66521053910053,False,False,True,False,True,False,False,1,False,False,False,False
10937093,10941623.355466604,4530.355466604233,809,1206.0512834225935,397.0512834225936,1.0290067602330588,0.2598304906559012,213.4351056723013,35.12537095870733,28.792889246421147,233,8974.072454836001,878.3111997999059,3712,96.5092761378836,8,1.356138656302184,87.07199760221346,0,35.35566323046948,2021,4,15,4,397.05128342259354,0.041421934206870445,9072.270396674932,1.4907926865545038,1,0.0021551724137931034,64.64433676953053,23.716016015736518,0.15900000000000003,7.440871361099109,0,112.37547806153854,False,True,False,False,True,False,False,0,False,True,False,False
10955951,13149504.04507489,2193553.045074889,334,342.5031118637587,8.503111863758704,0.8740749745739023,4.298739028425334,73.52090040271844,36.9671654657999,49.29127528013596,126,42356.25060244941,725.2048032797795,1707,79.33349184504092,2,9.684982525085982,52.00302816302915,0,67.91819304571578,2021,4,15,5,8.503111863758704,20.021566772933628,38392.36371757555,1.0254584187537685,1,0.0011716461628588166,32.08180695428422,66.23203028383756,1.208,123.66676136740598,0,76.27753222378075,False,False,True,False,True,False,False,2,False,True,False,False
48044555,63156027.42600884,15111472.426008835,602,588.8835505716276,-13.116449428372448,1.9744820324807204,2.29126657382524,358.49237925318045,-0.5293152915835151,44.11933355915127,240,43390.01251206664,107.2908474825902,9626,53.88619782780548,5,6.645636708173558,83.812340603092,0,45.4334880636104,2021,4,15,6,-13.116449428372448,31.453038593049392,107247.05651007482,0.9782118780259594,1,0.0005194265530853937,54.5665119363896,46.4454471308359,0.745,73.68182125302717,0,109.07700548027033,False,True,False,False,True,False,False,2,True,False,False,False
15023346,19804998.85254089,4781652.852540895,425,434.4013928411586,9.40139284115861,0.2062600652436287,1.3120804084810722,246.2964877040204,4.9029764329170735,54.87055041758039,204,14888.763507509577,655.0410976904213,1483,55.10466785695182,5,2.374271294019047,82.04361887263563,0,57.29893628137478,2021,4,16,0,9.40139284115861,31.828148353508546,45591.471802169624,1.0221209243321379,1,0.0033715441672285905,42.70106371862522,56.05886242747097,-0.14500000000000002,34.27420757132273,0,99.53205805514925,True,False,False,False,True,False,False,0,True,False,False,False
48951268,63107160.84481843,14155892.844818428,584,795.0790210591674,211.07902105916745,0.3701446151359681,1.208822537398408,137.65721118976705,5.7094629825967385,52.034231218162255,237,7914.748978634078,184.3523794537448,2533,67.99557240613717,1,2.552086778036148,98.18895682081518,0,59.92106728914452,2021,4,16,1,211.07902105916742,28.91833740612895,79372.18713273304,1.3614366798958346,1,0.00039478878799842083,40.07893271085548,44.013113627678344,0.18600000000000003,9.954669622763303,0,112.12310826022771,False,True,False,False,True,False,False,1,False,False,False,True
29551568,31477530.2156527,1925962.2156527005,720,831.8184448054362,111.81844480543624,0.2003691984263447,2.4150705642197523,417.2150760359308,4.900007278577915,56.3222672155757,260,38247.23468080308,802.8398618114448,1169,93.86986477608517,9,6.128456322455609,98.33113050798818,1,45.67091012479331,2021,4,16,2,111.81844480543623,6.517292807111624,37841.827639462055,1.1553033955631058,1,0.007698887938408896,54.32908987520669,39.53152938023944,-0.2879999999999999,45.980267592826905,1,122.36668234824609,False,False,False,True,True,False,False,2,False,True,False,False
48423958,48120046.39284306,-303911.6071569398,340,421.3448517095178,81.3448517095178,1.289098270466514,4.434157697344796,411.1523366682326,37.04744891573584,29.794328405889587,98,14518.788163853616,992.3569194506518,2020,48.97585936885351,7,4.209091816040143,68.8899663101022,0,51.750461839638405,2021,4,16,3,81.3448517095178,-0.6276058788026782,114205.84871894395,1.2392495638515229,1,0.0034653465346534654,48.249538160361595,41.75951587894909,0.6920000000000001,34.45820710742447,0,59.25253319648763,False,False,False,False,True,False,False,1,False,True,False,False
41540377,53236659.85553087,11696282.855530864,881,804.0054403829903,-76.99455961700971,0.2035676270860672,1.8917379084132344,268.8762326400022,-8.246336263527434,55.9199051059294,114,22704.59702465871,578.0789148173603,8093,89.55842017500922,4,7.968400697689423,79.49209559441091,1,28.750804112891007,2021,4,16,4,-76.99455961700971,28.15641960960266,66214.3030153769,0.9126054941918165,1,0.0004942542938341777,71.249195887109,31.504088344714702,-0.09200000000000003,28.239357452411404,1,59.90207065272059,False,True,False,False,True,False,False,2,True,False,False,False
10144220,12777469.507550403,2633249.5075504035,296,272.5150004026207,-23.48499959737933,1.6892355010146345,3.748628733917717,184.30279751649223,-5.814500606057413,36.96931697210477,215,7886.086350682246,714.5015501747173,7466,57.47816852230902,7,5.91225837057025,57.06786874441894,0,64.68817449353247,2021,4,16,5,-23.48499959737933,25.95812696836626,46887.21534107349,0.9206587851439888,1,0.0009375837128315028,35.31182550646753,70.26291991925694,1.2790000000000001,28.938173454786487,0,95.34644490981421,False,True,False,False,True,False,False,1,False,False,True,False
36630907,36909800.29967774,278893.29967773706,450,525.3728984532943,75.37289845329428,1.0726833982956627,0.484093654936093,337.1417266084036,5.065317884644704,32.90319442917339,132,15182.131314129583,313.58274480527643,1847,88.51517016574587,7,4.900004879724472,53.3228262978567,0,78.30638338984846,2021,4,16,6,75.37289845329428,0.7613606173544571,70254.48097597106,1.1674953298962094,1,0.003789929615592853,21.693616610151537,67.07211702235239,-0.04300000000000004,28.89781973684978,0,64.19055369414544,False,False,False,False,True,False,False,1,False,False,False,True
34122266,45146606.69530289,11024340.695302889,871,1210.6840300971685,339.68403009716826,1.101314486704914,2.3802835107553086,179.66846109983138,0.9930136057194012,24.538395315033384,229,40680.60252483361,493.8379693784142,9887,95.21627185609232,2,9.666822232587444,71.63899361294511,0,48.67670837109471,2021,4,17,0,339.6840300971685,32.308348734233796,37290.16454580594,1.3899931459209742,1,0.00020228582987761708,51.32329162890529,35.01938733578629,0.704,33.60133735436208,0,99.25942267622584,False,False,False,True,True,False,False,2,False,True,False,False
3141912,3685787.005735125,543875.0057351254,666,953.1414559315432,287.1414559315431,1.167029564653169,4.958430701963678,156.20356864567043,2.75227876355666,73.38567911292986,50,41197.84011118408,870.4857990127454,4346,65.64963231965922,4,4.516561505887201,84.49410054175053,0,97.9912079383662,2021,4,17,1,287.1414559315432,17.310319504019365,3866.9884546495337,1.4311433272245393,1,0.0009203865623561896,2.008792061633798,68.47057598934104,1.31,43.223217136138295,0,42.84138736294596,False,False,True,False,True,False,False,1,False,False,False,False
4144311,5390324.439088472,1246013.4390884722,351,334.16040313564184,-16.839596864358157,0.4245460419818003,3.852189013961685,378.731594311847,33.8868754089315,49.9209344599592,217,14318.817119946969,250.6806529716261,5013,61.90303924633185,6,4.605498314176092,78.38805611488635,0,15.15037666703217,2021,4,17,2,-16.839596864358157,30.065635496189163,16130.949054728188,0.9520239405573842,1,0.0011968880909634949,84.84962333296784,15.91386100874946,0.20499999999999996,42.8501312111917,0,111.94234296066722,False,True,False,False,True,False,False,1,False,False,False,False
18062838,25331689.745052785,7268851.745052785,453,554.027091151058,101.02709115105802,0.4756115759175263,1.052642442203065,68.14635787442782,20.97196266406258,63.86505783182309,130,20116.123029801027,338.9820450523859,9078,88.13327913827811,4,6.991951789547102,71.4828461093001,0,63.0244613572493,2021,4,17,3,101.02709115105802,40.242024786209036,45722.83584981945,1.2230178612606137,1,0.0004406256884776382,36.9755386427507,51.53192226668501,0.37,36.3089158474315,0,77.45110614876569,False,False,False,False,True,False,False,2,False,False,True,False
19740105,19776368.70095608,36263.70095608011,438,634.1967615541923,196.19676155419236,0.7057529134587088,2.5072073684895537,92.64581196556728,-9.68261362888676,70.93153403133203,70,11040.72885921846,500.8903077574272,1031,71.76897294276364,5,8.285307257099515,90.90562733872954,0,62.524069609938586,2021,4,17,4,196.19676155419234,0.183705714615399,31183.33283899335,1.4479378117675623,1,0.004849660523763337,37.475930390061414,43.18146062752009,0.7470000000000001,17.408995959174455,0,46.37467612073358,True,False,False,False,True,False,False,2,True,False,False,False
46969430,42812021.122342,-4157408.877658002,314,355.69406692856177,41.69406692856177,1.2276431900615177,1.1681238182428326,53.0546783106154,13.61275211373074,67.55216657194875,135,8337.768362821507,741.0240026596126,9368,81.06694290779183,1,6.635934917726908,89.72137360918735,0,13.266665056967453,2021,5,17,5,41.69406692856177,-8.851307920189797,120361.92082714847,1.1327836526387318,1,0.0001067463706233988,86.73333494303255,11.711561184753844,0.836,23.44084183022395,0,78.34947560570384,False,False,False,False,True,False,False,2,True,False,False,False
19173652,26219231.91831165,7045579.918311652,862,1204.851448014752,342.8514480147521,0.4992237742864076,2.0478046363125464,118.82443391394176,12.43367097676974,52.93505033627776,64,49647.72715017843,438.2955593161065,8877,77.36975421767077,7,7.287491998489856,86.59710275388807,0,30.21131551579642,2021,5,17,6,342.8514480147519,36.74615518374721,21761.381423007286,1.3977394988570209,1,0.0007885546919004169,69.78868448420357,21.614410654132076,0.472,41.20651324441995,0,45.21061639391425,True,False,False,False,True,False,False,2,True,False,False,False
43610580,55203077.00124731,11592497.00124731,601,589.1106529764368,-11.889347023563232,0.3210302815531963,3.900420118674824,81.04550391970676,-3.7330101805501057,47.15289702662109,99,34501.72780601776,934.9590518047034,7170,49.17333073868778,4,4.3563841170995,53.85161240768805,0,91.49883252846088,2021,5,18,0,-11.889347023563232,26.58184550915697,93705.7863787354,0.9802173926396618,1,0.0005578800557880056,8.50116747153912,93.34544889278129,0.8310000000000001,58.565784936497764,0,52.6259660538213,False,False,False,True,True,False,False,1,False,False,False,False
3195690,4217619.70574743,1021929.7057474302,600,876.7420162804075,276.7420162804075,1.9432220841950207,3.8561240764520175,498.1110655009634,27.187798373080145,46.31719367484647,280,29394.342913924345,185.01134614184724,8830,90.6874216173737,5,5.315471528304338,89.82348139478218,0,59.00626401482924,2021,5,18,1,276.7420162804075,31.978374177327286,4810.559580161051,1.461236693800679,1,0.0005662514156285391,40.99373598517076,40.38104453930311,0.76,33.526787091407265,0,134.05149761437798,False,False,True,False,True,False,False,1,True,False,False,False
44531276,62472614.7131954,17941338.7131954,365,493.06170653935527,128.06170653935527,0.1417654481382835,1.1405018895119257,179.9644864793403,28.615345360872013,64.80341578510394,97,39447.43251823848,433.7237777903628,3315,51.74650668478817,0,2.773315778211669,95.971065799735,1,49.27472874710924,2021,5,18,2,128.06170653935527,40.28929849931854,126703.44073497615,1.3508539905187815,1,0.0,50.72527125289076,36.476724422441684,-0.063,80.00506223674837,1,66.82562834379279,False,False,False,False,True,False,False,1,False,False,False,False
47953572,66256805.97929639,18303233.979296397,543,795.3867451699725,252.38674516997253,1.6251250701384412,4.611116590774301,117.17060570116128,29.64912704786537,54.63560484593114,280,42803.47218594758,738.0587110855797,1065,95.93692864424683,9,7.122218416286712,52.97210441454583,0,47.3946800983155,2021,5,18,3,252.38674516997253,38.168656089470026,83301.37053659029,1.464800635672141,1,0.008450704225352112,52.6053199016845,32.35572059713634,1.5690000000000002,53.81466619336304,0,137.28541956813893,False,True,False,False,True,False,False,2,False,False,True,False
48406955,71475390.4865862,23068435.4865862,786,1026.492687343362,240.49268734336212,1.597266784192542,2.962840913824134,158.44831609816308,30.065902005722563,79.43925735919575,209,41302.16456201274,303.3880890953432,2928,55.03427748532887,1,2.993067463840385,70.08356944042674,0,89.93447488180983,2021,5,18,4,240.49268734336192,47.65520881572947,69630.68648016357,1.3059703401315037,1,0.00034153005464480874,10.065525118190166,68.86410213018617,1.1420000000000001,40.23619950854765,0,116.4515478094755,False,False,False,True,True,False,False,1,False,False,False,True
20759626,25359150.478350293,4599524.478350293,557,622.7495940742085,65.74959407420852,0.6647068163056823,1.8996214548100725,471.2565071930606,-9.997094518723676,81.22913890286985,98,5744.275218044448,690.7718208067057,6011,84.03285839642452,3,1.0113111585443006,99.41777448582938,0,43.03280580594272,2021,5,18,5,65.74959407420852,22.156104731127108,40721.2637626038,1.1180423591996562,1,0.0004990850108135085,56.96719419405728,38.48942345686034,-0.255,9.224052930269666,0,60.569613315243856,False,False,False,False,True,False,False,0,False,True,False,False
19181571,22885482.09663353,3703911.096633535,702,1026.9619098674132,324.9619098674132,0.3576905704138955,2.509677903904304,284.0721003609781,42.46564421156972,31.939226460456293,245,13406.355418572432,247.79526240461132,8533,57.07932360961552,8,9.40385907826076,79.96194292341418,0,87.3250176093632,2021,5,18,6,324.96190986741317,19.309737959594294,22284.645493412878,1.4629087035148336,1,0.0009375366225243173,12.6749823906368,59.69273229392455,0.10599999999999998,13.054384286076658,0,120.3214612016078,False,True,False,False,True,False,False,2,False,False,True,False
28841304,32911744.143454388,4070440.143454388,759,808.5931099311999,49.59310993119993,0.3766944287403044,3.025356267188718,214.1681433385356,34.78148218800647,29.536355608200797,157,34470.7385953024,150.38225637551773,7225,59.06712451521183,5,3.754137170930984,75.67887010637314,0,37.82733393785052,2021,5,19,0,49.59310993119993,14.113231993443806,40702.479082779624,1.0653400657855072,1,0.0006920415224913495,62.17266606214948,35.50728556328095,0.398,42.63051239483772,0,82.09535133886219,False,False,False,False,True,False,False,1,False,False,False,False
6056093,6008944.049238892,-47148.95076110773,375,412.2388174638898,37.2388174638898,1.4251200727506657,2.799452659228927,443.0261560591487,39.71899331241069,64.12806482251997,94,21909.17065117833,208.914145073784,6447,58.60011116693832,7,2.769688382194021,58.87230737343718,0,57.83535860525591,2021,5,19,1,37.2388174638898,-0.7785374293477284,14576.366403838832,1.0993035132370395,1,0.0010857763300760044,42.16464139474409,52.61091037083318,0.3989999999999999,53.146791915337936,0,68.7541174404792,True,False,False,False,True,False,False,0,False,False,True,False
15358216,19098929.739458643,3740713.739458643,277,365.7743590718893,88.77435907188925,1.32133252306373,2.4320251776808908,227.7456217470646,-9.139618758091125,41.08580236435956,81,49211.71929774981,936.9863048207212,1584,84.873535241565,1,3.413320578691983,78.27431416670849,0,22.943779258231796,2021,5,19,2,88.77435907188931,24.356433972921355,52215.05899954277,1.3204850508010444,1,0.0006313131313131314,77.0562207417682,17.375266190490713,0.7400000000000002,134.54119480277112,0,41.98385508188053,False,False,False,False,True,False,False,1,False,True,False,False
29589907,31548981.199584574,1959074.1995845733,784,1065.6047872967415,281.60478729674173,1.5872167810776348,2.524664020447001,200.7538564809631,41.36223376821567,21.29995031355692,181,34943.21566872143,596.5757946455963,7470,73.4089070781636,9,3.974029278567828,71.95216302347265,0,84.25272810191001,2021,5,19,3,281.6047872967415,6.62075145955874,29606.64364094965,1.3591897797152315,1,0.0012048192771084338,15.747271898089991,61.987464413955564,0.9500000000000001,32.79190942578856,0,91.19865522453178,False,False,False,False,True,False,False,1,False,False,False,True
3464722,5033494.443797739,1568772.4437977392,201,292.9860601522079,91.98606015220793,1.8812142275582988,0.8820595521394309,143.277135147381,34.53836907784576,82.20498685540686,294,48044.70089281429,816.7111979316841,7685,92.97714735084983,4,5.270917838033563,56.37215277850615,0,76.2377383904345,2021,5,19,4,91.98606015220793,45.27845073277854,17179.97928359735,1.4576420903094922,1,0.000520494469746259,23.7622616095655,52.302097268779754,0.888,163.98289006601473,0,152.62300677997578,False,False,False,False,True,False,False,1,False,True,False,False
41113874,51388826.54700435,10274952.54700435,629,643.3924291778136,14.392429177813597,1.4146619902065247,4.063664521523397,220.0085707592352,36.04705286272842,35.88305370706658,242,14065.091674060724,399.3890508145461,6244,58.44236315224269,0,1.6241650391673697,73.21663263090171,0,57.70837571272898,2021,5,19,5,14.392429177813597,24.991448256625855,79871.66807771385,1.0228814454337258,1,0.0,42.29162428727102,56.417462620273916,1.1189999999999998,21.860828689007736,0,118.37903197093851,False,False,False,True,True,False,False,0,False,False,False,False
16136395,20262537.4947301,4126142.4947301,351,483.9583862171686,132.9583862171686,0.3961179194477425,2.708801599705077,192.50796020761672,-4.869193840291731,85.04964561800664,146,43878.06626517604,633.392783096902,9154,81.51955132340467,3,1.4740584058490578,58.21996525876303,0,12.331117673107553,2021,5,19,6,132.9583862171686,25.570410830486612,41868.34668391842,1.3787988211315345,1,0.00032772558444395895,87.66888232689244,8.943377006217494,0.387,90.66495697728536,0,82.45413553331447,False,False,False,False,True,False,False,0,False,True,False,False
6630761,7379737.259568903,748976.2595689027,562,754.8377292054562,192.83772920545616,0.5625409718542803,0.6553993085235155,354.7867816841635,30.63279159052287,70.22041156147776,248,19460.85376168514,545.4569203344925,8951,85.17691597978664,9,3.636196889842653,86.53318108630283,1,53.31315986717986,2021,5,20,0,192.83772920545618,11.295479652620607,9776.587700957702,1.3431276320381782,1,0.0010054742486872974,46.68684013282014,39.69329391747965,-0.32099999999999995,25.78150642015427,1,129.4559609456002,False,True,False,False,True,False,False,2,False,False,True,False
48494032,45157332.77907973,-3336699.220920272,313,293.68061766442565,-19.319382335574343,1.7001680886589177,3.8307855079138897,180.3122171018272,42.79541793031501,73.3857442938039,250,49530.41637070131,951.1641634620646,2748,49.08892678179749,0,3.6618951807738624,98.68241830718114,0,30.267687540272213,2021,5,20,1,-19.319382335574346,-6.880638881337547,153763.40848846477,0.9382767337521586,1,0.0,69.73231245972778,32.25880643894052,1.297,168.65401865674795,0,134.85434866723568,True,False,False,False,True,False,False,1,True,False,False,False
3901092,3585284.009487866,-315807.99051213404,605,685.0620002593051,80.06200025930514,0.4976815440849963,4.662219891886754,309.73988589015266,27.32010377799884,34.10230470552123,242,12095.990243291628,772.8171724486994,8670,64.03536143918868,8,2.058816050328116,73.47885242128481,0,47.20368662875175,2021,5,20,2,80.06200025930514,-8.095374077620678,5233.517562105018,1.1323338847261242,1,0.000922722029988466,52.79631337124825,41.68707416202495,0.5410000000000001,17.656781778456743,0,115.22672254505603,True,False,False,False,True,False,False,0,False,False,True,False
16783215,19367848.344827466,2584633.3448274657,204,218.21049194415605,14.210491944156049,0.2377924022135147,4.73653449618481,79.65147426438772,21.380877254353354,36.39360979317691,129,28235.291847724697,757.4883683469211,3204,68.96904966102467,1,4.643124348884808,81.61841659573065,0,87.078383997278,2021,5,20,3,14.210491944156047,15.40010864919186,88757.6402594979,1.069659274236059,1,0.00031210986267166043,12.921616002722004,81.4075903370899,0.9510000000000001,129.3947490616107,0,68.93234611425908,False,False,False,False,True,False,False,1,False,False,False,False
44465574,42275165.44657243,-2190408.5534275696,682,738.3974816456692,56.397481645669245,1.436232102680276,1.845088662055864,136.08012051343147,42.00963227619484,56.488742767684606,195,40678.00402267049,141.71794249085158,2892,61.34124339366246,6,3.5562580138250404,71.54877623834211,0,79.26429748156596,2021,5,20,4,56.397481645669245,-4.926077314165718,57252.586171276766,1.0826942546124183,1,0.002074688796680498,20.73570251843404,73.21023192271478,0.8760000000000001,55.08957578242448,0,107.54951251316383,False,False,False,True,True,False,False,1,False,False,False,True
2722907,3442048.9939013603,719141.9939013603,364,542.2755984947466,178.27559849474665,0.8648000754312698,0.6775843678037702,233.33237222510692,14.36154169539398,32.04698968549035,103,24468.911627181613,594.7027021033219,8018,59.32675575814829,2,1.234499975155631,56.92269268285027,1,31.775761855683747,2021,5,20,5,178.27559849474665,26.410817332408353,6347.416338584716,1.4897681277328205,1,0.0002494387627837366,68.22423814431625,21.329333917246018,0.12000000000000005,45.12264924902141,1,55.1225594142653,False,False,False,True,True,False,False,1,False,True,False,False
28681791,40974342.07463908,12292551.074639082,264,339.4159422952206,75.41594229522059,1.8480760998372168,2.5919981331653257,471.62716425891296,22.961146147076327,41.38021848781226,176,26063.7827084441,520.2923085116333,4093,81.18519363985851,1,8.971487023789997,98.52776432377492,0,98.64580896329954,2021,5,20,6,75.41594229522059,42.85838033837943,120720.1458999236,1.2856664480879567,1,0.0002443195699975568,1.3541910367004562,76.72737288120538,0.5160000000000001,76.79009575152509,0,89.70240939046658,False,True,False,False,True,False,False,2,False,False,False,True
47618152,68081999.96162437,20463847.96162437,746,992.6318482283704,246.63184822837047,1.335484635077957,0.5630461467461034,219.7633935720629,16.19860614219014,42.50237345634631,224,49386.01079775835,935.058039945575,1973,52.95198385956931,3,8.974171162392313,56.47893320420398,0,91.2889455661421,2021,5,21,0,246.63184822837036,42.97488899112332,68587.36205486029,1.3306056946760996,1,0.0015205271160669033,8.711054433857896,68.60706062765195,0.376,49.75259547223023,0,107.21029387956094,False,False,False,False,True,False,False,2,False,False,False,False
31999906,41453550.10437773,9453644.104377732,323,479.9684981116488,156.96849811164878,0.2717960578041554,4.669937092563086,348.8333545399253,41.30654217481646,31.17409532769349,183,24138.866763551898,331.607789370579,5024,82.56344471506773,6,2.882640276221266,55.58134042567704,0,57.58060988203898,2021,5,21,1,156.96849811164878,29.542724607933945,86367.23090675617,1.4859705823890055,1,0.0011942675159235668,42.41939011796102,38.749495154517945,0.3350000000000001,50.29260640754967,0,94.94419125075298,True,False,False,False,True,False,False,1,False,True,False,False
20647790,21199893.29854108,552103.2985410802,858,966.3834776091924,108.38347760919248,1.9009274777819556,0.91789813677573,164.78925008962915,-5.815340027897101,34.36279833766125,115,32183.24452695786,342.8501079619849,7615,96.10265178344385,6,2.465850053479131,72.95864708356503,0,57.7135288259122,2021,5,21,2,108.38347760919237,2.673909888375851,21937.350740918155,1.126321069474583,1,0.0007879185817465528,42.2864711740878,51.240743328041404,0.851,33.30276776521301,0,54.56423749292925,False,False,False,True,True,False,False,0,False,False,True,False
7882799,11176217.435543332,3293418.435543332,591,816.232523733365,225.23252373336504,0.5912588009164672,1.2638292997558205,107.16510918795429,17.56158354539415,75.19862894057796,186,7454.284730381782,470.2116239933504,5329,73.91185127066507,8,5.925634879122836,82.94436328834661,1,91.1139368502972,2021,5,21,3,225.23252373336504,41.77980988153234,13692.443158751435,1.3811041010716836,1,0.0015012197410395947,8.886063149702807,65.97180964099397,0.394,9.132550484862618,1,102.22806374579163,False,False,False,False,True,False,False,2,False,False,True,False
25729233,36835412.37416637,11106179.37416637,403,467.769586927027,64.76958692702698,0.7407037317719429,2.0331826344248523,76.34147003602256,27.78238427619911,31.703709818308788,245,42899.4536094617,319.03274206573843,7715,76.68605420436845,2,6.676781526832878,67.74616354864456,0,67.25303275953087,2021,5,21,4,64.76958692702698,43.16560611879246,78746.91601083669,1.1607185779826972,1,0.0002592352559948153,32.74696724046913,57.940860114787796,0.6799999999999999,91.71065158657719,0,115.84582822835237,False,False,False,True,True,False,False,2,False,False,False,False
41476415,42222664.920448005,746249.9204480052,399,567.2663610325062,168.2663610325062,0.8642947859987298,1.915822342795629,187.4360743442381,33.55485961322303,21.992017429074576,158,34167.562204079455,216.26552602787456,2477,44.13596212744535,6,9.617883017023656,59.62585110984515,0,58.30195706764957,2021,5,21,5,168.2663610325062,1.7992150971775291,74431.81514165002,1.421720203088988,1,0.0024222850222042794,41.69804293235043,41.00803867102418,0.458,60.2319554818826,0,79.86406311268928,False,False,False,True,True,False,False,2,False,True,False,False
41081357,55149899.87439469,14068542.874394692,358,361.005239873668,3.0052398736679606,0.1973261631681951,3.973314461989445,120.94746205860858,22.0660256094275,64.05484598402569,72,23180.90462882661,871.6733619857207,6689,91.8686142170697,5,4.396136109758313,90.9481684013738,0,77.42336713128364,2021,5,21,6,3.0052398736680175,34.24556514624065,152767.5883421917,1.0083945247867823,1,0.0007474958887726118,22.57663286871636,76.77884521205057,0.676,64.2121001815338,0,54.63626147803596,True,False,False,False,True,False,False,1,False,False,True,False
23143202,24807469.678661577,1664267.6786615774,810,1189.57548205324,379.57548205324,1.0433793022381492,2.281584102754812,128.30470160725588,39.99047592667997,88.3188183574715,295,5727.629297953389,602.4488719635242,9962,57.12686723199193,9,6.563803085781025,68.15516603047756,0,31.158740374367703,2021,5,22,0,379.57548205323997,7.191172935627392,20854.052603575186,1.468611706238568,1,0.0009034330455731781,68.84125962563229,21.216459219279937,0.782,4.814851503216377,0,156.49278828524544,False,False,True,False,True,False,False,2,False,False,False,False
45831979,63320737.46418775,17488758.46418775,612,631.132971328475,19.13297132847504,0.3343051330430552,0.8538413000166845,392.34168877412753,41.80952957861295,43.1849670236185,156,31625.09692670768,875.2264470609101,8329,76.9030699317139,6,8.903629412238786,59.71604866919536,0,89.05396777260395,2021,6,22,1,19.132971328475037,38.15841874117578,100328.67928117208,1.0312630250465278,1,0.0007203745947892904,10.946032227396046,86.35427200406616,-0.488,50.10845315233627,0,87.89834898066944,False,True,False,False,False,True,False,2,False,False,False,False
13374888,20040166.332339536,6665278.332339536,444,486.5051430597202,42.50514305972018,0.8618436207078682,1.3360494774303704,57.1271319251934,-6.462442724352906,28.30589922373766,286,5569.602281787299,848.0212888633263,7444,98.74673018468816,6,5.04958407202765,68.2542438753435,0,57.82737163672489,2021,6,22,2,42.50514305972018,49.83427399421615,41192.09553737346,1.095732304188559,1,0.0008060182697474476,42.17262836327511,52.77509060896837,0.652,11.448187878876363,0,120.95303694981543,False,True,False,False,False,True,False,1,False,False,False,True
24536507,22524896.27396801,-2011610.7260319889,608,823.0589270021535,215.0589270021535,0.7663485971849601,2.54556692593761,301.0145565809455,12.13037967477559,59.92711277572715,220,5054.162625905806,353.838119310704,9497,75.73015603436846,9,2.101111760415934,60.72771038213955,0,64.31493654745307,2021,6,22,3,215.0589270021535,-8.19843968023643,27367.294776828385,1.3537153404640683,1,0.0009476676845319575,35.68506345254693,47.50994143673161,0.28800000000000003,6.1407056774351485,0,109.61724773515083,True,False,False,False,False,True,False,0,False,False,True,False
9343528,13439913.055957088,4096385.055957088,841,955.5888444339042,114.58884443390424,1.5683961585103563,0.7372695871306745,220.7576212670592,-8.709753805336506,83.44479477669523,100,32724.43529672096,592.9636998918465,1001,83.48256924786266,4,4.397025572469768,75.97238689061703,0,18.094948412935103,2021,6,22,4,114.58884443390423,43.84195194745591,14064.535322112264,1.136253084939244,1,0.003996003996003996,81.90505158706489,15.925103881150429,0.518,34.24530904408693,0,62.42051229140762,False,False,False,True,False,True,False,1,False,True,False,False
45042449,57365086.53327621,12322637.533276208,595,752.6314615056215,157.63146150562147,1.6260239721021892,3.0582783782300704,277.94749995884627,8.117916155594362,74.88432458799352,121,13505.768030054942,174.8959324660634,9462,66.71917709342512,8,2.229102340329704,83.41446930688497,0,37.855806288600846,2021,6,22,5,157.63146150562147,27.357832015919488,76219.35763689537,1.264926826059868,1,0.0008454872120059184,62.144193711399154,29.92726971133835,0.896,17.944729553342047,0,73.30067222307638,False,False,False,False,False,True,False,0,False,False,True,False
23309604,34592141.63592888,11282537.635928877,632,737.3822716055274,105.38227160552742,0.3914844765392672,2.828736532755729,303.2736067465713,19.52775198838312,63.57611078889012,152,13634.939737314287,923.7266956276826,7843,43.62195061090344,6,1.1497551778175523,89.9778688599593,0,48.40618030048851,2021,6,22,6,105.38227160552742,48.402957149889275,46912.08748565413,1.1667441006416572,1,0.0007650133877342854,51.59381969951149,41.48825802836052,0.15200000000000002,18.491005632162096,0,85.73115883318196,False,False,False,True,False,True,False,0,False,False,True,False
42574796,50195927.60804764,7621131.608047642,376,505.8786578074548,129.87865780745477,0.7964472560205298,3.5735115819112884,191.0154625057752,40.09372117804719,42.05395476253196,202,34397.220462473466,463.83644355863777,6972,87.85596096938731,6,7.763977507141236,61.37810151599329,1,47.25185710924176,2021,6,23,0,129.87865780745477,17.900571051585644,99225.23283667165,1.345421962253869,1,0.0008605851979345956,52.74814289075824,35.12047404821965,0.7729999999999999,67.99500222356797,1,105.44430278217376,True,False,False,False,False,True,False,2,False,False,True,False
42006179,59162878.55641242,17156699.55641242,733,760.120084791715,27.120084791715044,0.8093710059604802,4.688523076896838,182.7989870829284,36.56048773559716,57.9316121293354,129,7416.373457271842,454.3085655001192,8903,42.09993047583914,2,3.1458133044582,58.347700285222274,0,80.04559295606121,2021,6,23,1,27.120084791715044,40.84327583428243,77833.59463869974,1.0369987514211665,1,0.00022464337863641469,19.954407043938787,77.1896714883811,0.9990000000000001,9.756844485044816,0,79.94762995947977,False,True,False,False,False,True,False,1,False,False,False,False
29338206,27502703.422628637,-1835502.5773713663,232,216.9373518233733,-15.062648176626707,0.3876798434785615,4.561272805505778,380.0308322007076,-2.9875150330407854,26.38713889129788,212,19103.250266355037,372.4798335561578,6105,82.03946973327125,0,1.0180634125507664,50.98017104476101,0,35.40901577410072,2021,6,23,2,-15.062648176626709,-6.2563558841033515,126777.16949832074,0.9350747923421262,1,0.0,64.59098422589928,37.86757601005379,0.30699999999999994,88.05883406334091,0,91.81988715747714,False,False,False,True,False,True,False,0,True,False,False,False
4881857,5375741.926546847,493884.9265468465,659,711.6920837608504,52.69208376085044,1.617061659597262,4.730378090344157,442.0746446545208,-4.883329389250736,67.52617969964689,194,11724.435596390858,514.5973702396334,8702,41.37529438897822,4,8.851891217816306,61.40438841736213,0,26.38983361087594,2021,6,23,3,52.69208376085044,10.116743004697751,7553.465956989983,1.0799576384838399,1,0.0004596644449551827,73.61016638912406,24.43598958929983,0.8669999999999999,16.474028395025137,0,96.39285509311885,False,True,False,False,False,True,False,2,True,False,False,False
39092303,36754971.17986874,-2337331.820131257,622,736.8119937288981,114.81199372889807,1.4437338238373043,1.223577985118505,136.66173460633755,22.409703631616686,70.75672132283556,67,31107.936640844026,326.58344789090324,3914,91.73831419460024,7,4.994099546418153,51.19526762488981,1,62.43555263160279,2021,6,23,4,114.81199372889807,-5.979007734927403,49883.785134735925,1.184585198921058,1,0.0017884517118037812,37.56444736839721,52.70667967865058,0.75,42.219639345732276,1,54.74992748633568,False,False,False,False,False,True,False,2,False,False,False,True
5739400,8524190.628173867,2784790.6281738672,509,509.4133239396441,0.4133239396441013,0.4617253939643659,0.6578265331967731,93.92844224081702,19.266488485233047,87.55221360369431,204,34779.43196273281,437.3670455171241,6156,49.45816214997883,4,3.1497389166990266,67.27371018445297,0,65.35133725303743,2021,6,23,5,0.4133239396441013,48.52058800874425,16733.348398213126,1.0008120313156073,1,0.000649772579597141,34.64866274696257,65.29831297804293,0.23100000000000004,68.27350273008076,0,113.64561062667822,False,True,False,False,False,True,False,1,False,False,True,False
45616869,63415857.122662514,17798988.122662514,430,478.5377007313483,48.53770073134831,0.7967716263282182,1.5113835024822424,454.0081128764117,4.650770278651311,38.22781511215501,192,37451.11341195696,819.9523437263937,9298,70.85628972655307,9,3.365109751198773,57.28465444150183,0,20.94249763776168,2021,6,23,6,48.53770073134831,39.01843443631021,132520.08572311894,1.1128783737938333,1,0.0009679500967950097,79.05750236223832,18.818316656085358,-0.23299999999999998,78.26157344493546,0,89.6635756172419,False,True,False,False,False,True,False,1,True,False,False,False
16168970,22822961.206622075,6653991.206622075,302,344.2769229147946,42.27692291479463,0.301029547227377,4.475425863831573,207.4529586413294,39.46991965046094,21.291949333011583,130,16485.404761335445,850.8299532266547,4168,75.82904226898884,2,3.1648410397454523,78.99477991138922,0,10.22216526873964,2021,6,24,0,42.276922914794625,41.15284527475823,66292.45147596067,1.139989810976141,1,0.0004798464491362764,89.77783473126036,8.9668917829947,0.626,47.88414112036034,0,70.22856069504175,False,False,True,False,False,True,False,1,False,False,False,True
23148023,33860445.150259264,10712422.150259264,566,528.8902701165376,-37.10972988346237,1.2935925344767836,4.860267373117441,298.0928257982664,41.00515252038544,58.19259250990054,156,9016.23882364628,373.7642298656645,3599,67.45272444240473,8,2.751005450703448,69.18633797456366,0,92.5884172019673,2021,6,24,1,-37.109729883462364,46.27791388603366,64021.68287724092,0.934435106212964,1,0.0022228396776882466,7.411582798032697,99.0849087179584,1.0259999999999998,17.047465860280635,0,92.1593235090858,False,False,True,False,False,True,False,1,False,False,False,False
31443477,29904699.005056378,-1538777.9949436225,518,647.4918927356507,129.4918927356507,0.3306066566423774,4.29662475535238,211.7944150340016,12.143629108708948,69.47533530777702,118,8540.764562385402,522.112987497509,6716,60.44580936093323,1,8.571036021168668,54.67926705353798,1,17.167329740200064,2021,6,24,2,129.4918927356507,-4.893790832812868,46185.44161025575,1.2499843489105227,1,0.0001488981536628946,82.83267025979994,13.73403575425803,0.599,13.19053513751455,1,71.68568932494578,False,False,True,False,False,True,False,2,False,False,True,False
26504364,29985938.96969824,3481574.969698239,527,753.9293919245212,226.9293919245212,1.973274920387344,0.550088605637718,106.61105135572308,38.966640641243615,75.32852331180916,129,24176.81968028257,886.437798652047,3235,68.0688577708583,2,2.532984709328826,69.99332315182971,0,90.80802387478002,2021,6,24,3,226.92939192452116,13.135855550800008,39772.87434457821,1.4306060567827725,1,0.0006182380216383308,9.19197612521998,63.475212791279674,0.967,32.06775056025804,0,85.88854918591583,False,True,False,False,False,True,False,1,False,True,False,False
18278806,17229985.173640106,-1048820.826359894,208,206.13751553654092,-1.8624844634590545,1.5832959419069383,4.7371399902989655,315.1992402264776,11.117189184463497,33.561725311736744,192,47562.998407822175,147.40599864672745,3799,58.68494523286952,3,6.056692154914588,60.46740579839258,0,45.929338694777,2021,6,24,4,-1.862484463459083,-5.737906657359863,83584.90752541275,0.9910457477718313,1,0.0007896814951302974,54.070661305223,46.34431740213805,1.1119999999999999,230.73431482873835,0,90.20367434886008,True,False,False,False,False,True,False,2,False,False,False,False
21137708,21697347.01738731,559639.0173873082,214,269.3585489207544,55.3585489207544,0.8414532442095906,2.11679013675393,286.3133832963333,30.524925750633507,38.32270083259166,91,14797.806541116108,900.2304657962069,8013,66.28734082485178,9,1.695882202049686,84.00886756700527,0,68.77503171955604,2021,6,24,5,55.3585489207544,2.647586093001702,80551.91529774202,1.2586848080409083,1,0.0011231748408835642,31.22496828044396,54.640392320776144,0.2629999999999999,54.93720767507416,0,57.05428797496755,False,True,False,False,False,True,False,0,False,False,False,True
18649544,19351129.89057496,701585.8905749582,697,905.293935493716,208.29393549371596,1.1992714713307735,0.0465514538117683,141.34710163603876,16.176821965124827,55.881364768710746,287,16553.372060369722,297.2659110870985,6473,61.53477945988184,0,9.545692385607405,68.221812238537,0,26.705322163575666,2021,6,24,6,208.29393549371605,3.761946622260352,21375.52139904872,1.298843522946508,1,0.0,73.29467783642434,20.56084639279177,0.384,18.285080029109093,0,136.4174560201507,True,False,False,False,False,True,False,2,False,False,False,False
39363911,46507056.60308106,7143145.603081062,575,662.1704647446544,87.1704647446544,1.8315494508111767,2.211968703740968,253.34107009352505,-3.2579263921049355,43.14205669790013,83,9539.996094763652,710.6853197929382,1018,73.97228941042871,3,6.429825140013296,57.35150046075731,1,84.15253250447402,2021,6,25,0,87.1704647446544,18.14643266285472,70234.26606774899,1.151600808251573,1,0.0029469548133595285,15.847467495525976,73.07439513891907,0.8670000000000001,14.407160395537208,1,45.16523909173856,True,False,False,False,False,True,False,2,False,True,False,False
48308038,51261461.03442776,2953423.034427762,802,1059.1681590396863,257.16815903968654,1.1527886327520698,0.2303458483773379,408.62637680704063,41.036381068036185,80.23580406112114,97,32250.662325226866,624.2965267461402,1858,54.27544973469901,3,9.128372600820638,67.48008662021434,0,26.217404820988687,2021,6,25,1,257.1681590396863,6.1137300472185645,48397.849384846384,1.3206585524185614,1,0.0016146393972012918,73.78259517901131,19.851766206318786,-0.20499999999999996,30.449048198793573,0,75.18165553874721,False,False,True,False,False,True,False,2,False,False,False,False
4110691,3948675.776935685,-162015.22306431457,473,542.2656120427492,69.26561204274924,0.4315471241561148,2.7193896058055875,315.6917463985511,14.975312635764514,53.16321076171042,260,35594.27932762287,597.6466733703269,6380,99.31939329484076,8,4.580900015279457,61.21891669650928,0,44.7858233483416,2021,6,25,2,69.26561204274924,-3.9413135909343477,7281.811144285492,1.1464389260946073,1,0.0012539184952978057,55.2141766516584,39.06516285250921,0.1339999999999999,65.63993463191764,0,124.44155701924248,False,False,False,True,False,True,False,1,False,False,False,True
19135313,19144778.348715983,9465.348715983331,768,923.736862300002,155.73686230000192,0.8195363756042027,1.6927701371852566,93.61279718014768,30.396787217732204,75.97050508714021,185,33931.9043672342,873.4242022775393,4032,70.05219720292993,7,8.296048510861702,89.7889500819193,0,31.422320153274374,2021,6,25,3,155.73686230000203,0.049465345646466985,20725.359277151303,1.202782372786461,1,0.001736111111111111,68.57767984672563,26.12469293217104,0.634,36.73330117274689,0,105.91018769146172,False,False,False,False,False,True,False,2,False,True,False,False
12688962,12541330.21766464,-147631.7823353596,528,477.52944451484245,-50.47055548515755,1.7019752435565163,2.367174667970244,296.6096737531108,10.19455979372107,60.643383233764766,288,43750.86093701515,191.41492928019517,5505,51.649724644870574,1,8.6828903150438,99.16837801824728,1,85.37553619182431,2021,6,25,4,-50.47055548515755,-1.163466186874542,26262.94642502371,0.9044118267326562,1,0.00018165304268846503,14.62446380817569,94.39896037213286,0.745,91.61919006159901,1,136.45138290824576,False,False,True,False,False,True,False,2,False,True,False,False
14431835,21414621.77387918,6982786.773879182,326,428.7004543247451,102.70045432474512,1.324004730380274,3.065851803715585,366.2322346803141,-8.961551678307094,74.11630991319784,187,26889.16257617323,412.3252227930725,6789,68.62400497403635,6,7.326543620608029,51.274569451488375,1,87.25022322839915,2021,6,25,5,102.70045432474512,48.38460787473791,49952.41212797358,1.3150320684808132,1,0.0008837825894829872,12.74977677160085,66.34836162527557,0.557,62.722496104014866,1,94.34642747046722,False,False,True,False,False,True,False,2,False,False,False,False
26090373,35367470.53296483,9277097.532964831,246,319.01417941224133,73.01417941224133,1.3363763302342206,4.344005479089102,406.7165326013381,-4.470830271949025,43.28710905712267,54,11050.5668345179,584.4274717102891,3531,91.98490777148945,5,1.836527198083357,84.5010068657641,0,43.482600043320815,2021,6,25,6,73.01417941224133,35.557550415108416,110864.88568666957,1.2968056073668346,1,0.001416029453412631,56.517399956679185,33.530545978754894,0.7169999999999999,34.63973562202691,0,33.2448836355521,False,False,False,True,False,True,False,0,False,True,False,False
19071531,28238393.571296323,9166862.571296323,699,645.2053279506689,-53.7946720493311,1.7469608228081297,3.309507882359643,333.10291038542005,17.29207137194584,78.19916353512178,165,18023.230881698568,830.1599685514358,8471,41.30840758746373,6,1.1447207776531538,63.197891681174326,1,37.66406239038463,2021,6,26,0,-53.7946720493311,48.06568791617371,43766.52260604918,0.9230405263958067,1,0.0007082989021367017,62.33593760961537,40.804343160805054,0.894,27.93410113172002,1,94.64737047212029,False,False,False,False,False,True,False,1,False,False,False,False
23864811,27774924.059735574,3910113.059735574,301,337.405969395561,36.40596939556099,1.798548809178759,2.1702443423909035,118.69617404335268,27.948039641949933,39.22006208857151,225,34809.348803960835,294.79877507050435,5719,80.77324714643733,3,2.5170370485059963,53.320432193464725,1,79.62088376756486,2021,6,26,1,36.40596939556099,16.384429190474517,82319.00612040858,1.1209500644370798,1,0.0005245672320335723,20.379116232435138,71.02982219600388,1.175,103.1675547007047,1,110.15043051915643,False,True,False,False,False,True,False,1,False,False,True,False
20352724,21716785.726547465,1364061.7265474647,519,771.9705152225253,252.97051522252525,1.847605886380929,4.0971392683518255,369.5779699655723,8.410442961860348,58.22691656023036,166,32590.488818370195,822.6368572368486,5863,72.87806780763569,4,2.0628708127001056,50.71756547926468,0,89.0660774630126,2021,6,26,2,252.97051522252525,6.702108899759388,28131.62588248266,1.4874191044750005,1,0.0006822445846836091,10.933922536987396,59.87961106257901,0.997,42.21727148345269,0,86.39120785662722,False,True,False,False,False,True,False,0,False,True,False,False
45319259,62494166.79735673,17174907.797356732,354,407.9644458895742,53.96444588957422,0.2802134671809966,4.527910687865661,354.8038307366824,28.25186525477077,34.9804979221712,203,28895.14083843331,459.6746342445422,5038,50.17347966220813,5,7.526238977798593,94.05048346062136,1,66.16179947026575,2021,7,26,3,53.96444588957422,37.897591832551214,153185.3263857026,1.15244193754117,1,0.0009924573243350536,33.83820052973425,57.410093571765884,0.29400000000000004,70.82759571223642,1,100.16970895308259,False,False,True,False,False,True,False,2,False,False,False,False
44301351,48543309.50295965,4241958.502959646,870,1045.0155014788215,175.01550147882153,1.1338394037298918,0.5987998321609861,60.99209732328495,28.42495741875758,53.286856513833534,263,35733.39884099092,270.0224707903259,3452,89.04858635829524,8,6.013061386204084,67.68032510388997,0,93.4663308156193,2021,7,26,4,175.01550147882153,9.575235082468808,46452.23868379471,1.2011672430791052,1,0.002317497103128621,6.533669184380699,77.81292018588947,0.645,34.19413280513437,0,129.71354417977733,False,False,False,False,False,True,False,2,False,False,True,False
5510784,5949607.863408873,438823.86340887286,776,1122.063481639165,346.06348163916505,1.5069680903148053,2.6596648877639573,235.28645041560944,28.716474903030694,42.27226466560922,157,33682.58826679847,783.0877963991344,3846,62.13307734244034,1,5.733557780910452,99.7271946045302,0,44.47394315650752,2021,7,26,5,346.06348163916505,7.963002422320906,5302.38080176836,1.4459580948958313,1,0.00026001040041601667,55.52605684349248,30.757421887604202,0.863,30.018433732103375,0,84.09662187059199,False,False,True,False,False,True,False,2,False,True,False,False
31993940,33257815.65860269,1263875.6586026922,630,838.1249890772558,208.1249890772558,1.5381610057413262,1.4225597987122207,199.827611133068,17.088701971127964,38.669240144605,72,44659.62002592283,181.80901132709303,9064,57.628121728930445,8,3.275805702953265,72.11885838151062,0,23.669776181562604,2021,7,26,6,208.1249890772558,3.950359532469863,39681.21233948447,1.3303571255194537,1,0.00088261253309797,76.33022381843739,17.79204675761064,0.6900000000000001,53.28515508777682,0,45.52738263471989,True,False,False,False,False,True,False,1,False,False,True,False
27455291,26845986.35023743,-609304.6497625709,736,919.4421699044572,183.4421699044572,1.2527607837430077,0.235305989384737,351.2354289141396,40.31873825668272,87.68895126196263,111,31370.73698652335,563.2906366678986,7622,89.68751151141406,9,2.391467830633375,59.37988758856872,0,26.16786840853372,2021,7,27,0,183.44216990445716,-2.219261306545871,29198.123850494154,1.2492420786745342,1,0.0011807924429283652,73.83213159146628,20.946995666603105,-0.03799999999999992,34.11931496440195,0,82.8023068555936,False,False,True,False,False,True,False,0,False,True,False,False
37124898,39125107.18860913,2000209.188609131,315,434.2850847734627,119.2850847734627,0.4168959368489809,3.3427334755699265,147.26111553991433,16.905808488933857,31.205187384071145,62,40037.06114152504,157.48820547569957,9896,78.31150277149987,0,2.858931727920063,88.85717842612729,0,70.2848757067498,2021,7,27,1,119.2850847734627,5.387783661005966,90090.8379319959,1.3786828088046434,1,0.0,29.7151242932502,50.97972880918763,0.638,92.19073494639973,0,39.2332987619015,False,False,True,False,False,True,False,1,False,False,False,True
46598220,51872758.685838535,5274538.685838535,195,276.6308531753489,81.63085317534888,1.6150990524891622,4.313853887296128,315.8923653384163,14.7645856423151,75.11280862201767,186,16191.822018491051,420.7760696420088,4462,93.89554502048946,3,4.602493066730322,96.32461081836492,1,46.67737807707549,2021,7,27,2,81.63085317534888,11.319184908433273,187516.17214930753,1.418619759873584,1,0.0006723442402510085,53.32262192292451,32.9033750955471,1.032,58.53223468254096,1,101.36321827929984,False,True,False,False,False,True,False,2,False,False,False,True
49176440,64145577.44233561,14969137.442335611,512,601.1560156376884,89.15601563768837,1.468211533678397,0.8145132723869702,460.9426828163776,0.9659450455844834,88.89154716382504,290,35518.21630650806,640.9691191057534,2159,77.79302222027196,4,7.661288860848576,90.78105153877456,1,24.068313850763595,2021,7,27,3,89.15601563768837,30.439652488743825,106703.71047404707,1.17413284304236,1,0.0018527095877721167,75.93168614923641,20.4987995978367,-0.041000000000000036,59.083192021012046,1,142.95724766282285,False,True,False,False,False,True,False,2,False,False,False,False
47426160,44463870.13048468,-2962289.869515322,374,443.21431709070384,69.21431709070384,0.2636579659431689,4.062068288119503,409.0110674938735,6.921029804598508,21.393103861805447,69,45598.735327220405,600.5039873384918,5626,84.44905947592692,8,3.2906495488282297,87.2599617013764,0,36.30041694132471,2021,7,27,4,69.21431709070384,-6.246109466832909,100321.37594820779,1.1850650189591012,1,0.0014219694276573053,63.69958305867529,30.631582538153975,0.08899999999999997,102.88190965159778,0,36.09424009992119,False,True,False,False,False,True,False,1,True,False,False,False
10179253,10447009.738265555,267756.7382655572,675,763.8506289389935,88.85062893899351,0.9812386668813148,4.266978667684708,464.6559812974386,-7.671602911493316,68.93191898294666,141,22357.954755492497,464.1898761141999,8056,90.18675377557676,5,7.2875170113284815,66.73498472595843,0,57.75445648294737,2021,7,27,5,88.85062893899351,2.6304163799205633,13676.770486890477,1.1316305613911015,1,0.0006206554121151937,42.24554351705263,51.03649411160337,0.3939999999999999,29.27006132933113,0,74.778094821436,True,False,False,False,False,True,False,2,False,False,False,True
4287093,5939399.451077378,1652306.4510773784,188,278.2444525940824,90.24445259408236,0.4305570590914268,4.571702213332418,490.3276851197105,24.84444114888936,37.7038263889401,157,40059.6884302391,486.1431945749041,4722,43.28437815459621,3,5.423606383643591,53.224518194752136,0,20.93007402659228,2021,7,27,6,90.24445259408242,38.54141841750058,21345.976157670557,1.4800236840110768,1,0.0006353240152477764,79.06992597340772,14.14171560408329,0.1170000000000001,143.97299948574454,0,81.56448026134883,False,True,False,False,False,True,False,1,True,False,False,False
2017481,1993580.2135882257,-23900.786411774345,513,676.2877730705699,163.28777307056987,0.7412063868546466,1.326425445430262,54.80155715277324,3.669465915990108,22.834147702981312,234,37615.518553794594,304.0925980156899,4560,86.56293753216282,1,8.968967636597137,60.06496742800449,0,10.309824904996876,2021,7,28,0,163.28777307056987,-1.1846845849737542,2947.8282662670554,1.3182997525742102,1,0.0002192982456140351,89.69017509500313,7.82054679511632,0.5960000000000001,55.62058054518377,0,101.55108408569144,False,False,False,False,False,True,False,2,False,False,True,False
9451115,10449030.71038572,997915.7103857212,512,486.3661259391198,-25.633874060880203,0.1343540751908023,4.519765325949447,330.2335743698649,6.728538996700582,48.20227052696416,278,7678.678859232012,510.2943295816926,7117,76.82238891097461,4,3.0962310480013007,72.34051271237006,0,92.55682427460512,2021,7,28,1,-25.633874060880203,10.558708791351277,21483.87840581986,0.9499338397248434,1,0.0005620345651257552,7.44317572539488,97.43502168678927,0.265,15.787857027265874,0,127.67924285709942,False,False,False,True,False,True,False,1,False,False,True,False
27271534,38692725.71151456,11421191.711514562,506,717.3945416378324,211.3945416378324,0.8606267499804406,1.6033137736821612,235.7777289915079,32.394798691537666,85.46524671196126,201,31167.87393308325,957.9293701487508,7589,44.1704677909116,7,5.05771014355848,97.8099935007202,0,37.43750717002772,2021,7,28,2,211.3945416378324,41.87953531148839,53935.07124152068,1.417775773987811,1,0.0009223876663592041,62.56249282997228,26.405802565469415,0.295,43.44593124715738,0,115.75801362104968,False,False,False,False,False,True,False,1,True,False,False,False
32590452,32360858.34984326,-229593.6501567401,194,230.5371771133416,36.53717711334161,1.1447661501967998,2.761690067277514,436.9345206508048,7.997165073879962,20.82355660568984,157,10858.520714036107,865.4076260054113,7849,70.5146753121229,7,1.86998290449104,86.1427089837677,0,29.934833080868767,2021,7,28,3,36.53717711334161,-0.7044813313934404,140371.5390074952,1.1883359645017608,1,0.0008918333545674609,70.06516691913123,25.190547097023764,0.2719999999999999,47.100952870163795,0,71.44621650387096,False,False,False,False,False,True,False,0,False,False,False,False
3338377,3170263.349448328,-168113.6505516721,793,746.4131086758196,-46.58689132418044,1.277206926371465,0.2525373541614106,163.31661590410926,3.320774060722819,61.15199843508472,82,48529.36275037661,230.70958216870943,3243,44.94748467903723,5,4.016378283600886,91.41415225841236,0,72.86327287553699,2021,7,28,4,-46.58689132418044,-5.0357898629085955,4247.330751026814,0.9412523438534925,1,0.001541782300339192,27.136727124463007,77.41098691689237,0.399,65.01676107547271,0,52.14183174874226,False,True,False,False,False,True,False,1,False,True,False,False
33271884,39617590.77953681,6345706.7795368135,405,498.0812930046846,93.0812930046846,1.3606316557445493,0.219405441843718,491.46327010178425,-0.7018237976461847,55.09775350167271,197,41513.33762152953,126.80270858882884,9177,84.15683210339334,0,5.561923996289827,63.8646948453238,0,86.80624499627905,2021,7,28,5,93.0812930046846,19.072279704800646,79540.41104523915,1.2298303530979866,1,0.0,13.193755003720952,70.58391816205464,-0.2799999999999999,83.3465103077844,0,95.11877891120797,False,False,False,True,False,True,False,1,True,False,False,False
18583780,20097460.599184703,1513680.599184703,604,694.7803347007944,90.78033470079436,1.688953494894674,3.6018660636610145,326.1685862946863,32.61721212000757,81.13689150597332,237,9937.571056120403,940.1718814449677,2760,72.790102833873,7,7.5946619290221316,84.19115137267517,0,66.90508906091718,2021,7,28,6,90.78033470079436,8.145170676712182,28926.352107878283,1.1502985673854211,1,0.002536231884057971,33.09491093908282,58.163237752255526,0.934,14.303184128549058,0,128.9262310877943,False,False,False,True,False,True,False,2,True,False,False,False
21696165,26860829.002933104,5164664.002933104,587,837.4433403926165,250.4433403926165,0.5093795238238871,2.222399889888955,407.091831002974,-2.8661558105485216,25.8801200164438,225,10478.839894145529,574.0747748926728,6442,97.21441224473784,3,2.782694080527686,93.1219071688998,1,32.90344786886784,2021,7,29,0,250.4433403926165,23.80450186903125,32074.801610267754,1.426649642917575,1,0.00046569388388699164,67.09655213113216,23.06343959935288,-0.13,12.51289417291534,1,96.9041892617686,False,False,False,True,False,True,False,1,True,False,False,False
40601943,56123372.90791878,15521429.90791878,292,298.53985455236466,6.539854552364659,0.3289154626330891,1.281461876846088,88.51979877024574,14.956456813769442,67.70682209206552,113,31751.32347106785,584.054040834377,8679,50.988122294306194,1,2.9628291556581927,73.97057574482923,0,87.54729610188778,2021,7,29,1,6.539854552364659,38.22829342900851,187992.89961493097,1.0223967621656325,1,0.00011522064754003918,12.452703898112219,85.62947315721718,0.29500000000000004,106.35539271189197,0,69.99898367175048,True,False,False,False,False,True,False,1,True,False,False,False
44552513,43763447.58081326,-789065.4191867411,607,847.298410777053,240.29841077705305,1.7179206266060587,0.952067480124551,132.55604814148927,17.881156384245692,67.60767889032941,79,20520.01283779325,802.6461961358701,3675,76.36200715122271,0,6.684200564689444,71.49459301153793,0,55.938447651449735,2021,7,29,2,240.29841077705305,-1.7710907108354161,51650.57201119736,1.3958787656953098,1,0.0,44.061552348550265,40.07400142918994,0.841,24.21816514322793,0,57.24665058237253,False,True,False,False,False,True,False,2,True,False,False,False
16902677,21101630.73625006,4198953.736250062,180,222.2303786480289,42.2303786480289,0.3975643482960348,3.3497674542960905,391.2816528653914,27.806445197714304,66.83560118035983,157,6570.763658289918,383.2200764841939,8124,52.69492807422948,6,4.442120051088804,85.97022567158893,0,44.30717226642222,2021,7,29,3,42.2303786480289,24.841945073257104,94953.85313486359,1.2346132147112716,1,0.0007385524372230429,55.69282773357778,35.88749232429361,0.08599999999999997,29.56735122472509,0,91.19261391342224,False,False,False,True,False,True,False,1,False,False,False,False
27877776,33545474.39291178,5667698.392911781,445,415.08095095799627,-29.91904904200373,1.952044154538771,0.0020077201266993,59.89393491769562,24.83059152831475,85.96341464545259,122,29373.86785248739,533.7168119524019,6781,76.84389908364389,1,5.338853805091131,77.99558431223731,0,64.42535076696765,2021,7,29,4,-29.919049042003735,20.33052562339184,80816.70410431913,0.9327661819280815,1,0.0001474708745022858,35.574649233032346,69.06913223826012,0.949,70.76660055031013,0,82.0382018521302,True,False,False,False,False,True,False,1,False,False,False,True
49730509,49056524.9187231,-673984.0812769011,670,993.6818111328448,323.6818111328448,1.7008226358574103,4.029455845984272,417.5950936522023,34.589637011984614,77.61612703048164,158,22453.02948586311,971.7966218320638,4236,83.35898214165138,3,8.525213819008666,99.6585541597022,0,73.05510012744847,2021,7,29,5,323.6818111328448,-1.3552728392080222,49368.44407245043,1.4831071807952907,1,0.000708215297450425,26.94489987255153,49.258139312813476,0.813,22.59579397983101,0,96.86172921273987,False,False,True,False,False,True,False,2,False,True,False,False
32751305,41738233.33145867,8986928.331458673,387,467.3292596807631,80.32925968076307,1.0516655511902384,0.3962480306496441,56.27705841136015,-7.538671134056901,22.938090837045426,290,9548.44215672842,704.9338182391664,6898,83.33825975977231,3,5.491749709580726,71.25514003642809,0,63.4446886703628,2021,7,29,6,80.32925968076307,27.439909131738943,89312.2621082413,1.20756914646192,1,0.0004349086691794723,36.5553113296372,52.539176622929304,0.57,20.431937352373463,0,120.61982591089655,False,False,True,False,False,True,False,1,False,False,False,True
1737954,1849503.27526968,111549.27526967973,801,860.6954161436986,59.695416143698594,1.964700707351848,0.9574480745405972,345.703477577573,6.304239862866847,52.97579954931592,194,41086.41765151922,238.3705287962073,9235,88.9044394409566,9,6.87249442548254,58.79716386624933,0,92.82209011505252,2021,7,30,0,59.695416143698594,6.418425071646312,2148.8475953041366,1.0745261125389496,1,0.0009745533297238765,7.177909884947482,86.38421070636186,0.486,47.73630355277689,0,95.38401182365484,True,False,False,False,False,True,False,2,True,False,False,False
37462488,44681531.58266595,7219043.58266595,891,1052.8448977274577,161.84489772745746,0.285015785305208,1.931181976495448,214.29226410431264,5.407376532645886,47.85671393409334,149,46178.45443754627,219.904073185918,9680,91.213013677499,0,6.91097537493975,73.59675263931564,0,66.52160253991482,2021,7,30,1,161.8448977274577,19.27005911264076,42438.85464906564,1.1816441051935551,1,0.0,33.478397460085176,56.29580196570141,0.10299999999999998,43.86064323170625,0,75.57922714002177,True,False,False,False,False,True,False,2,False,False,False,True
8840130,8392495.825206831,-447634.1747931689,548,775.2636392205503,227.26363922055032,0.6758249462326931,2.424293698580518,325.1726837236396,-1.969070192434048,41.71030547635614,63,39046.72703063585,283.83828249970486,5276,44.63630357603062,1,8.232507486604163,61.76024965488656,0,89.07226413630188,2021,7,30,2,227.26363922055032,-5.0636605433762725,10825.344309510816,1.4147146701104933,1,0.00018953752843062926,10.927735863698118,62.96129249111772,0.16700000000000004,50.36574018858076,0,37.12237058517663,False,True,False,False,False,True,False,2,False,False,False,False
10095781,11870118.895632124,1774337.8956321236,485,525.2268091960535,40.22680919605352,1.312626388577162,1.774975579069709,363.2141331451012,5.904803962104372,51.59357076078681,68,42009.00395073248,790.0405069786458,5723,60.596029424344245,0,6.743255396419218,78.06269103972505,0,62.82625916384861,2021,7,30,3,40.22680919605352,17.575043432817367,22599.98668727764,1.0829418746310382,1,0.0,37.17374083615139,58.014433309501236,0.276,79.98259649966117,0,44.449512416867364,False,True,False,False,False,True,False,2,False,False,True,False
6934261,7515893.504624446,581632.5046244459,191,193.9807150373759,2.9807150373758877,0.7650130500990395,1.6035608249214697,204.11384863383688,7.0370922778596885,46.89359294481842,120,14742.075526975284,365.8393034565544,6644,81.22735122158835,5,1.5832884308847626,56.28984962189729,0,39.67116163571124,2021,7,30,4,2.9807150373758873,8.38780808256923,38745.5706778702,1.0156058378920203,1,0.0007525586995785671,60.32883836428876,39.0615730587491,0.31299999999999994,75.99763473464259,0,64.17920556680343,False,False,True,False,False,True,False,0,False,False,False,True
5510579,7678599.079411548,2168020.079411548,524,512.1800000350692,-11.819999964930844,1.8639078487635048,4.819580060365942,98.583101649876,18.703645406011304,50.26337299150657,108,16860.782791337046,119.2499620075718,2115,69.91517724347273,2,4.079556844181561,97.49881367745932,0,57.90671357348758,2021,7,30,5,-11.819999964930844,39.34287267112126,14991.993203338263,0.9774427481585289,1,0.0009456264775413711,42.09328642651242,59.24307452542053,1.784,32.91964307505678,0,63.890105519255364,False,False,False,True,False,True,False,1,False,True,False,False
43622487,40751570.56663155,-2870916.433368452,644,694.6928715379777,50.69287153797768,0.2246895675378533,3.2078984062169718,81.34064048671954,26.503746340944083,88.54833059260497,244,14383.739313463448,949.7569271550956,2781,51.440556805287486,0,9.90384565158289,92.99114407700804,0,17.77030206864423,2021,8,30,6,50.69287153797768,-6.581276380157903,58661.27642336651,1.0787156390341268,1,0.0,82.22969793135577,16.473574152086655,0.6480000000000001,20.705177644358645,0,132.11562308006472,False,False,True,False,False,True,False,2,False,False,False,False
27227228,31343014.62999603,4115786.629996032,879,1202.4973611049188,323.4973611049188,1.1438824809158328,0.117164776836941,315.0212101531465,10.960528248649773,26.20430823247065,146,39427.85441145038,252.7420747554196,9842,73.16257421000188,7,2.768592599271269,57.77826985544352,0,30.715717050621485,2021,8,31,0,323.4973611049188,15.1164364950998,26064.934230871324,1.368028852224026,1,0.0007112375533428165,69.28428294937851,22.452535997823773,-0.039999999999999925,32.78830847098239,0,69.54945094433614,False,False,False,True,False,True,False,1,False,False,True,False
48116458,56539670.01906031,8423212.019060306,845,999.6145671539978,154.61456715399777,1.2226459080507175,2.150879542221566,284.2949091803502,29.570862722235965,84.55616088871109,93,47656.26855205237,108.60236753326171,2876,64.44613916596863,3,6.280561705732197,58.619646137350486,1,78.9608495983345,2021,8,31,1,154.61456715399777,17.50588544788628,56561.47066767383,1.182975819117157,1,0.001043115438108484,21.039150401665495,66.74764464523221,0.48,47.67464392574281,1,71.43810708328412,False,False,False,True,False,True,False,2,False,False,False,False
12368856,16512467.854121286,4143611.8541212864,673,697.5570715714514,24.557071571451388,1.340183435176726,4.375043498719851,383.9904541045096,8.489093621876897,53.61656994297187,209,37257.67430302562,313.41844214499065,6363,63.40229665925831,9,8.586465758895354,75.62193372440083,0,69.53280496159834,2021,8,31,2,24.557071571451388,33.50036457794712,23671.8521352269,1.036488962216124,1,0.0014144271570014145,30.467195038401655,67.08494494039742,0.7670000000000001,53.411650202458425,0,102.23169906945463,False,True,False,False,False,True,False,2,True,False,False,False
45557027,56699025.03848956,11141998.038489558,547,546.8419168719197,-0.1580831280803067,0.5857658243304474,1.5072809320533398,279.3809795017717,5.965602252311818,63.66195718496788,160,44666.00441958002,311.52590840632035,9532,88.58522304613983,6,6.279027046726187,88.64406935208626,0,24.98668394804752,2021,8,31,3,-0.15808312808030678,24.45725450541265,103684.48959220787,0.9997109997658495,1,0.000629458665547629,75.01331605195247,24.993907193078655,0.02400000000000002,81.679920725685,0,84.88826783118391,False,False,False,False,False,True,False,2,False,False,True,False
45696953,59421000.18826959,13724047.188269584,599,658.6829738578303,59.68297385783035,0.7926762122877424,0.4727817238719412,240.1006055138956,19.76534307213634,78.11280766323857,60,33741.459269742765,479.80472576115073,4375,64.45590002993087,9,4.350432323140096,60.95396678337647,1,49.42136586322731,2021,8,31,4,59.68297385783035,30.032740231650877,90211.83565782434,1.0996376859062276,1,0.002057142857142857,50.57863413677269,44.943317691498024,0.01799999999999996,51.22564360837038,1,53.36344522061247,False,False,False,False,False,True,False,2,False,True,False,False
15634171,21359866.74438444,5725695.7443844415,350,512.3841183059989,162.38411830599887,1.7029930063634575,3.791923857949589,229.1392302063039,-8.695600183181517,45.23241204044788,155,22444.69552514596,928.3508483500332,3750,41.58727032882545,1,1.7220570644593516,53.04858597797659,0,22.779298533722475,2021,8,31,5,162.38411830599887,36.622957139105374,41687.21469159237,1.4639546237314254,1,0.0002666666666666667,77.22070146627752,15.560112427297149,1.199,43.80443250144192,0,72.96104355717992,True,False,False,False,False,True,False,0,False,False,True,False
31161753,44166231.3606012,13004478.360601194,313,346.1204166244066,33.12041662440657,0.4703912610433036,3.0300691596804064,61.90110616895036,-5.61159820012998,50.12953356615768,51,24159.27267186373,891.2664260011882,4276,43.483800333465474,5,4.254984122824855,77.27671382913076,0,87.02360707365766,2021,8,31,6,33.12041662440657,41.73217841949136,127603.65826246042,1.1058160275540145,1,0.0011693171188026192,12.976392926342342,78.69627940386034,0.7999999999999999,69.80019528313531,0,33.75538060980831,False,True,False,False,False,True,False,1,False,True,False,False
25340709,27578934.674804747,2238225.674804747,606,904.6819140171056,298.6819140171056,1.671048909629388,2.8515625391325194,201.0007407634957,12.988324897258988,48.66629361950998,267,8389.464447533217,511.2050994841852,1448,91.37464250149722,5,2.638607604168606,84.5798557051005,0,19.825273157885995,2021,8,32,0,298.68191401710556,8.83252980334823,30484.675605312575,1.4928744455727814,1,0.003453038674033149,80.17472684211401,13.2799333639069,1.069,9.273385836001792,0,125.2963855550307,False,False,False,True,False,True,False,1,True,False,False,False
8704694,10644218.40914696,1939524.4091469608,204,242.9922077856796,38.9922077856796,1.1690453035152106,0.2678827980370396,489.2090708860224,41.86019912654661,46.23117157750319,174,6415.573786071173,469.80991449262586,6537,97.63604860075128,6,9.64776534653782,62.21827456463585,0,68.88114970843012,2021,8,32,1,38.9922077856796,22.281362321834184,43804.77261449971,1.1911382734592137,1,0.0009178522257916476,31.118850291569885,57.82800472726872,-0.353,26.402384852314867,0,96.02741121121495,False,False,False,False,False,True,False,2,False,True,False,False
36933339,51856802.97458014,14923463.97458014,709,714.3163308406301,5.316330840630144,1.548156271268756,0.7024950489775866,443.10000930219,29.683147891388305,84.78705251528265,245,36296.40218850848,599.5081778273661,5172,81.30456018734245,0,7.435286574024577,86.9883893875319,0,64.63000008803522,2021,8,32,2,5.316330840630144,40.406484706352,72596.41245154427,1.0074983509740905,1,0.0,35.36999991196478,64.14898845794467,0.016000000000000014,50.81278506651769,0,132.3410601220013,False,False,False,True,False,True,False,2,False,False,False,False
7990607,11935335.379948378,3944728.3799483776,369,529.398416323083,160.39841632308298,1.455853995900596,3.112746981065569,198.220130165398,-5.153038677469324,78.02509238351084,194,24729.30014050313,319.1086107745892,9989,61.86209764600481,0,7.74444838923876,97.53218924723043,0,52.54989810821649,2021,8,32,3,160.39841632308298,49.36706785790338,22545.090827518536,1.4346840550761057,1,0.0,47.45010189178351,36.62820251071158,1.009,46.71207804560422,0,99.46161611181246,False,False,False,False,False,True,False,2,False,False,False,True
32338158,46363591.81475062,14025433.81475062,320,376.3882316418868,56.38823164188682,0.4942718412312701,1.039119207294179,314.5079322798675,36.54749070294805,27.62999929040833,258,29849.67806245833,146.96649276972656,4496,96.31601894768365,1,4.923723394003403,56.853722134273646,1,35.04111603977276,2021,8,32,4,56.38823164188682,43.3711586626258,123180.2376299137,1.1762132238808962,1,0.00022241992882562276,64.95888396022724,29.79146580596601,-0.195,79.30555621318867,1,122.4532469980069,False,False,False,False,False,True,False,2,False,False,False,False
5532688,6212546.679788843,679858.6797888428,734,973.1392596793926,239.13925967939255,1.1807441992243586,2.5203503987421216,431.2835354909722,30.27654238344996,27.568634673396723,269,30094.756143008733,945.301722554086,3182,79.76818518254416,1,1.9896834531853556,75.55145326543476,0,46.35608499937265,2021,8,32,5,239.13925967939258,12.288035757462607,6384.0263538803365,1.3258028061027147,1,0.00031426775612822125,53.64391500062735,34.96453981391051,0.252,30.925436255571128,0,124.95355311705401,False,False,False,False,False,True,False,0,False,False,False,False
25356967,25790568.86197095,433601.8619709499,837,1247.319957087636,410.3199570876359,1.7486739903296755,2.7244084301469678,248.5734515375309,23.602058913645926,49.95086603970938,143,17481.911599998566,268.0290863894555,4326,90.66001295196024,4,3.4004483755058894,52.84209753407913,0,82.57521704149423,2021,8,32,6,410.3199570876361,1.7099910331190238,20676.78683037292,1.4902269499254912,1,0.0009246417013407304,17.424782958505773,55.411168779106326,0.972,14.01557916287737,0,79.26587748600659,False,True,False,False,False,True,False,1,False,False,True,False
28995739,34610344.06991351,5614605.0699135065,494,459.4719738348403,-34.5280261651597,0.9210208499236656,1.417535951354697,58.08103868756793,35.11611283350475,26.906016371296637,217,26415.16298732708,278.56065632114473,9837,85.95113824222057,0,3.337399936596971,60.33305036153578,0,78.53957339914922,2021,8,33,0,-34.5280261651597,19.36355224439531,75326.34424043105,0.9301052101919844,1,0.0,21.46042660085078,84.4416013785556,0.704,57.490259453391936,0,105.40663876144043,False,False,True,False,False,True,False,1,True,False,False,False
32197881,43305662.82653047,11107781.826530471,623,596.8444264485926,-26.15557355140743,1.936522463424302,4.742125777707464,83.52970781838803,12.226041625862642,63.336516668978376,264,26184.2099750466,525.2142959685528,1719,62.748358946355545,1,5.381014157213893,54.49096767305366,0,76.49282036450228,2021,8,33,1,-26.15557355140743,34.498487110162536,72557.70667778947,0.9580167358725402,1,0.0005817335660267597,23.50717963549772,79.84497295324839,1.845,43.87108066142241,0,128.2687674884523,False,False,False,True,False,True,False,1,False,False,False,True
3363162,4020799.548679681,657637.548679681,498,663.4724743490716,165.4724743490716,0.9592086901932644,4.212320534177875,279.676724606918,2.1825577969619,30.05841250832137,223,22479.224955253565,542.4520103562977,2522,68.72213205104714,5,5.148818080240215,70.20033115401013,0,77.4841225924952,2021,8,33,2,165.4724743490716,19.55414424519785,6060.235660302955,1.3322740448776538,1,0.0019825535289452814,22.515877407504803,58.15929754873425,0.754,33.881171901378096,0,98.87229109158498,False,True,False,False,False,True,False,1,False,True,False,False
6680820,7949564.6251459345,1268744.6251459343,620,662.8389012259155,42.83890122591549,0.3712927096689808,3.6118675381639926,486.2477190541453,18.16128640098176,56.56612847767608,265,41930.39225304817,116.59078873066775,7756,51.16792926208597,2,4.900673956346563,91.04158951873788,1,22.94977369198052,2021,8,33,3,42.83890122591549,18.99085179882012,11993.207716751802,1.0690950019772831,1,0.00025786487880350697,77.05022630801948,21.466542869936806,-0.08599999999999997,63.25879814159705,1,128.41822446359737,False,True,False,False,False,True,False,2,False,False,True,False
20470010,28718160.0611092,8248150.0611092,271,273.8674071440861,2.867407144086087,0.8399258921475791,0.3899693320470454,361.9442939984905,20.18629655764106,20.505396290260244,142,25302.380165941817,233.15926489657363,7627,57.52084602644405,3,5.463797200234669,78.85652252608907,1,18.918680532618847,2021,8,33,4,2.867407144086087,40.29382526490803,104861.5472742257,1.0105808381700594,1,0.0003933394519470303,81.08131946738115,18.72060088421668,-0.24899999999999994,92.38916171076109,1,69.00750785437039,False,True,False,False,False,True,False,2,True,False,False,False
33557230,37478132.84221605,3920902.842216052,358,330.6549317852779,-27.34506821472212,1.9082345721420209,0.5306500965450972,81.9122861473563,19.607950460545165,42.16174438888527,53,32164.00360276945,440.3393367046676,2069,86.6875396771913,0,9.883207737833276,61.12924185827154,0,87.53487605686199,2021,8,33,5,-27.34506821472212,11.684226744031173,113345.1500023407,0.9236171278918377,1,0.0,12.46512394313801,94.77398525150885,0.9810000000000001,97.27362428592552,0,39.730908454829134,False,True,False,False,False,True,False,2,False,False,False,True
45154589,63933335.19930511,18778746.19930511,235,214.58038639005449,-20.419613609945543,0.707469613745723,2.4639067293247785,135.21239410633825,21.079058531405792,67.40335065708588,215,45298.405417137175,715.3576241594851,6562,93.6387035129865,4,3.68518267587595,52.00553235478616,0,85.34571133099995,2021,8,33,6,-20.419613609945515,41.587680488698744,297945.84805663454,0.9131080271917212,1,0.0006095702529716549,14.654288669000053,93.46726651115102,0.633,211.10226418735118,0,112.5447227565475,False,True,False,False,False,True,False,1,False,False,False,False
36900136,42216813.88834292,5316677.888342917,334,455.8069148652061,121.80691486520612,1.7493865037474194,0.8035667459549284,397.0954144475825,42.178770503154944,53.88272581594939,112,43980.51302865151,305.57661114874224,8749,83.46762539508471,3,6.5374224430922885,77.66990976433765,1,71.3186473641727,2021,8,34,0,121.80691486520612,14.408288057103412,92619.95049115812,1.3646913618718746,1,0.0003428963310092582,28.681352635827295,52.259909717863756,0.23799999999999988,96.48935019263077,1,73.6184488957313,True,False,False,False,False,True,False,2,True,False,False,False
47524065,52131041.36964556,4606976.369645558,851,834.5417080148923,-16.458291985107735,1.7743762951955906,4.89132731764737,428.6478919803101,39.62350927029272,88.47886401992916,78,45068.99917006243,480.7130016175864,5887,67.9104217993983,7,3.1555696963627438,56.63983574952855,0,64.53151707839844,2021,8,34,1,-16.458291985107735,9.693986340700356,62466.66987279597,0.98066005642173,1,0.0011890606420927466,35.46848292160156,65.80416593479244,1.0100000000000002,54.00448981425645,0,69.63071198706656,False,False,False,True,False,True,False,1,True,False,False,False
43366372,50842472.02399987,7476100.02399987,290,342.3833871789803,52.383387178980286,0.765354396230726,0.7926011701370472,327.9625637848659,38.16443701074167,81.18726572463476,68,17150.224840925628,601.6105582448201,5674,45.19055613638485,2,5.199456393335638,67.13670136818786,0,43.01845358341496,2021,8,34,2,52.383387178980286,17.239394671981945,148495.73293526084,1.1806323695826906,1,0.00035248501938667606,56.98154641658504,36.43678988627118,-0.14500000000000002,50.09070382249703,0,63.005510820612926,False,True,False,False,False,True,False,1,True,False,False,False
9277983,12594566.65259228,3316583.652592279,316,399.27803615803,83.27803615802998,0.258189550296201,2.43733917731987,339.9904263334175,34.077924599974494,45.13495453302059,140,6574.211973862827,899.7332451609628,3156,43.41687692190689,9,2.8004430983173743,75.5096129456803,0,30.16743324202029,2021,8,34,3,83.27803615802998,35.74681752049212,31543.34952601171,1.2635380891076897,1,0.0028517110266159697,69.8325667579797,23.87536513705299,-0.08300000000000007,16.465248219315587,0,79.76386373989853,False,False,False,True,False,True,False,1,False,False,False,False
18069791,17628910.085447133,-440880.9145528674,411,475.5315540202775,64.5315540202775,1.4766600274017547,1.820605284207527,62.751852672523086,41.888545899590696,23.184057903059223,78,16748.005995289815,393.46345209441097,8944,62.45953387677123,0,6.023730117697819,95.18662678430962,0,70.08907939568527,2021,8,34,4,64.5315540202775,-2.439878328160339,37072.00907365109,1.1570110803413078,1,0.0,29.910920604314725,60.57770801556164,1.0619999999999998,35.21954716505658,0,50.721781140794974,True,False,False,False,False,True,False,2,False,True,False,False
33284704,33878886.87612732,594182.8761273175,647,592.8228024369257,-54.17719756307429,0.6918733681265734,3.1969321072704897,422.8386168116788,-4.5827947076328215,79.19384100805132,297,17541.83055293189,220.2024392771352,5139,67.82930312605978,9,3.385106078353008,54.09116635443585,0,92.17311742742292,2021,8,34,5,-54.17719756307429,1.7851529523210348,57148.42063574623,0.9162639914017399,0,0.0017513134851138354,7.826882572577077,100.5966820614794,0.13600000000000012,29.59034382756942,0,141.18331389012556,True,False,False,False,False,True,False,1,False,False,True,False
20978294,30856278.166523453,9877984.166523453,660,904.266595024812,244.26659502481183,1.5875548670893875,0.6451820444471246,404.7238436768733,4.581779379515673,83.786401722027,277,45921.21470262356,540.3450033078474,6629,76.5472373327978,4,1.3311002504694769,83.43037961334153,0,49.329691816433495,2021,8,34,6,244.26659502481198,47.08668953978552,34122.98799523474,1.3701009015527454,1,0.0006034092623321768,50.670308183566505,36.00442256517589,0.10799999999999998,50.782827713948166,0,137.31045433046282,False,False,False,True,False,True,False,0,False,True,False,False
11031033,11089442.059720472,58409.05972047336,247,223.85805987707303,-23.14194012292694,0.9410442116948228,2.1515821402119544,166.5658148465062,17.228077011002167,77.44391753933257,212,34215.92297770867,772.0494415156559,8087,40.38937128321983,0,8.33743982325538,50.70406427524393,1,37.28912232006132,2021,8,35,0,-23.141940122926968,0.5294976428814191,49537.82796924983,0.906307934724992,1,0.0,62.71087767993868,41.14398748078515,0.599,152.84650906247302,1,113.20159836510044,False,False,False,False,False,True,False,2,False,False,False,True
20384838,25290171.84251943,4905333.842519429,428,580.8533248761379,152.8533248761379,1.022006810450981,1.3735251640357182,368.90452398447815,36.559397121787285,28.95649586438354,165,8676.678182100295,198.87378134746007,6078,99.38337342797838,4,2.1542960090837577,81.49542761801479,0,34.3667632140542,2021,8,35,1,152.8533248761379,24.06363907586329,43539.68680115991,1.3571339366264903,1,0.0006581112207963146,65.6332367859458,25.323044606401737,0.025000000000000022,14.937812715371,0,85.65476789585125,False,False,True,False,False,True,False,0,False,False,True,False
19664179,24532807.12183793,4868628.121837929,502,720.8633135289825,218.86331352898253,1.57802787282222,4.43875762335844,146.68457289124916,17.784114133750286,89.85405940886014,119,11092.03682049955,482.21514252726433,7405,61.836333004242576,8,4.31234919205215,77.57662446652968,0,12.133471860977377,2021,9,35,2,218.86331352898253,24.75886799971628,34032.536628529066,1.4359826962728737,1,0.0010803511141120863,87.86652813902262,8.449594756587308,1.425,15.387156777612308,0,79.89145206278313,False,False,False,False,False,False,False,1,False,False,False,True
6304120,7525698.818220114,1221578.8182201143,697,808.3136549861094,111.31365498610944,0.826490329017093,0.2029285606734754,68.14857247318085,31.141910663787375,38.100895508694165,172,12005.425649388892,116.00662713623508,7871,90.88567982806728,4,5.294598482000826,90.59333100450338,0,56.82850499746589,2021,9,35,3,111.31365498610944,19.3774677230147,9310.369522768287,1.1597039526343034,1,0.0005081946385465633,43.17149500253411,49.00259662681858,0.373,14.852434541137624,0,89.57284185174446,False,False,False,False,False,False,False,1,False,False,False,False
36002379,46329558.7786271,10327179.778627098,611,746.2298706376528,135.22987063765277,0.9419419561135376,4.5686374700322965,140.5114441656698,-2.3572052113096085,70.6943438965859,72,33368.97866760154,130.203263482526,1632,72.09800233992426,1,4.892320003797346,76.58312364322397,0,98.94124268693484,2021,9,35,4,135.22987063765277,28.68471491460911,62084.835519969914,1.221325483858679,1,0.0006127450980392157,1.0587573130651577,81.0113634690877,1.146,44.71675549397102,0,49.30114160558289,False,False,False,False,False,False,False,1,False,True,False,False
6813775,7071990.059143001,258215.0591430012,666,790.0025636900145,124.00256369001454,0.814761890662282,4.164970692765002,130.38299453943478,3.8827597137108096,83.56244134350051,280,38093.63114781514,534.658026894999,3199,47.82636727200079,1,7.530991873210081,67.63082998630688,0,83.37139445253902,2021,9,35,5,124.00256369001454,3.789603547857116,8951.857100451065,1.1861900355705923,1,0.00031259768677711783,16.628605547460978,70.28502343845345,1.028,48.21962978181236,0,138.23356031716338,False,True,False,False,False,False,False,2,True,False,False,False
25019663,30814150.915554,5794487.915553998,785,889.8172593716397,104.8172593716397,0.7979469790268319,1.4878535822040773,201.98659853068125,30.247685227071983,36.498098003149664,95,43683.97597544282,368.3775683358365,6353,87.8539331520713,9,6.370989363378499,62.13754356641133,0,90.77272463487324,2021,9,35,6,104.8172593716397,23.159736066604886,34629.75188558824,1.1335251711740633,1,0.0014166535495041713,9.227275365126758,80.08002551972818,0.31100000000000005,49.09319921069079,0,58.023734969066496,True,False,False,False,False,False,False,2,False,False,True,False
13565034,15237656.316788904,1672622.3167889044,608,870.9324705031074,262.9324705031074,1.0992984961127727,3.946453273385524,238.30227372895612,-0.9396295111751768,83.57809882739463,221,47328.64478628094,860.5965691048709,3910,82.58962449519257,8,3.6583406443673736,54.26248708910365,0,65.90476866479554,2021,9,36,0,262.9324705031074,12.33039531481384,17495.7954064873,1.432454721222216,1,0.0020460358056265983,34.09523133520446,46.00827355196504,0.885,54.342496564562374,0,113.19154079486584,False,False,False,False,False,False,False,1,True,False,False,False
30022580,38939296.94135886,8916716.941358857,448,643.4893276680934,195.48932766809344,1.6367189445521864,0.1560678016937378,278.84250117396857,9.32457640602097,41.66371054364069,225,14076.70508238988,641.9388755138089,1622,71.64616509575367,4,1.4653269985660315,76.73063371482156,1,53.330176943447576,2021,9,36,1,195.48932766809344,29.700035577751336,60512.731551382356,1.4363601064019942,1,0.002466091245376079,46.669823056552424,37.12869544743681,0.29300000000000004,21.87558437589276,1,105.29648608489849,True,False,False,False,False,False,False,1,False,False,False,True
26055715,25657951.738452557,-397763.2615474463,888,978.1229590810096,90.12295908100953,0.7873597926528751,4.834327751466968,264.53924397874766,4.567644179746429,88.34892556688393,229,18939.76181258221,508.5396655686913,7073,70.8731854800268,7,7.908356064278586,94.41609633242842,1,99.14113066633765,2021,9,36,2,90.12295908100964,-1.5265873976110136,26231.826479729454,1.1014898187849207,1,0.0009896790612187191,0.858869333662355,90.00639767665085,0.8240000000000001,19.363375163360814,1,119.47497092398912,False,False,False,True,False,False,False,2,True,False,False,False
7472652,9284967.762420207,1812315.7624202075,716,908.6339663247144,192.6339663247143,1.0960839690216997,2.632974712948947,171.8035726843802,9.242393182236317,39.68820142663322,57,15814.52963351738,467.1418339488667,1360,45.24877634505568,9,4.172744140105795,75.73722469778447,1,50.244589957496224,2021,9,36,3,192.63396632471438,24.25264501036857,10218.600785942974,1.269041852408819,1,0.006617647058823529,49.755410042503776,39.592539727610216,0.7820000000000003,17.404730859319223,1,37.47917838266086,False,False,True,False,False,False,False,2,True,False,False,False
24383686,24655861.902465224,272175.90246522427,327,476.1592636930186,149.1592636930186,1.3743819183409416,1.5164051303272263,63.12680085833351,28.957822699288364,86.74050773304846,232,21144.2705359762,547.520932170607,7365,79.35093691443245,3,9.007522668999725,86.95514287329462,0,92.5147518142102,2021,9,36,4,149.1592636930186,1.1162213229994196,51780.70402587177,1.4561445372875186,1,0.0004073319755600815,7.4852481857898,63.53404448884251,0.947,44.40587876414388,0,127.50949912970106,False,False,False,True,False,False,False,2,False,False,False,False
19275555,20570599.313065413,1295044.3130654134,297,438.7388245113488,141.7388245113488,0.6119349479769445,1.8129160629733851,322.2957300067178,10.231594962854055,23.74812556248724,115,46159.92983406872,136.3949480913952,9401,94.67470934525798,1,4.555510962429254,64.92174691087878,0,78.56603279053614,2021,9,36,5,141.7388245113488,6.718583786902185,46885.75107520104,1.477235099364811,1,0.00010637166258908626,21.43396720946386,53.18451533159371,0.013999999999999901,105.21049712315738,0,56.19391615760239,False,False,False,True,False,False,False,1,False,False,False,False
15219886,15695140.336804625,475254.3368046228,546,658.1349816422628,112.1349816422628,0.6272933293145458,0.3320267673024868,228.08517343130947,20.53948274343671,69.64904081688691,254,30880.065512271267,903.514020778594,4943,45.5946951532815,3,7.458927455239365,72.40654299373838,0,39.78805827142474,2021,9,36,6,112.1349816422628,3.122588019415025,23847.904722584564,1.2053754242532286,1,0.000606918875177018,60.21194172857526,33.00885140915728,-0.059,46.9205654973929,0,128.6565570680971,False,True,False,False,False,False,False,2,False,True,False,False
16913266,17077369.80346245,164103.80346244946,245,287.06524637679604,42.06524637679604,1.873484941344564,4.946747570210196,184.40247082439737,-4.503746762007469,57.24777936859026,217,38218.635379602456,998.4728401605626,5869,55.81068703893429,3,9.456082329112114,66.23016017229656,0,55.27559649276865,2021,9,37,0,42.06524637679604,0.9702667921290273,59489.506371826836,1.171694883170596,1,0.0005111603339580849,44.72440350723135,47.17575990704455,1.596,133.1357099543755,0,102.62320978197485,False,False,True,False,False,False,False,2,False,False,False,True
35230728,49161893.96463302,13931165.964633018,549,585.9019076668565,36.90190766685646,1.4747156893290685,0.1964597257534622,440.12346927373056,34.27597312790453,53.451395398591146,298,27055.365625705188,263.3384123728288,9128,94.13847840652592,8,6.860372055719318,55.46330556774487,1,44.58962995873312,2021,9,37,1,36.90190766685646,39.54265709364001,83908.06263185346,1.0672165895571155,1,0.0008764241893076249,55.41037004126688,41.78123765602012,-0.12,46.17729567299661,1,145.5182105579487,False,False,False,True,False,False,False,2,False,False,False,False
1379039,1477536.227039704,98497.22703970388,354,522.264385865643,168.26438586564302,1.196654684824287,3.2745356157392957,386.0344885091719,10.343874410646867,35.6446019979088,262,6298.606100125604,208.34466829715777,1877,57.0606345891876,9,4.721400220577543,70.84943016417525,0,22.260094674936845,2021,9,37,2,168.26438586564302,7.142454059653433,2829.096271978639,1.475323123914246,1,0.004794885455514118,77.73990532506315,15.088284264044876,0.5,12.060186891139029,0,118.59654292256671,False,False,False,True,False,False,False,1,False,False,False,False
35083146,51090682.799533576,16007536.799533576,767,756.0231429184136,-10.976857081586443,1.3306681033991627,2.2136796385322914,435.994496767599,25.66937874683384,69.39170528435443,208,7888.796869901645,229.2197171037357,5795,79.23662033079557,5,6.106593419073485,88.21436159186081,0,42.10899234059737,2021,9,37,3,-10.976857081586445,45.627426911866955,67578.19952748065,0.9856885826837204,1,0.0008628127696289905,57.89100765940263,42.7203815488537,0.2370000000000001,10.434597067292378,0,111.71832520935648,False,False,True,False,False,False,False,2,False,True,False,False
8035655,11908486.459813626,3872831.4598136265,674,841.0830805537,167.08308055370003,0.1556689418964948,4.744581090943576,272.74225762060746,29.896428091400796,33.356664401241495,293,29206.53640705486,694.9243524109304,8791,72.08908989658865,9,5.891006696877033,69.74874997722586,0,90.0075595852085,2021,9,37,4,167.08308055370003,48.19559152071146,14158.51386758851,1.247897745628635,1,0.0010237743146399728,9.992440414791503,72.12735170049267,0.45699999999999996,34.72491253518936,0,136.17592774779268,False,False,True,False,False,False,False,2,False,False,True,False
9368352,11642578.299633687,2274226.299633688,293,313.3723370297767,20.372337029776705,1.274395634567224,1.229998701533976,108.91906345704987,1.5313507161435211,58.69892571893378,225,37345.50656690115,695.2967546056973,3523,75.77965630023172,5,6.263380329880265,82.50896111091336,1,77.73721168141611,2021,9,37,5,20.372337029776702,24.27562819622584,37152.540042254615,1.0695301605111833,1,0.001419244961680386,22.262788318583887,72.68351520284524,0.734,119.17295228057279,1,108.0690829305232,False,False,False,True,False,False,False,2,False,True,False,False
43495479,42877872.49673012,-617606.503269881,290,309.5474425205166,19.5474425205166,1.0680668591259836,2.6604341196900565,363.29964625457256,38.65712417243424,37.72717541281756,149,14689.873738792918,863.1317460505699,7270,64.94733409463518,4,2.321379870772112,87.930774202543,0,34.982296687149585,2021,9,37,6,19.547442520516597,-1.419932640056409,138517.93491683653,1.067404974208678,1,0.0005502063273727648,65.01770331285041,32.77321872430261,0.3450000000000001,47.455968685056355,0,82.51528987557555,False,False,True,False,False,False,False,0,True,False,False,False
21919751,24653778.439420693,2734027.4394206926,618,706.3623521990908,88.36235219909076,1.1369243915809275,2.411781042913765,142.73320097172888,23.892333838382413,86.89349658469493,110,37485.93082965368,776.6437495836279,9583,57.99948823322266,5,7.286588941611789,66.13681136081613,0,43.112198178778456,2021,9,38,0,88.36235219909076,12.472894602774879,34902.45249151095,1.1429811524257132,1,0.0005217572785140353,56.887801821221544,37.719080570386296,0.8350000000000002,53.06898182349352,0,77.2357491269232,False,False,False,True,False,False,False,2,True,False,False,False
18050668,24885361.343152307,6834693.343152307,894,1340.3525307715172,446.3525307715172,0.7829052709785524,3.5143322202505067,248.55335109127256,13.579882796331482,22.004183568495694,161,41479.95980675806,504.72070603240576,7623,42.912007043780136,0,2.3053894450226844,89.87572798027384,1,65.47905307058696,2021,9,38,1,446.3525307715172,37.86393580089283,18566.280714841567,1.4992757614893928,1,0.0,34.52094692941304,43.67378887359556,0.618,30.947052252650185,1,75.07521990944815,False,False,False,True,False,False,False,1,False,False,False,False
32698133,36636114.24594224,3937981.245942235,326,304.1514096178692,-21.848590382130794,0.2548004056545896,0.3400511597621025,79.25035502699983,0.0284350968020739,33.98097960778656,101,23535.38652629501,651.569825408787,6088,84.65685635764984,4,1.131551958858526,66.94628584848547,0,47.45258335076387,2021,9,38,2,-21.848590382130794,12.043443721824246,120453.5408597029,0.9329797841038933,1,0.000657030223390276,52.54741664923613,50.86131999777577,0.06900000000000002,77.38049465516033,0,50.602824411376595,False,True,False,False,False,False,False,0,False,False,False,False
26944707,25657028.370674208,-1287678.6293257922,214,266.8847694573334,52.88476945733339,0.4673445438628991,0.9689456501167742,421.3887810903421,41.82655158456637,36.96174244712134,215,38588.86547798472,719.4562033312071,8564,84.7656077316536,5,6.623020906156572,62.8053530230228,0,55.27397047281066,2021,9,38,3,52.88476945733339,-4.778966901832677,96135.2287837316,1.2471250909221185,1,0.0005838393274170948,44.72602952718934,44.32111171136918,-0.44499999999999995,144.58998749328737,0,109.63648820950631,False,False,False,False,False,False,False,2,False,True,False,False
38925479,48036802.714711234,9111323.714711234,488,463.3771278727292,-24.622872127270853,1.9064149551040763,1.0728241004642491,106.67328847137526,31.528751227239383,48.98474780374716,268,23181.34776478069,561.4628232567027,8066,80.2435444047234,7,2.052222149580323,61.12230838799325,0,72.83515699863841,2021,9,38,4,-24.622872127270796,23.407094655691285,103666.75397907206,0.9495432948211664,1,0.0008678403173816018,27.16484300136159,76.7054618740222,1.042,50.02695724582173,0,131.35404970929596,False,False,False,True,False,False,False,0,False,True,False,False
14721794,20714631.64849753,5992837.648497529,717,711.7748610619212,-5.225138938078771,0.8765291683147745,3.690753774208448,456.3938781721894,1.4413509503286883,36.29111693090375,85,35525.7783254759,528.085886006473,7545,78.61802728717723,3,7.933704730401459,59.99520728624197,0,52.05257633296186,2021,9,38,5,-5.225138938078771,40.70725108976209,29102.786262488484,0.9927124979943114,1,0.00039761431411530816,47.94742366703814,52.43469427264141,0.252,49.91153842167701,0,45.31974036436973,True,False,False,False,False,False,False,2,False,False,False,True
31109596,42855205.40986437,11745609.409864374,193,224.60138865730167,31.60138865730167,0.9866979960786418,0.9456934816337004,438.9037710177007,8.574092609832348,54.39443631881497,161,39379.86721937944,680.5877010783879,3321,54.62302793005158,4,8.793693581507384,86.85620364066983,0,27.18728107004762,2021,9,38,6,31.60138865730167,37.75558322861015,190805.61196018755,1.1637377650637393,1,0.0012044564890093346,72.81271892995238,23.362033858683397,-0.21799999999999997,175.33225174963414,0,83.29055867859421,False,False,False,False,False,False,False,2,True,False,False,False
41739304,41951084.390001245,211780.39000124484,553,667.0706715807493,114.07067158074926,0.2001486007215341,2.867458819454884,259.06224399766074,34.53208419484403,81.07258662809772,136,49636.69782386498,601.7270940780884,9149,41.34069602597747,3,9.502631112555337,94.37546305284587,0,56.85165435833464,2021,9,39,0,114.07067158074926,0.5073884078211865,62888.515680940174,1.2062760788078648,1,0.00032790468903705323,43.14834564166536,47.129886231781896,0.14300000000000002,74.40995375533676,0,89.08140124688254,False,False,False,False,False,False,False,2,False,True,False,False
41981729,54729849.13383221,12748120.133832209,736,776.6827275337739,40.68272753377392,0.1713758361335631,1.0762191025047685,384.9656919367958,28.262271476843644,69.84443949864195,232,20542.849792861824,679.5480748023193,9125,88.52292381312638,6,6.980292666157524,61.532423709264464,1,42.05064071953832,2021,9,39,1,40.682727533773914,30.365876864748014,70466.15972472787,1.0552754450187145,1,0.0006575342465753425,57.94935928046168,39.848023488116496,-0.516,26.44947423781678,1,122.23201329264569,False,False,False,False,False,False,False,2,False,False,True,False
20975372,21652930.17188922,677558.1718892194,607,661.5536870644625,54.55368706446245,1.4626447493888397,4.308124750419892,328.750283218169,32.11813609936484,60.597338637457774,134,23496.83512585752,651.5692965670274,9330,69.4683121417496,9,5.338134036030738,54.262014889807695,0,36.16608056127603,2021,9,39,2,54.55368706446245,3.230255806138835,32730.42021422418,1.0898742785246498,1,0.0009646302250803858,63.83391943872397,33.183717859855946,0.924,35.517654251344176,0,81.41464242104678,False,True,False,False,False,False,False,1,False,False,False,True
22731798,23434767.9585108,702969.9585108012,412,392.2982474072667,-19.701752592733328,1.1223798618301115,4.710927272448193,411.3840390519852,14.266060621711285,26.230222458787576,62,12452.90267345771,747.2769044622892,9294,58.4102878421571,5,4.170529726352192,65.68834881442191,0,39.52977049958672,2021,9,39,3,-19.701752592733328,3.09245207313034,59737.12121681202,0.9521802121535599,1,0.0005379814934366257,60.47022950041328,41.51500944362377,0.67,31.743457320444403,0,36.94888492414965,False,False,False,True,False,False,False,1,False,True,False,False
48113433,68534845.92126612,20421412.921266124,884,956.4277733509904,72.42777335099049,1.0665413700109068,2.5924648747112022,244.31229535366043,29.40619444531918,68.57944758724929,214,14183.28762808131,678.5231579045885,6333,46.11591440683421,3,5.418325845876977,82.89236194606794,0,49.51019957410051,2021,10,39,4,72.42777335099038,42.4443063983111,71657.10556599988,1.0819318703065501,1,0.0004737091425864519,50.48980042589949,45.76092167436799,0.599,14.8294393191741,0,114.99569260977056,False,True,False,False,False,False,False,2,False,False,False,False
18539587,19462883.86231583,923296.8623158298,742,1098.1118172122185,356.1118172122183,0.5619366078030705,1.7615444210458913,403.6138179099575,11.257154757515252,31.64899990176579,96,36202.775116927,567.7682377935405,9675,43.763295454083305,5,2.7131700552428217,68.42600461130195,0,89.7951828584459,2021,10,39,5,356.1118172122185,4.980137164413802,17723.954480087777,1.4799350636283268,1,0.0005167958656330749,10.204817141554102,60.67508302580308,-0.19800000000000006,32.96820464862599,0,51.271846397784316,False,False,False,True,False,False,False,1,False,True,False,False
21035161,22254115.09009749,1218954.0900974944,842,1235.0661692209378,393.0661692209378,1.5150263900968524,1.1702888750874956,258.1055676793165,1.6194604316008032,75.04571701731885,139,46267.05155695143,713.6171301559478,8858,60.93200330771064,3,4.135803830101837,77.45882696056094,0,76.06513938971801,2021,10,39,6,393.0661692209378,5.794840791080661,18018.560984578722,1.466824429003489,1,0.00033867690223526756,23.934860610281987,51.857017026498596,0.48,37.461192533624356,0,78.5995532346759,False,True,False,False,False,False,False,1,False,False,False,False
26056359,23460938.090546224,-2595420.909453776,619,681.4737969568762,62.473796956876186,0.4196495003061345,0.2489050076152188,473.4346045292572,24.7972369162748,37.50397309571072,281,22757.222824755823,504.5337686668853,5319,88.28422388601643,7,7.46137472351048,87.21524828375976,0,70.10937446512257,2021,10,40,0,62.473796956876186,-9.960796554322021,34426.764749152695,1.100926974082191,1,0.0013160368490317729,29.89062553487743,63.68212980118014,-0.726,33.394127443165516,0,131.09036300359566,False,True,False,False,False,False,False,2,False,False,False,False
23438280,33338642.765498064,9900362.765498064,681,846.1509183635019,165.1509183635019,0.460876012955938,1.342500380987477,268.8674453713164,43.68076590793368,49.19341098246306,248,13093.000107599357,317.50410337534095,6389,95.12342496002984,2,2.9568067402079183,70.42392655775242,0,52.41341897935601,2021,10,40,1,165.1509183635019,42.240142047531066,39400.350507184536,1.2425123617672569,1,0.0003130380341211457,47.58658102064399,42.183418525355414,-0.05199999999999999,15.473599122154086,0,127.06225306711903,True,False,False,False,False,False,False,1,True,False,False,False
21546166,29637977.0496858,8091811.049685802,454,656.3737845386212,202.3737845386212,0.9753531255617234,3.2711788997265896,258.17867237017833,7.083053426743128,44.53291416225496,287,17829.477472234732,101.27639812052392,2848,93.80508187678387,7,3.376604221062985,99.98474156855974,0,10.16469524347151,2021,10,40,2,202.37378453862118,37.555688792548054,45154.114542400486,1.4457572346665666,1,0.0024578651685393258,89.83530475652849,7.030706815598804,0.644,27.163603867524117,0,130.28479027669943,False,True,False,False,False,False,False,1,True,False,False,False
17920196,22873290.883977737,4953094.883977737,255,230.4461248640572,-24.553875135942803,0.6439317380126877,2.6680846565460543,403.2823377035807,15.35332757168968,80.11697402723998,280,25477.32671636624,603.9677324312588,4205,95.2000500849793,1,7.743954301370638,64.89746301177513,1,40.64956402951822,2021,10,40,3,-24.553875135942803,27.639736105440683,99256.56548779439,0.903710293584538,1,0.00023781212841854935,59.35043597048178,44.98074694743491,0.05900000000000005,110.55654214795587,1,140.6410904796789,False,False,True,False,False,False,False,2,False,True,False,False
30862495,41669289.532940224,10806794.532940224,618,856.8014678811791,238.80146788117904,0.5701796643429781,4.720206391404637,419.7099612923771,27.070075408841944,28.85811210993857,71,18079.26482144157,631.5897039477769,3161,94.46352058776056,5,2.600523422444988,98.91241759363083,0,83.18728359815262,2021,10,40,4,238.80146788117906,35.015945836330545,48633.54125196119,1.3864101422025552,1,0.0015817779183802593,16.812716401847382,60.001929491077625,0.365,21.100879841103165,0,45.17845625563415,True,False,False,False,False,False,False,1,False,True,False,False
45377043,44979047.32926574,-397995.6707342565,878,1289.8010804092023,411.80108040920254,1.3259515246513305,1.981386312458503,299.52010144452686,19.78284551673683,59.5951417669352,216,15511.058740483984,974.8440682981428,2464,71.63348509602375,7,3.2129882782604,60.1514832616557,0,44.93538185659657,2021,10,40,5,411.8010804092023,-0.8770859545304803,34872.85598721602,1.4690217316733511,1,0.002840909090909091,55.06461814340343,30.588643372491862,0.45599999999999996,12.025930956394411,0,110.2133961851016,False,True,False,False,False,False,False,1,False,False,True,False
18034570,21190514.369544752,3155944.369544752,468,446.8442662008628,-21.15573379913718,1.3368463159152346,3.4693167116419725,130.9090160727839,36.388528763997705,29.94431266101436,264,38119.30199406858,425.330500684848,1643,53.16493831341423,0,1.157928065403853,55.54658716321449,0,60.743721256087646,2021,10,40,6,-21.15573379913718,17.499415675254536,47422.59434077491,0.9547954406001342,1,0.0,39.256278743912354,63.61961805966243,1.187,85.30780157070072,0,125.49985242750363,False,False,False,False,False,False,False,0,False,False,False,True
42417870,47114869.98842415,4696999.988424145,719,716.7485317546021,-2.2514682453978594,1.6665824326198655,2.446613737375607,260.4912039309108,31.89584885582337,69.33570852925307,107,5353.021455828044,454.7199185454806,6351,87.88279497020923,5,7.480464395815961,87.5415312547184,0,28.426583471238715,2021,10,41,0,-2.2514682453978594,11.073163240926883,65734.17021599867,0.9968686116197526,1,0.0007872775940796725,71.57341652876129,28.51587775950739,0.8259999999999998,7.468479136921054,0,73.16946721552293,False,False,True,False,False,False,False,2,False,False,False,True
49546069,47379217.04430627,-2166851.955693729,871,1285.9860178283102,414.9860178283102,0.8936462772486541,2.562881079621058,485.63262630935526,-6.793653787570363,83.35546894561368,79,29265.373730141742,281.61962320797124,5553,52.822778491154736,8,6.561132090097905,85.1154828325599,0,92.42719676612116,2021,10,41,1,414.9860178283102,-4.37340842457901,36842.715540809084,1.476447781662813,1,0.0014406627048442284,7.572803233878844,62.60106040596119,-0.01200000000000001,22.757147686226954,0,54.568544547413,False,False,True,False,False,False,False,2,False,True,False,False
28082984,33465882.38292177,5382898.38292177,432,528.1304052315777,96.1304052315777,0.2388616729496854,1.3388715730205876,388.8437868676333,44.91316786580757,50.42253577070774,195,40719.50631633893,163.4808657135897,7518,56.03243660539415,9,7.249469072603872,90.55846736212322,0,93.085339216336,2021,10,41,2,96.1304052315777,19.167829112895447,63366.70271473473,1.2225240861842077,1,0.0011971268954509178,6.914660783664004,76.14192658312179,-0.431,77.10123468177144,0,106.6007110909546,False,False,True,False,False,False,False,2,True,False,False,False
8972368,13031860.185039269,4059492.185039269,305,277.0979841083254,-27.90201589167458,0.6199661313507695,2.2747538842099986,415.0231717456095,31.38213495457069,54.16645821854832,155,16980.272884286067,795.5240435755666,6723,53.9952593093529,9,2.9289498575798185,67.17952108666525,0,23.146334556251844,2021,10,41,3,-27.90201589167458,45.24437902055811,47029.79066042121,0.9085179806830341,1,0.0013386880856760374,76.85366544374816,25.477024173864084,-0.07599999999999996,61.27894773008525,0,87.66457795193571,True,False,False,False,False,False,False,1,False,False,True,False
29481082,27241565.504148774,-2239516.495851226,356,375.4301949358898,19.4301949358898,1.962010380073952,2.353924985063536,64.77147446865806,37.51468239617623,84.91959855379336,195,32148.11797754078,324.7129579053925,8946,70.89894422174835,1,7.186387516550843,96.5403826926492,1,75.1743054285699,2021,10,41,4,19.4301949358898,-7.596452856958324,72560.93375441118,1.0545791992581175,1,0.000111781801922647,24.825694571430105,71.28369825751733,1.418,85.63008093430136,1,114.73028428499087,False,True,False,False,False,False,False,2,False,False,False,True
30537369,32823901.77866224,2286532.7786622383,216,252.7127001852442,36.71270018524419,1.232891292942134,3.5332126087446696,260.5367581853719,25.81587416524405,56.469397205455,287,35100.504752837805,648.0143749270342,1610,59.30965049014479,0,6.36738955923931,55.97407141865394,0,16.77146569767217,2021,10,41,5,36.71270018524419,7.487654809627635,129886.2374332654,1.1699662045613157,1,0.0,83.22853430232783,14.335000132726663,0.8310000000000001,138.89489814761322,0,139.48558141120975,False,True,False,False,False,False,False,2,False,True,False,False
36790315,37692581.35104164,902266.3510416374,589,774.9740091561529,185.97400915615287,1.4485004611219383,4.70319999593057,340.9795101458999,37.09568204257192,54.131890663469264,123,34476.11133822905,718.9957319909333,5302,49.24936297752049,1,4.29510681299803,51.51385506655631,0,63.86928561820881,2021,10,41,6,185.97400915615287,2.4524561723421976,48637.21996571732,1.3157453466148605,1,0.0001886080724254998,36.13071438179119,48.5422850117093,0.98,44.48679688725188,0,76.56827181181235,False,False,False,False,False,False,False,1,True,False,False,False
45494022,47445169.26065614,1951147.2606561407,790,1058.518019236843,268.518019236843,0.1139798762882876,1.6466063874125214,423.5147076326336,-3.8189363789209834,60.48303718930129,216,25063.23353894229,524.1130185624829,2543,67.19040471363294,4,4.940432304709642,65.02819425559858,0,26.078828574339678,2021,10,42,0,268.518019236843,4.288799219941778,44822.25942158506,1.3398962268820798,1,0.0015729453401494297,73.92117142566032,19.463319659481954,-0.504,23.677663566853653,0,103.39923024311409,False,False,False,False,False,False,False,1,True,False,False,False
1764265,2549470.0708028795,785205.0708028795,789,1181.332544218911,392.3325442189109,1.0845908911467896,0.2110023429064922,72.17314411224716,9.125580955762356,68.24608154540664,143,20596.009454410065,888.7169017244725,2466,92.43443432711,5,6.111284529460673,89.86622317001252,0,23.113472724028348,2021,10,42,1,392.3325442189109,44.506073112762515,2158.1307340420153,1.4972529077552736,1,0.00202757502027575,76.88652727597164,15.437253522306234,0.5050000000000001,17.43455689526272,0,80.4114987503507,False,False,True,False,False,False,False,2,True,False,False,False
24408056,28822043.812570557,4413987.812570553,306,328.18705620685813,22.18705620685813,0.1713044493104259,2.4814756275031984,433.5974985388429,38.2031518982471,27.4818362560922,203,42616.5832862516,499.4153568817559,7236,74.23317129699834,0,5.43962958478801,83.6491153636824,0,10.370783565340288,2021,10,42,2,22.18705620685813,18.08414325405742,87822.00049475401,1.0725067196302553,1,0.0,89.62921643465971,9.669667681817039,-0.31499999999999995,129.85455239706386,0,100.9054964463018,False,False,False,False,False,False,False,1,False,False,False,False
15793752,18633147.17143025,2839395.1714302525,662,809.5810244621584,147.58102446215844,1.181537402973751,2.722306660745843,296.78042153386025,1.0910366196790733,77.47773694190613,120,39130.068064993895,356.4177607375886,2181,92.70013635325525,6,6.77645259372434,71.81043821113116,0,94.6771423180663,2021,10,42,3,147.58102446215844,17.9779647763891,23015.790400731166,1.2229320611210852,1,0.002751031636863824,5.322857681933698,77.41815373723537,0.5739999999999998,48.3337268076284,0,71.57063206847556,True,False,False,False,False,False,False,2,True,False,False,False
1308617,1774936.6293017429,466319.62930174265,347,423.33796266436974,76.33796266436974,1.8494646143085431,0.8422027556595763,138.79128675922698,-5.69668457809875,50.48535192172815,56,19456.482803626062,906.41397066546,3146,51.75233110474824,3,2.6288161984539564,62.81268070971677,1,84.63272423684121,2021,10,42,4,76.33796266436974,35.63453854731697,4192.717842101361,1.219994128715763,1,0.0009535918626827717,15.367275763158787,69.37141929193591,0.876,45.95969301021918,1,35.83660020308882,False,True,False,False,False,False,False,1,False,True,False,False
12368954,12278602.778817326,-90351.22118267415,771,881.5514970202921,110.55149702029212,1.939996347950775,3.802323031380333,192.764847402365,33.346541696987046,25.064395692823982,246,9635.863749899274,875.4078558249608,3272,50.01843242035324,8,5.866389594245772,52.96363933839886,1,16.972800153216316,2021,10,42,5,110.55149702029212,-0.7304677597044517,13928.401029684474,1.1433871556683426,1,0.0024449877750611247,83.02719984678369,14.844315916156349,1.3969999999999998,10.930573860369122,1,115.92328121694331,False,False,True,False,False,False,False,2,False,False,True,False
1744748,2080366.351221213,335618.3512212131,473,473.70814547247886,0.7081454724788614,1.1270500832389558,4.924645542207458,176.86829828820234,35.951738560381294,75.03278684387492,114,8231.339545046114,247.6359523687717,5536,74.53462754190522,5,5.052515345780867,66.87527892237362,0,63.9438049060321,2021,10,42,6,0.7081454724788614,19.235921246003027,4391.662611471976,1.0014971363054521,1,0.0009031791907514451,36.0561950939679,63.84821542468148,1.2300000000000002,17.376394355296835,0,78.89535762127686,False,False,False,False,False,False,False,1,False,True,False,False
46579602,53938765.883786246,7359163.883786246,817,1214.4492072727196,397.4492072727196,0.9705891299792104,4.7288735850423045,288.88656542981414,-1.054127999555467,46.38649801803905,95,9242.419005452122,123.36491651852886,1719,67.79973409277639,8,5.149184446125984,73.00098838773748,0,30.96084113193096,2021,10,43,0,397.4492072727196,15.799112847263586,44414.18015737041,1.4864739379103056,1,0.004653868528214078,69.03915886806904,20.82837804439135,0.8500000000000001,7.61037921561805,0,51.599711005545075,True,False,False,False,False,False,False,2,True,False,False,False
28220234,35505186.218596935,7284952.218596935,522,737.0589428639747,215.05894286397472,1.8955324790721384,0.9855301941182608,73.25855596000932,36.98902905304935,27.02572465665377,67,31229.12125364193,180.98700071465865,5680,79.61035849881742,0,5.224438455243358,84.35119190356026,0,33.7614293925646,2021,10,43,1,215.05894286397472,25.814641432799373,48171.433997714164,1.4119903119999515,1,0.0,66.2385706074354,23.910524814256487,1.082,42.36991024394274,0,46.004426112910934,True,False,False,False,False,False,False,1,False,False,True,False
48050087,72062379.06162226,24012292.061622266,489,586.3109105015292,97.31091050152918,1.3798586807937208,4.376816199503804,121.3412713249656,27.77222875784433,64.36453276802754,190,7324.797912304536,357.8926586984353,4472,87.6776074616069,3,8.933247674400855,82.29859774732155,0,88.67532895083933,2021,10,43,2,97.31091050152918,49.97346219502633,122908.13247868822,1.1989998169765423,1,0.0006708407871198568,11.32467104916067,73.95775019753336,1.383,12.493026790238167,0,103.64102845776155,False,False,False,False,False,False,False,2,False,False,False,True
1734275,2361509.088470485,627234.0884704855,841,1061.2976402863617,220.29764028636143,0.2233086311229779,3.5224681820584234,415.7118695191021,18.604547576912115,81.60919474035492,202,20161.709373381727,975.0338215675396,4642,85.07843773913058,1,8.36764697022954,97.36724514659387,1,20.2893171041082,2021,10,43,3,220.29764028636168,36.166933644922814,2225.114801756553,1.2619472536104182,1,0.00021542438604049978,79.71068289589181,16.077785379746,-0.04500000000000004,18.997224348809116,1,110.86412269518011,False,True,False,False,False,False,False,2,False,False,False,True
33775006,38460255.3039647,4685249.303964697,707,732.7041389200087,25.704138920008745,0.9848785975682453,2.269232819034558,109.67179583606496,35.663760602976176,82.14274565897904,281,38893.98658614032,602.6645378447425,1063,96.53567041951366,5,6.666129650534831,55.01979595264305,1,64.13411220967392,2021,10,43,4,25.704138920008745,13.871942181045643,52490.839427568055,1.0363566321357973,1,0.004703668861712135,35.865887790326084,61.88421072531932,0.797,53.08279907285536,1,147.74195187858655,False,False,False,False,False,False,False,2,False,True,False,False
10686427,14923935.469052272,4237508.469052272,719,881.6897421669997,162.68974216699974,0.5564655350821774,2.7030549716236454,155.02832125615714,13.05870871254312,87.03644323662812,57,18245.667493192013,435.935558826342,1559,63.8953845494207,3,7.448382420421319,66.81700614395682,0,46.11299814811082,2021,10,43,5,162.68974216699974,39.65318313644281,16926.51593334013,1.2262722422350483,1,0.001924310455420141,53.88700185188918,37.60420937528814,0.5579999999999999,20.6939772808836,0,52.82854558475137,False,False,True,False,False,False,False,2,False,False,True,False
10422794,10448069.462929882,25275.46292988211,598,787.5552837639856,189.5552837639856,0.9926282107524949,4.24800087491229,254.0167725218708,0.6696675922868458,80.73938218366817,123,39348.86347310584,899.8444851514718,8446,52.38320453489085,8,1.3852237246129595,74.07890409684492,0,27.172053966726065,2021,10,43,6,189.55528376398559,0.24250179874880104,13266.45846751878,1.3169820798728855,1,0.000947193937958797,72.82794603327393,20.632060513191416,0.83,49.9633032554168,0,73.62271493278651,False,False,False,False,False,False,False,0,False,True,False,False
43541546,39983252.999250695,-3558293.000749305,623,753.269435210907,130.26943521090698,0.9653845868120872,2.4006746981918656,282.7043996509987,5.66689721358375,20.149864354183265,209,38546.016719317486,507.8226983306496,2733,73.05475839687315,2,7.695925474417018,83.53478969269946,0,50.67262677363962,2021,11,44,0,130.26943521090698,-8.17217882146239,53079.6168412911,1.2091002170319534,1,0.0007317965605561653,49.32737322636038,41.90936868577245,0.398,51.17161923412575,0,91.34502847033012,True,False,False,False,False,False,False,2,False,False,True,False
7194224,7357310.032766047,163086.03276604693,864,1290.9638324312336,426.9638324312336,1.2060751253480098,1.8660368455256344,393.62471582637136,17.784021006132313,46.61688164893732,194,16062.220968494734,383.71476556091903,9861,46.64458721147113,0,5.375482196082838,74.77258457207031,0,94.64403583955152,2021,11,44,1,426.96383243123364,2.2669023478563766,5699.083001349654,1.494171102350965,1,0.0,5.35596416044848,63.3421672328131,0.19099999999999995,12.442037929323886,0,96.9202707965209,False,False,False,False,False,False,False,2,False,False,True,False
43499758,48034474.38682424,4534716.386824235,737,933.6352803927444,196.63528039274445,0.7778639316635773,2.466237465129929,251.2995919997845,19.223193597024665,77.2979805933852,151,37796.998104173545,947.0975758710916,4894,57.33106739989789,0,3.859728080933148,95.63791159733694,1,80.3449044307497,2021,11,44,2,196.63528039274445,10.42469336685561,51448.86380752234,1.2668049937486356,1,0.0,19.655095569250307,63.42326153372588,0.394,40.483686615049294,1,89.35635225712296,False,True,False,False,False,False,False,2,False,True,False,False
49257587,59421813.9486541,10164226.9486541,415,465.87245443545015,50.87245443545015,0.4121138539662633,2.8956490201752456,405.4390794659925,34.30694545426785,45.6377104198932,128,38649.94872224453,864.5658995734102,2542,52.47328331578867,8,2.2579926934432866,80.43361727999067,0,21.890026122730028,2021,11,44,3,50.87245443545015,20.63484544757359,127549.53288805661,1.1225842275553015,1,0.003147128245476003,78.10997387726997,19.49967368631292,-0.026000000000000134,82.96251120723805,0,75.18339676224832,False,False,False,True,False,False,False,0,False,False,True,False
40578725,51497546.240104616,10918821.240104616,618,842.5139718399528,224.5139718399528,1.0570669257209169,0.9453882688917442,328.25583817045583,33.52439980087839,62.10839544657943,128,22885.42665501621,859.3015378774969,3415,63.793823007824855,8,1.676879113167926,51.98327048456076,0,86.44867657458825,2021,11,44,4,224.51397183995277,26.90774843247198,61123.67030263005,1.3632912165695028,1,0.002342606149341142,13.551323425411752,63.41174616537328,0.04499999999999993,27.163260693513596,0,79.88983857423734,False,False,False,False,False,False,False,0,True,False,False,False
40747799,58936126.33998246,18188327.339982457,393,393.8950602309512,0.8950602309512306,1.677385480256948,4.504538651334953,100.8948827407201,21.975160646251616,62.44218631621724,170,14468.92176836832,561.0562687451918,7090,46.67299450013292,4,1.4039711694705082,55.68279845330672,0,94.36964760886988,2021,11,44,5,0.8950602309511737,44.6363430328653,149623.92852915352,1.002277506948985,1,0.0005641748942172073,5.630352391130117,94.15520846730246,1.612,36.732935315017166,0,93.32520408874066,False,True,False,False,False,False,False,0,False,False,True,False
27762677,33479356.610582564,5716679.610582564,264,298.50730489107264,34.50730489107264,1.3616232333284444,3.370934744148069,120.34914727677736,32.9432015851012,45.55177128271761,225,28457.18631013411,810.4945589339095,6217,41.91050467288587,1,2.456165574012167,87.67477807402793,0,34.92678527579865,2021,11,44,6,34.507304891072636,20.591240573027463,112155.90393273428,1.13070948822376,1,0.00016084928422068523,65.07321472420135,30.88926522644238,1.209,95.33162453266708,0,113.54849186034564,False,True,False,False,False,False,False,0,False,False,True,False
6318331,7586833.166990237,1268502.1669902373,264,292.55829773980963,28.558297739809632,0.74289894525791,3.1663445866874445,246.66517645239688,0.5475402061519041,83.31317490969013,112,46462.89146000883,261.41802333809665,6387,79.4076402778019,8,1.2712941531796749,85.78938481731471,0,40.00777259638129,2021,11,45,0,28.558297739809632,20.07653867754376,25932.72255684808,1.1081753702265515,1,0.0012525442304681385,59.99222740361871,36.10238385662933,0.5330000000000001,158.8158388224257,0,69.95821453475263,True,False,False,False,False,False,False,0,False,True,False,False
33482872,31143952.96007859,-2338919.0399214104,668,774.2682837191971,106.26828371919714,1.8774937432418288,0.4974811309031907,228.6002268900678,-7.246451009868811,55.22598417702823,89,33782.75295944279,615.9006618006193,6179,76.61493869738828,7,7.593780181982689,57.67485009128526,1,21.36789339598495,2021,11,45,1,106.26828371919714,-6.98541941062108,40223.72298459474,1.1590842570646664,1,0.0011328693963424503,78.63210660401505,18.435151082198516,0.6220000000000001,43.631843987160835,1,49.99385995014782,False,True,False,False,False,False,False,2,False,False,False,True
20741160,19101507.659694698,-1639652.3403053023,244,334.0525665159655,90.05256651596551,1.833194385373446,3.020869690862959,384.5949213367826,38.04986024490851,52.534894415625054,292,12781.512393226752,985.4613305627912,9187,82.50153616231967,9,3.2375270711956574,52.9454330532833,0,41.04460939795679,2021,11,45,2,90.05256651596551,-7.905306840626572,57181.14325214074,1.3690678955572357,1,0.0009796451507565038,58.95539060204321,29.979966319530764,0.768,38.261979324190825,0,143.97542639816007,False,True,False,False,False,False,False,1,False,False,False,False
11736301,14443818.427319448,2707517.4273194466,825,982.1656509208868,157.16565092088683,0.4977619588297877,0.6048033111924617,311.3317129088084,-5.844502843047674,89.82596219633271,133,35724.061613008394,361.8625874661655,7643,79.62318641628065,9,4.318663842388082,78.93589277199342,0,70.58267174256511,2021,11,45,3,157.16565092088683,23.069597714982333,14706.09200573936,1.1905038192980446,1,0.0011775480832133978,29.41732825743489,59.28806829379404,-0.269,36.372745859634996,0,78.39443780598552,False,True,False,False,False,False,False,1,False,False,True,False
12152153,14131825.829713028,1979672.829713028,842,1158.9361002743644,316.93610027436443,0.1748934117286896,0.3934883759769952,224.6598864510122,3.567863635919851,54.545025485083166,64,24224.13622768256,814.9170963229077,8660,46.85768086854301,5,8.404445924342946,81.78694160133668,0,34.49395135866409,2021,11,45,4,316.93610027436443,16.29071679490069,12193.792070475227,1.3764086701595777,1,0.0005773672055427252,65.50604864133591,25.060835569035568,-0.28700000000000003,20.90204647344041,0,43.0338667363009,False,True,False,False,False,False,False,2,False,False,False,False
29681968,41658886.57801955,11976918.578019552,806,1004.1900335584392,198.19003355843915,1.5084865458664485,2.6365544782119663,126.84212755267352,28.242542229341154,32.48787763500067,148,31618.795880991784,541.4305664872605,3458,57.46473288253878,6,2.031917468721316,56.76498187564175,0,10.6142509690228,2021,11,45,5,198.19003355843915,40.35082369881792,41485.06277282745,1.2458933418839195,1,0.001735106998264893,89.3857490309772,8.519389752073765,1.108,31.48686486057593,0,77.41912595930255,False,False,True,False,False,False,False,0,False,False,True,False
38502833,38364521.23000172,-138311.7699982822,243,268.5737235730716,25.57372357307156,1.6724594965633912,2.0139276702324747,152.07669604647282,12.519636569502,55.91485960044066,183,38032.88157603986,135.8251148998786,7028,47.77159659402114,5,8.520346272125915,73.68096605204076,0,40.46901828701243,2021,11,45,6,25.573723573071618,-0.35922491728928674,142845.40095585253,1.1052416607945335,1,0.0007114399544678429,59.53098171298757,36.61553823253474,0.99,141.610583008848,0,93.73034885098281,False,False,True,False,False,False,False,2,False,True,False,False
34679364,31731028.416145302,-2948335.583854694,522,723.4853425216636,201.4853425216636,1.9389426753075751,2.944051350781116,308.9754583110765,38.19726834535298,76.98117148639511,271,28172.630818150017,786.7174580341007,6447,90.5783441229138,4,6.755863154952593,65.29157645592065,0,50.785662607185934,2021,11,46,0,201.4853425216636,-8.501700272977029,43858.56430145324,1.3859872462100835,1,0.0006204436171862882,49.214337392814066,36.6422293899579,0.9770000000000001,38.94015422614651,0,142.95353194952443,True,False,False,False,False,False,False,2,False,True,False,False
26433907,30912425.71851572,4478518.7185157165,531,553.819089038215,22.819089038215,1.7906891487677905,0.4461108402861929,240.54746220490665,6.388888706424826,74.3802228828797,170,41629.27885579889,251.7122299529015,5559,84.8142193213314,3,4.078265631441427,96.5652822818444,0,60.97204336786383,2021,11,46,1,22.819089038214997,16.94232607580756,55816.82959357632,1.0429738023318549,1,0.0005396654074473826,39.02795663213617,58.459803334986994,0.532,75.16764893043684,0,92.23073347679137,False,False,False,False,False,False,False,1,False,False,True,False
44694538,46593480.82736936,1898942.827369355,337,348.6702385155187,11.67023851551869,1.2410160595921882,2.154915314236292,281.7173789873024,-9.34707593318524,75.20072355759297,112,37497.00106924825,668.3262104194752,3749,52.09162017509455,6,2.0602649176091585,60.95999016947023,0,71.54425939222178,2021,11,46,2,11.67023851551869,4.24871340513546,133631.9412455261,1.0346297878798774,1,0.0016004267804747934,28.455740607778225,69.14962262861913,0.4989999999999999,107.54287841971727,0,64.55609428732231,False,True,False,False,False,False,False,0,False,True,False,False
40835189,37967277.4874448,-2867911.5125552043,768,923.6749474044684,155.6749474044684,1.1070994445035236,0.8739335752257898,126.80484588600515,6.536060230840928,69.56166487985382,185,32678.30030083298,177.09777464227562,2948,60.4785544293936,3,1.8234342760682123,86.66303629516497,0,15.56059098058931,2021,11,46,3,155.6749474044684,-7.023137599669728,41104.58727297201,1.2027017544329015,1,0.0010176390773405698,84.43940901941069,12.93802966798402,0.5289999999999999,35.378571642176915,0,96.82931753320842,False,False,False,False,False,False,False,0,False,True,False,False
41339104,55177739.96292958,13838635.962929577,670,707.8613968767598,37.86139687675984,0.1528979973989139,4.935500429620583,348.3078135550546,21.794127705165742,37.79524803466818,272,11785.676712455816,952.1806577463684,7306,97.99689953585286,9,4.019629114713886,75.90669566721688,0,52.2776750769497,2021,11,46,4,37.86139687675984,33.47589721085773,77949.92099637853,1.0565095475772535,1,0.0012318642211880647,47.7223249230503,49.481498010908496,0.32199999999999995,16.649695497532164,0,126.67681272195018,False,False,False,False,False,False,False,1,False,False,True,False
21655025,20939452.022339515,-715572.9776604846,837,757.8635089525009,-79.13649104749913,0.5686472490050779,2.805751062175872,433.64243338518514,10.676610647181132,80.3458860088162,177,42617.70999102057,362.5514984623248,9251,75.64956147277908,9,2.2630777544624125,50.57605060130217,0,33.97262164156166,2021,11,46,5,-79.13649104749913,-3.3044200025651533,27629.582075117298,0.9054522209707299,1,0.0009728677980758837,66.02737835843834,37.52005998189481,-0.02300000000000002,56.2340177190028,0,98.1067489967992,True,False,False,False,False,False,False,0,False,False,False,True
22653925,28657027.097528137,6003102.097528137,642,827.5242075154983,185.52420751549835,0.9732680282925602,3.4371843047043367,166.07277805410524,19.41800156673154,82.54104257633855,161,47115.751339391725,303.8182225096554,9092,88.06933583806943,9,3.409392668277473,75.8499291606309,0,95.31726089900478,2021,11,46,6,185.52420751549835,26.49917000046631,34629.83540211593,1.2889785163792808,1,0.0009898812142542894,4.682739100995221,73.94790501764868,0.897,56.93579826606984,0,94.98771324292103,False,True,False,False,False,False,False,1,False,False,True,False
48623905,51960956.31143313,3337051.311433129,404,487.48914232490927,83.48914232490927,1.294157410158779,1.627091403413039,271.18140162432195,38.21289653592603,33.59068876329843,160,11163.430571418266,216.2227636597009,9524,55.87546208612375,8,1.4766022040619209,54.973607495975074,1,42.39086588145303,2021,11,47,0,83.48914232490927,6.862985010013345,106588.95101462874,1.2066562928834388,1,0.0008399832003359933,57.60913411854697,35.13085385744383,0.44000000000000006,22.899854790976846,1,85.54107558976733,False,True,False,False,False,False,False,1,False,False,False,True
33290830,33427243.510824285,136413.51082428545,492,574.3168588383812,82.31685883838122,1.1587784833049803,0.4736945738967207,488.9872980594058,40.18667798267027,29.131894558597573,81,26970.85082450437,951.401974005143,1189,52.60317521075831,4,6.35507579527029,82.95310979126558,0,19.01113288478833,2021,11,47,1,82.31685883838122,0.40976302130131764,58203.48644898662,1.1673106886958968,1,0.00336417157275021,80.98886711521166,16.28626643179915,-0.30900000000000005,46.961621288735756,0,53.195571762380354,False,False,False,True,False,False,False,2,False,True,False,False
46173471,52076791.45843256,5903320.458432563,794,1175.2638003641653,381.26380036416526,1.511008380395212,4.879354313917683,199.95878324782743,4.628573555976166,88.29234780123784,94,16649.9933886727,740.7133681971746,7008,87.0350157307929,7,2.3074850525842403,78.2761765190786,0,13.7342341694414,2021,11,47,2,381.26380036416526,12.785091375159045,44310.72533868237,1.480181108770989,1,0.0009988584474885844,86.26576583055859,9.27875250403992,1.369,14.167026486745836,0,65.47627640716419,False,False,False,False,False,False,False,1,False,False,False,True
3592316,4960512.291034882,1368196.291034882,645,801.5540841936476,156.55408419364755,0.6315571686853776,1.431295176915916,317.7708552156925,15.417726029844538,80.78267745552574,171,38953.54883415041,767.4947998462798,8482,81.15234731388641,5,7.810590818130644,50.52136136667373,0,33.886529883541584,2021,11,47,3,156.55408419364755,38.086746573377226,6188.618321401343,1.2427195103777482,1,0.0005894836123555765,66.11347011645842,27.268043674023538,-0.040000000000000036,48.597530225720384,0,97.26012104561109,False,False,False,False,False,False,False,2,False,True,False,False
34265940,38900618.98835849,4634678.98835849,267,378.6217387618594,111.62173876185943,1.1734099545396992,2.1190409258678717,90.58806509010996,20.202920838279816,82.52653030469628,229,37473.3336202115,549.4641052422201,1295,80.85867575270582,3,2.963574786501749,60.23464147914906,1,26.099086499437835,2021,11,47,4,111.62173876185938,13.525614614274378,102742.69807002736,1.4180589466736306,1,0.0023166023166023165,73.90091350056217,18.404796613468704,0.9159999999999999,98.97301127704397,1,122.41883534289283,False,False,True,False,False,False,False,1,False,False,False,True
40450157,54626391.408853285,14176234.408853283,482,474.1290083105323,-7.870991689467701,0.267470262442505,3.249319608512875,322.70675111574946,42.20118512885359,82.04634692370766,256,11339.83042566794,527.2550067434352,9368,73.15807490975163,2,8.181789214043672,88.81125264360114,0,68.48196641908685,2021,11,47,5,-7.870991689467701,35.04617895266336,115214.19371386692,0.9836701417230961,1,0.0002134927412467976,31.518033580913155,69.61883208036274,0.123,23.917183354959125,0,139.67425961576836,False,False,False,True,False,False,False,2,False,False,False,True
39993189,39005028.41087912,-988160.5891208798,859,1066.469011096907,207.46901109690705,0.8859644948080931,0.1234864884305564,90.33429798707806,44.92395255404116,57.91807768236099,131,44466.22720677367,199.01911869232896,9168,73.81470056659293,5,2.7089378760328096,63.78863071510106,0,86.22698875368698,2021,11,47,6,207.46901109690702,-2.4708221920509508,36573.991372483346,1.2415238778776565,1,0.0005453752181500873,13.773011246313018,69.4525415822764,0.352,41.6948141428304,0,83.25260907092064,False,False,True,False,False,False,False,1,False,False,True,False
30142589,41104328.8763466,10961739.876346596,614,872.3636944876646,258.3636944876646,1.5253055826137418,4.051295652586434,481.6559458957199,2.9473986862839645,65.24812156660599,62,13143.787879010102,603.8569860255925,1799,84.14185031837522,0,7.492299073311687,74.96417005815266,0,38.13028331232363,2021,11,48,0,258.3636944876646,36.366285179904764,47118.33967424217,1.4207877760385417,1,0.0,61.86971668767637,26.837423544450083,0.5930000000000001,15.066867135878908,0,45.25865607586699,False,False,True,False,False,False,False,2,False,False,False,True
44338325,46207628.55782496,1869303.5578249544,861,1076.1324342107953,215.13243421079528,1.4174616215151836,2.682890950143101,372.0481934325401,29.983892924019848,58.17539964935492,73,40876.65615416483,322.2248455979114,9997,56.20014886727172,1,3.997672116626776,65.59993072045918,1,62.00123094644414,2021,11,48,1,215.13243421079528,4.215999494398947,42938.60782266294,1.2498634543679388,1,0.00010003000900270081,37.99876905355586,49.606403587341006,0.5109999999999998,37.98478222073346,1,55.647787772012435,False,False,True,False,False,False,False,2,False,True,False,False
47619069,62211260.21538252,14592191.215382516,314,417.87387115912713,103.87387115912712,1.98222120062714,1.3910859353441107,404.6719046610679,10.791708422825735,23.58444444332304,217,25564.11618326022,979.4307995203652,8003,61.16610795141735,6,6.248079954001075,96.076342819877,1,75.72747492829478,2021,12,48,2,103.87387115912713,30.643587793332365,148875.6883573904,1.330808506876201,1,0.000749718855429214,24.272525071705218,56.9033595269461,0.47199999999999986,61.17663234685798,1,97.11284585984464,True,False,False,False,False,False,True,2,False,False,True,False
29088529,36054327.99939445,6965798.999394447,229,257.21878621739734,28.218786217397337,0.6279931393767364,0.3080399264623462,366.84696234723657,-9.554049171258272,72.18521597469409,63,19772.253210116804,816.9228460136326,9406,92.2982062312033,3,1.3479563288956458,76.8288508891717,1,45.86389202254015,2021,12,48,3,28.218786217397337,23.946893290459776,140169.8862264356,1.1232261406873245,1,0.00031894535402934295,54.13610797745985,40.83228689324762,-0.381,76.86939784174862,1,43.98935004103075,True,False,False,False,False,False,True,1,False,False,False,True
37219181,54246466.14305736,17027285.14305736,611,583.7919929457887,-27.208007054211294,1.0465596684305605,0.8124920773722072,315.3780662344096,-9.49111126602537,55.37324233351162,269,12120.766820339608,471.6928541735989,3700,58.53191206072947,4,5.457199909188317,84.80867574280104,1,15.969305020426082,2021,12,48,4,-27.208007054211294,45.74868303270123,92920.88072214228,0.9554697102222401,1,0.001081081081081081,84.03069497957392,16.713564909045267,0.039000000000000035,20.762132689040065,1,121.36463932024589,False,False,True,False,False,False,True,2,False,False,True,False
47991244,54344973.28010861,6353729.280108608,519,609.69015190257,90.69015190257004,0.7261077861705937,4.475169294267184,252.46075148847743,15.331130415924063,65.33963523531608,252,12542.641526598323,236.2071328223797,9788,72.77857428275794,9,2.338191052318569,54.1738052348554,1,30.626641983500672,2021,12,48,5,90.69015190257005,13.23935107851884,89135.39625090265,1.174740177076243,1,0.0009194932570494483,69.37335801649932,26.070992191418803,0.7350000000000001,20.57215700049993,1,125.00122969537205,False,False,False,True,False,False,True,1,False,False,False,False
24506142,23028399.907820165,-1477742.0921798348,526,597.8976957487434,71.89769574874344,0.937145916712432,3.430121119679455,436.2680208924781,16.858420215238404,55.18478634828747,119,34785.074961540515,806.7985220249055,6873,82.15836784040104,0,5.376882045241239,52.01679937663761,0,89.4759227279815,2021,12,48,6,71.89769574874344,-6.030088669933582,38515.619095975686,1.1366876345033146,1,0.0,10.524077272018502,78.71636851849696,0.2859999999999999,58.17897477925448,0,69.21296196905776,False,False,False,False,False,False,True,1,False,False,True,False
41801245,38101554.38677313,-3699690.613226868,825,1171.6947902775792,346.6947902775792,1.7282052467518374,1.249508608184449,480.5760503943784,-8.758666688460654,54.42679256257192,111,29769.367457620425,209.8483903731844,5714,99.9954896099906,1,2.272232177975347,62.96140975335655,0,84.20322396294054,2021,12,49,0,346.69479027757916,-8.85067086692482,32518.327044662135,1.4202361094273688,1,0.00017500875043752187,15.796776037059459,59.28818694582467,0.15000000000000002,25.407100641428936,0,58.10043776223339,False,False,False,True,False,False,True,0,False,False,False,False
20699205,28898473.41574801,8199268.415748011,526,550.4049174224402,24.404917422440235,1.3999972428581249,0.3280038247251476,274.5662778068366,27.78100792258664,32.02523766344368,169,10493.843974305471,270.4003781473634,7491,66.11747988971992,3,4.9338020812543375,65.4567146126827,0,17.787927594152535,2021,12,49,1,24.404917422440235,39.6115136583652,52504.02476613086,1.0463971814114834,1,0.00040048057669203043,82.21207240584747,16.999212067982093,0.20999999999999996,19.06567990607424,0,85.5418736758091,False,True,False,False,False,False,True,1,False,False,False,False
35538588,43173747.38146015,7635159.381460153,828,1225.4735642394417,397.47356423944166,1.7766382635604052,3.4530765619331816,469.1907721198679,6.170186372722423,39.50996005988043,138,10071.403719724633,290.3684659698047,9333,65.68557259749663,7,1.9955873820905952,84.38402705899509,0,30.15538510305167,2021,12,49,2,397.47356423944166,21.484138259685928,35230.25599353081,1.4800405365210647,1,0.0007500267866709525,69.84461489694833,20.374702151019417,0.6659999999999999,8.2183769716609,0,68.90404392978085,True,False,False,False,False,False,True,1,False,False,True,False
27029483,36899202.251954325,9869719.251954325,424,625.3503376782638,201.35033767826383,0.4866711058305842,2.8620386298388256,312.4998094948329,20.794120584477216,31.119688436076903,238,8253.975864775615,601.2015744457849,3839,90.55530276602003,9,2.979563659608662,78.45652513562206,0,79.2248753910988,2021,12,49,3,201.35033767826383,36.51464311009695,59005.64856005335,1.4748828718826976,1,0.0023443605105496223,20.775124608901194,53.71604545787947,0.20199999999999996,13.198962833249798,0,110.77414270616623,False,False,False,False,False,False,True,1,False,True,False,False
31278124,32549747.391560737,1271623.391560737,288,301.9907479227446,13.990747922744616,1.7593861238987325,2.0225976222911752,292.272884103395,6.550549024098032,33.69664069377397,50,38469.53063180949,808.3509885913296,4513,88.33018667559179,3,6.3557104195346925,68.72898034674927,0,53.7308408789938,2021,12,49,4,13.990747922744617,4.065536000690888,107783.92257198431,1.0485789858428634,1,0.0006647462884998893,46.2691591210062,51.241577033707344,0.702,127.38645437459157,0,32.074156915361606,False,False,False,False,False,False,True,2,False,True,False,False
14331690,15865900.958840732,1534210.9588407334,712,789.4877953799113,77.48779537991129,0.2135483209389304,1.8180572459503197,254.5172298299105,-0.807612682188104,88.10841662942134,266,37034.693835318016,382.883390852223,2135,83.86455290407291,2,9.78994573489128,82.70587420890054,0,78.39703285261518,2021,12,49,5,77.48779537991129,10.705024730794007,20096.44867430264,1.1088311732863922,1,0.000936768149882904,21.602967147384817,70.70240695006737,-0.07100000000000001,46.90977371916999,0,132.59024118416997,False,True,False,False,False,False,True,2,False,True,False,False
11625643,10673064.822747849,-952578.1772521512,269,386.642696577045,117.642696577045,1.7883386328305897,1.0840713796455417,144.17949268855392,12.394555622938142,30.71794120405389,243,7629.394588455882,176.20283284776048,7357,67.79377824454173,2,5.042662915527748,58.17828736681436,0,28.998322449593186,2021,12,49,6,117.642696577045,-8.193767667320861,27604.465097198758,1.4373334445243309,1,0.0002718499388337638,71.00167755040681,20.17508363147415,0.8870000000000001,19.732416145446567,0,110.13374904809761,False,True,False,False,False,False,True,1,True,False,False,False
46553994,68755379.34556156,22201385.345561564,475,702.9873329553907,227.98733295539068,0.725240180975383,3.348056282687588,51.67384736812664,2.7750350634775423,38.84892970136454,175,30212.153401863783,518.0846171719772,3247,59.43634720964295,4,7.184563233485522,53.174484740735295,0,95.74283252532472,2021,12,50,0,227.98733295539068,47.68953947444673,97804.57786701621,1.4799733325376645,1,0.0012319063751154912,4.257167474675285,64.69226871889471,1.0230000000000001,42.97681051357002,0,82.48718942945263,False,False,True,False,False,False,True,2,False,False,False,False
44099658,57361339.96480907,13261681.964809068,291,339.32446735517334,48.32446735517334,0.6977165034867263,4.853340138969353,158.67780208522757,19.414053730554244,61.34127604170095,81,8810.426985921045,773.299217043942,7548,76.52382895509092,2,5.854822039399377,92.72525461591002,0,80.52467039199094,2021,12,50,1,48.32446735517334,30.072074402048806,169045.69367456943,1.1660634617016266,1,0.00026497085320614734,19.475329608009062,69.056850709036,1.037,25.964608607781614,0,56.62659893167656,True,False,False,False,False,False,True,2,False,False,True,False
6296990,9193120.863341684,2896130.8633416835,768,839.1154386313258,71.11543863132579,1.072968295727461,0.8785762291841293,279.37542722160435,0.935569165756398,62.71250033656493,190,45668.55967740237,299.4974587786495,5516,92.57339758789846,7,5.48522140864994,78.19730641344388,0,27.770709234340725,2021,12,50,2,71.11543863132579,45.992305265558365,10955.728425562645,1.0925982273845387,1,0.0012690355329949238,72.22929076565927,25.41712821630531,0.14800000000000002,54.42464478057033,0,95.09442085069641,True,False,False,False,False,False,True,1,False,True,False,False
33650907,35646333.24913789,1995426.249137893,356,432.77368123052935,76.77368123052935,1.8873113566741404,2.985583100077517,220.98197851688863,17.96232871545449,30.778189082068035,210,45820.28386310596,297.9320932354368,5102,93.0266474925152,4,1.5823377715586606,82.45476368187107,0,60.260428061199,2021,12,50,3,76.77368123052935,5.92978444574434,82367.14660601056,1.215656407950925,1,0.0007840062720501764,39.739571938801,49.5702796177188,1.163,105.87585578869447,0,98.62215533925675,False,False,False,True,False,False,True,0,False,True,False,False
13299755,16849169.232429925,3549414.2324299254,522,685.2093154337482,163.2093154337482,0.1907845928946702,2.120925278729881,251.8183526011852,-1.3441816822122838,75.56021980496486,81,36420.48454159085,952.5043246120398,2548,46.509900704226304,6,2.298676620477515,65.36211253747871,1,20.178741528663203,2021,12,50,4,163.2093154337482,26.687816673539665,24589.81343790421,1.312661523819441,1,0.002354788069073783,79.82125847133679,15.372387445279324,-0.01200000000000001,53.15234880970075,1,54.664811436825765,False,False,True,False,False,False,True,1,False,False,True,False
33220741,43422829.92909476,10202088.929094762,839,892.7670710397648,53.7670710397648,0.769238852634416,2.2334436087233245,491.2916988038223,26.90360902171817,74.96420075389776,105,46678.50146477525,958.73835440726,7532,65.70101702878904,7,8.947519563093106,68.59774788688499,0,42.52913336138523,2021,12,50,5,53.7670710397648,30.709998097558273,48638.47619124458,1.0640847092249879,1,0.0009293680297397769,57.47086663861477,39.96780800690272,-0.17800000000000005,52.28519619390861,0,72.56034293268478,False,False,True,False,False,False,True,2,False,False,False,False
41483087,45238543.40556568,3755456.405565679,280,375.7274933360042,95.72749333600422,1.727486778498338,1.270736400639072,207.62256680119745,31.46657264427832,36.61223929427238,201,41515.38636861608,991.4191588554188,5511,67.88331737192496,4,4.69147883537623,54.11837235764879,1,69.36592316279686,2021,12,50,6,95.72749333600422,9.052982015455308,120402.53696609291,1.3418839047714437,1,0.0007258210851025222,30.63407683720314,51.69293924470434,0.7439999999999999,110.4933418633005,1,100.82364358156521,False,False,True,False,False,False,True,2,False,False,True,False
45857903,64607619.319650576,18749716.319650576,808,752.2434867291779,-55.7565132708221,0.8525035071273868,4.125674378307095,253.48232271204856,-3.928317116253642,40.20664118728223,140,42284.235916717225,826.8936414173021,3831,98.6569220514252,7,6.528992289263119,92.84940939008868,0,39.711491913589455,2021,12,51,0,-55.7565132708221,40.88655410093779,85886.57856058056,0.9309944142687845,1,0.0018271991647089533,60.288508086410545,42.65491962675135,0.736,56.21083686689382,0,66.88349722130859,False,False,True,False,False,False,True,2,True,False,False,False
2821367,4142604.35705909,1321237.35705909,783,727.8585527007228,-55.14144729927716,0.4783981054344273,2.4262780207362056,110.0819981087688,15.729132662053654,85.65915058216478,53,30636.853275646998,269.365752251151,4062,80.67988091455507,2,5.7540990944346255,79.62197250394675,0,69.10825561821711,2021,12,51,1,-55.14144729927716,46.82968777401486,5691.496433871575,0.9295766956586499,1,0.0004923682914820286,30.891744381782885,74.34379104055593,0.568,42.09176791557755,0,51.616484973265536,True,False,False,False,False,False,True,1,True,False,False,False
37927295,54270662.14866965,16343367.148669653,580,656.4281213906497,76.42812139064972,0.9071089445296824,2.71702926099132,71.58097959664444,-6.102056463981953,77.79700121856347,265,18772.663919727915,290.7833687193352,8975,64.43478503572423,6,4.409941415961113,54.18138315899703,0,32.03015181946857,2021,12,51,2,76.42812139064972,43.091307061760276,82675.71174997302,1.131772623087327,1,0.0006685236768802228,67.96984818053143,28.300871717584513,0.9499999999999998,28.598201856370554,0,127.50848342637445,True,False,False,False,False,False,True,1,False,False,True,False
30698493,41241589.1324436,10543096.1324436,207,230.2013704539415,23.201370453941507,0.8325497528341717,1.523804563986629,398.9342815666226,22.90003450481013,68.84579231437667,72,14800.960180238972,406.2027173701528,4052,41.56347315913558,7,4.49034888349838,90.22647998625004,0,74.90861024797603,2021,12,51,3,23.201370453941507,34.34401855636236,179154.4031693555,1.1120839152364324,1,0.0017275419545903258,25.09138975202397,67.3587750183854,-0.08799999999999997,64.2957083663424,0,56.323748045756034,False,False,True,False,False,False,True,1,False,False,False,False
31235640,33312148.10916238,2076508.109162379,716,779.9960293217287,63.996029321728656,1.8392907827867369,0.9090423283347489,306.8074287823904,4.542236386130496,25.75632550574204,78,19724.00099175181,386.31927820014175,8210,73.92310960595177,6,5.999185053178055,72.20576847584873,0,42.36306165279362,2021,12,51,4,63.996029321728656,6.6478807834972455,42708.09960164805,1.0893799292202915,1,0.000730816077953715,57.63693834720638,38.88731609284778,0.486,25.287309486566834,0,40.28956856756176,False,False,False,True,False,False,True,2,False,True,False,False
2578315,2756140.419360949,177825.4193609492,237,283.123010251519,46.12301025151902,1.5476753139118844,0.4295519410141024,392.31716271975273,19.019345126128933,49.27848566318031,147,33282.2943540078,960.874974170208,4539,45.764558538301365,1,2.2702762132816927,88.25506750850066,0,81.14331438202935,2021,12,51,5,46.12301025151902,6.896962526337906,9734.780712145108,1.194611857601346,1,0.0002203128442388191,18.856685617970655,67.92441734586204,0.06799999999999995,117.55418369012354,0,79.28934923679277,False,False,False,False,False,False,True,0,True,False,False,False
41981642,62049546.653982505,20067904.653982505,677,739.5819811349602,62.58198113496019,1.059719555913612,3.5705957046245795,117.43825949894824,18.460355516136016,59.151131045377895,198,12769.544112457952,810.1665845935242,1526,90.06699744086578,7,4.485331362289906,50.6309931044574,1,22.30209232460322,2021,12,51,6,62.58198113496019,47.80161922676227,83898.13196741417,1.0924401493869427,1,0.0045871559633027525,77.69790767539678,20.414932879498014,1.091,17.265894029573097,1,102.48344596845418,False,False,False,False,False,False,True,2,True,False,False,False
26076068,23629368.729218896,-2446699.2707811035,476,483.30886151448703,7.308861514487035,1.977904076770985,0.981171408439278,307.3229470322109,40.83948904065903,33.118790158864385,79,16638.81064867947,751.6079129453985,3807,85.15111963422173,5,5.022780124624652,51.43698484860613,1,42.57801544170567,2021,12,52,0,7.308861514487035,-9.382930243858482,48890.82450335046,1.0153547510808552,1,0.001313370107696349,57.42198455829433,41.93412735438619,0.584,34.42686855883508,1,53.787483759857025,False,False,False,True,False,False,True,2,False,False,False,False
19126806,25431574.754704613,6304768.754704613,313,339.8183813188393,26.818381318839272,0.9840273094242542,3.4503767709439885,164.139113453619,20.19957724127976,51.37586074757572,139,26062.7388257959,267.36690165231863,2753,67.63054959449073,9,9.866136013085118,58.53914793910723,1,51.75392083972157,2021,12,52,1,26.818381318839272,32.96299839452867,74838.72607480608,1.0856817294531607,1,0.0032691609153650564,48.24607916027843,47.669514403442285,0.912,76.69608313901706,1,77.07263139665665,False,False,True,False,False,False,True,2,True,False,False,False
46447478,61484742.05872197,15037264.058721974,510,757.3207074799319,247.3207074799319,0.2106518785585229,1.9518822302347691,152.62781760500897,22.064916384507363,62.0718114242083,197,15487.2544336077,918.5730034260966,7882,65.75264677250198,2,4.16309292357146,60.54582780703399,1,48.1460972050519,2021,12,52,2,247.3207074799319,32.37476975331571,81187.19249513092,1.484942563686141,1,0.0002537427048972342,51.8539027949481,32.4228683199279,0.2,20.45006069508286,1,104.0410183426147,True,False,False,False,False,False,True,2,True,False,False,False
47523237,60526246.879187055,13003009.879187057,428,490.7739254842771,62.77392548427707,0.5983212114484713,2.078874004948257,55.18670632384337,12.090921917040916,42.91636760807795,193,31488.96513722277,845.0833415555564,2654,93.84033793412613,3,6.8012100629278205,88.19777651550689,0,48.97850540683061,2021,12,52,3,62.77392548427707,27.361372456987844,123328.16340937847,1.146668050196909,1,0.0011303692539562924,51.02149459316939,42.71376131777621,0.6769999999999999,64.1618543734789,0,93.70218685753566,False,False,False,False,False,False,True,2,False,False,False,False
12199747,18227218.75483302,6027471.75483302,729,850.617368597836,121.61736859783603,0.928533912416694,2.3458874804638583,108.65332560608236,42.199378175054925,74.66613732653411,116,46542.92128053484,247.27765719513133,5841,57.3075010250877,6,2.2367394984382134,85.33470820082991,0,50.03230000105653,2021,12,52,4,121.61736859783605,49.40653076521194,21428.223109150596,1.1668276661150014,1,0.001027221366204417,49.96769999894347,42.87891130284992,0.782,54.71663640874926,0,81.45965465047671,False,True,False,False,False,False,True,0,False,False,True,False
6440107,7001218.462450811,561111.4624508107,254,316.4654564685538,62.46545646855378,0.3981149858776281,1.838542540637716,189.1706501748629,32.74522501917853,78.83147071471637,226,38664.02145664069,884.0532987648752,5041,54.94119772640624,2,1.589332436471972,80.80440595649141,0,98.9923172709386,2022,1,52,5,62.46545646855378,8.712766145823519,22123.1680088487,1.245926993970684,1,0.00039674667724657806,1.0076827290614006,79.45274301783675,0.20600000000000002,122.17453964199917,0,123.87300872016847,False,True,False,False,False,False,True,0,False,True,False,False
49726898,54897655.91623005,5170757.916230053,833,1241.1737160534303,408.1737160534303,1.9003737400156815,0.5030998861129504,102.59544226592256,5.697290966656286,42.65266286038495,150,34989.19763670109,345.0227827334241,6024,96.35184596954572,0,8.843878126011074,94.24294482416694,0,27.384139294268927,2022,1,52,6,408.1737160534303,10.3983118275949,44230.4370501726,1.490004461048536,1,0.0,72.61586070573108,18.378561950746338,0.9309999999999999,28.190411369615937,0,74.50498614811238,False,False,False,True,False,False,True,2,False,True,False,False
8081530,7656147.691856806,-425382.3081431938,347,362.6013857539259,15.60138575392591,1.557012905853769,1.5481590500142288,493.6362981849219,36.43152721769276,78.70600081447199,107,31222.466419270044,172.78277124889544,9965,88.55475020520896,5,7.576614121651178,62.35743918281831,0,79.17974474577439,2022,1,1,0,15.60138575392591,-5.263635823206668,21114.502019726253,1.044960765861458,1,0.0005017561465127947,20.820255254225614,75.77293553265532,0.08799999999999997,86.10685906329853,0,77.34125840964944,False,False,True,False,False,False,True,2,True,False,False,False
49494716,57694945.2081369,8200229.208136901,682,892.5806396298719,210.58063962987197,0.609745680812768,3.3186718034696923,188.8846918357778,13.781799810179947,27.25035962721105,281,26957.65591656792,691.140075862789,9734,89.23753558403168,2,3.8574935883511214,95.22024519522242,1,59.66099029959922,2022,1,1,1,210.58063962987194,16.567888192624242,64638.356072860115,1.3087692663194603,1,0.0002054653790836244,40.33900970040078,45.58556793389465,0.6359999999999999,30.20192766868269,1,124.7096478312173,False,False,False,False,False,False,True,2,False,True,False,False
27635617,29200597.55366443,1564980.553664431,534,710.0014958107685,176.00149581076846,1.22252861368404,3.328922007344355,108.64577601604768,35.576692894347666,78.64103690358594,221,13395.373683559686,688.4241934458976,5417,51.711628856555535,9,5.5412020260750605,95.47355346325912,0,47.22655762988687,2022,1,1,2,176.00149581076846,5.662911574090895,41127.51554180817,1.3295908161250345,1,0.001661436219309581,52.77344237011313,35.51961780807434,1.1549999999999998,18.866683750099956,0,122.66531893938009,False,False,True,False,False,False,True,1,False,False,True,False
47433552,52463027.39631108,5029475.396311082,404,510.8154386306392,106.81543863063922,1.4707533985081869,1.4311215361999718,139.58704077258096,35.25884375614261,30.69253021673316,74,45261.97049420895,185.43880860905628,9977,48.59775948585607,5,2.221697660066547,71.7129880093432,1,67.0175845457738,2022,1,1,3,106.81543863063922,10.603202130658657,102704.4670712196,1.2643946500758396,1,0.0005011526510975244,32.9824154542262,53.00369195785036,0.8029999999999999,88.6072876253394,1,49.385412191862734,False,False,False,False,False,False,True,1,True,False,False,False
31110314,43577556.87023683,12467242.870236829,843,803.5029241882146,-39.49707581178541,1.888429964922916,2.30051313278844,314.46645275366444,0.3878602719569919,25.804900675680823,72,16184.120090577637,386.9666280429241,5635,41.56177298902809,9,7.364442645827742,54.71931002100845,0,86.81782987898235,2022,1,1,4,-39.49707581178541,40.07430741533766,54234.47203289718,0.9531470037819865,1,0.0015971606033717836,13.182170121017649,91.08545642434838,0.7919999999999999,20.141955434609752,0,36.65782828429134,False,False,False,True,False,False,True,2,False,True,False,False
20674922,30212071.40963335,9537149.40963335,710,927.3475895025476,217.34758950254752,1.7751071634332802,0.9672361400596874,78.81958573915483,28.56276222609673,64.92427831087079,285,9108.899491017231,993.5330160299848,3883,54.2224905351208,2,1.6329753287869506,86.32799540947624,0,51.99745275577774,2022,1,1,5,217.34758950254763,46.12907081164973,32579.015410866446,1.306123365496546,1,0.0005150656708730364,48.00254724422226,39.81052183076901,1.0050000000000001,9.822529970562034,0,142.04611216109026,False,False,False,True,False,False,True,0,False,False,False,True
26059572,26357689.41762019,298117.4176201895,325,304.9984686520542,-20.001531347945782,1.078865229662606,1.0518604076491789,438.0953585635206,5.98536331185921,53.0356156028706,236,38750.68306529128,710.5840003078632,6884,86.45142950285948,5,7.813297512470817,66.84643363235395,0,87.83212320649609,2022,1,1,6,-20.001531347945786,1.14398432031113,86419.08772233655,0.9384568266217053,1,0.000726321905868681,12.167876793503908,93.59207660375567,-0.139,127.05205779081636,0,112.10629367441895,False,True,False,False,False,False,True,2,False,False,False,True
37755905,42418961.5988305,4663056.598830499,420,528.227947686574,108.227947686574,1.571839977606733,0.115235442033037,482.67485565671626,6.362096849596753,83.5523420288983,178,12902.699044902489,757.0676499429962,1448,54.40230512584898,3,5.92152859242988,89.74647587183654,1,18.44185014631449,2022,1,2,0,108.227947686574,12.35053589320796,80304.2735330618,1.2576855897299382,1,0.0020718232044198894,81.5581498536855,14.66332308878127,-0.17999999999999994,24.426384672395926,1,98.17433166354851,False,False,True,False,False,False,True,2,False,False,False,True
32397110,47208366.88212855,14811256.882128552,523,702.7805734121828,179.78057341218278,1.1680750322724116,4.483732749538723,161.0363393003214,6.299144228431942,45.423243726359445,146,21735.31997935292,291.6255570438751,4310,83.74619701569257,3,3.509654770780883,58.18451419519016,1,68.7775799793789,2022,1,2,1,179.78057341218278,45.717833726923644,67173.693565432,1.3437487063330456,1,0.0006960556844547563,31.2224200206211,51.183364609195394,1.2039999999999997,30.927605004535454,1,73.91671638643743,False,True,False,False,False,False,True,2,False,False,False,True
10314823,9665866.699147074,-648956.3008529264,214,219.68853395560163,5.688533955601628,1.1501373910865262,1.0535333253745311,252.5428708658867,29.906253615797148,40.10065844063401,192,6272.821773094088,170.9038639035229,5585,55.11449592204529,9,8.76316918655311,76.97575567871826,0,39.98620551887769,2022,1,2,2,5.688533955601628,-6.291492358646643,43998.0481689614,1.0265819343719702,1,0.0016114592658907788,60.01379448112231,38.95081744579887,0.29499999999999993,28.553250641482297,0,97.80207361692936,False,False,True,False,False,False,True,2,False,False,False,True
24284876,23202166.783487607,-1082709.2165123932,881,1237.7813931871103,356.7813931871103,0.3180097208425646,1.1376693846823165,59.96050296327368,2.6404322985894844,55.05144343009388,177,11168.057414320165,349.2115207668439,9108,63.7175498770403,9,9.87464683304969,75.40368651591055,0,44.80437945449477,2022,1,2,3,356.7813931871103,-4.458368313317282,18744.9632957766,1.4049732045256644,1,0.0009881422924901185,55.19562054550523,31.889846233488317,0.318,9.022641215799837,0,88.107562718605,False,True,False,False,False,False,True,2,True,False,False,False
45976489,45869574.97472359,-106914.0252764076,180,165.27821099756446,-14.721789002435544,0.3396615502306889,1.398007163225659,338.31960112724965,-9.950179061465038,51.91623300380629,130,12794.163384196045,324.0085466738728,5409,98.98973739468452,1,3.289141910778742,55.01572452848068,0,61.39177758138733,2022,1,2,4,-14.721789002435543,-0.2325406476262413,277529.47407810175,0.9182122833198025,1,0.00018487705675725643,38.60822241861267,66.86011361057484,-0.25800000000000006,77.40986126952076,0,64.58981618270236,True,False,False,False,False,False,True,1,False,False,False,False
36004423,45262157.4929597,9257734.4929597,332,466.8875224407346,134.8875224407346,1.1061138685426692,0.637040358477145,236.266726123665,29.33802694154482,44.10996323520318,275,7448.455748758008,311.0896906732478,8873,54.68870387704813,3,8.256215346273393,68.16664128363293,0,53.19251184678151,2022,1,2,5,134.88752244073459,25.712770047612487,96944.45732099246,1.4062877181949838,1,0.00033810436154626394,46.80748815321849,37.82477167265304,0.22800000000000004,15.95342644802313,0,132.0343970530244,True,False,False,False,False,False,True,2,False,False,False,False
33057821,32736610.14022785,-321210.85977214575,608,715.1280376744807,107.12803767448064,0.6108369354601125,3.196314415906814,171.52630974570008,-0.5848390890681099,68.561890908883,258,34549.56304802804,273.4788896983356,7051,62.58223763789606,3,7.751496847388116,54.2377656723364,1,44.3601494658869,2022,1,2,6,107.12803767448065,-0.9716637396401581,45777.27122360323,1.176197430385659,1,0.0004254715643171181,55.6398505341131,37.71488384508867,0.651,48.31241571842085,1,123.59311554594447,True,False,False,False,False,False,True,2,True,False,False,False
22945770,33979147.79472048,11033377.794720478,687,707.9897488398238,20.989748839823847,0.1399701146748904,0.3757147658879328,143.07669977747383,-4.253468258069094,73.16932837397358,229,42665.35081114028,617.2801215898639,9576,58.06523082791282,6,7.724711089951024,73.23701547561237,0,37.74910796377583,2022,1,3,0,20.989748839823847,48.08458288704401,47993.841507453726,1.0305527639589867,1,0.0006265664160401002,62.25089203622417,36.62996139931574,-0.124,60.26266747654975,0,112.27475803477137,True,False,False,False,False,False,True,2,True,False,False,False
45454950,53092686.900485806,7637736.900485806,305,298.9814005338962,-6.018599466103808,1.4733944874104037,0.6710121316317513,344.3103849464422,3.063386632673307,79.70887783210956,235,21799.193286467344,395.2931282576396,1294,46.577499179800135,4,9.615120503356245,92.14522793068964,0,65.6483772008379,2022,1,3,1,-6.018599466103808,16.802871635511217,177578.5610933566,0.980266886996381,1,0.0030911901081916537,34.3516227991621,66.96990184172186,0.18199999999999994,72.91153646193426,0,118.83167933943486,False,False,False,False,False,False,True,2,False,False,True,False
1424528,1710731.0262130213,286203.02621302125,670,986.2294813681136,316.22948136811374,0.1617245337113134,3.223783632950465,237.2976639645415,10.89452872774872,88.099962329724,218,44355.94145231904,838.3105135427774,2238,69.39364852784949,7,5.379553830717931,63.51023816520659,0,55.50216866466627,2022,1,3,2,316.2294813681136,20.091077621009994,1734.6176103353423,1.4719843005494233,1,0.003127792672028597,44.49783133533373,37.70567977114287,0.25900000000000006,44.97527430511178,0,116.89834731724181,True,False,False,False,False,False,True,1,False,False,False,False
28701434,30078964.18924214,1377530.1892421397,661,623.7191720346868,-37.280827965313165,1.2310259980977036,1.6983031024072135,130.8466800634604,16.17484801102604,38.66593344927532,221,14600.595855205693,265.5526760626456,9041,62.72143979998013,6,7.067512365009892,88.24309935937188,1,39.09782129597924,2022,1,3,3,-37.280827965313165,4.799516948324392,48225.17174054313,0.9435993525486942,1,0.000663643402278509,60.90217870402076,41.43476910022742,0.764,23.408925859334833,1,104.85223443809042,False,False,False,True,False,False,True,2,False,False,False,True
31248531,36953767.52878476,5705236.528784759,524,534.194971227855,10.194971227855037,1.1244682088418974,3.5397391335059454,360.0990866690708,-7.548647760805305,70.1265437742973,53,19642.569060255777,518.1643637816901,3816,81.6932251484368,9,8.414896272632237,59.171370780622816,0,28.44649169898029,2022,1,3,4,10.194971227855035,18.257615146084017,69176.55447756458,1.0194560519615554,1,0.0023584905660377358,71.55350830101972,27.903597849309772,0.559,36.77041177513716,0,39.9733688040476,False,False,False,True,False,False,True,2,True,False,False,False
12103831,15700462.347620685,3596631.347620683,400,443.4773633839311,43.47736338393105,1.9407479120978284,2.7871237233507102,304.2825273665121,43.38153329450483,47.59807648470216,254,11783.164686402575,112.292052783472,2098,89.05567281709277,8,5.315828005387237,83.68674637453258,0,79.70213763673769,2022,1,3,5,43.477363383931106,29.714817958220703,35403.07497956405,1.1086934084598277,1,0.0038131553860819827,20.29786236326231,71.88834805779005,0.9560000000000001,26.569934926309983,0,128.8938829337621,False,False,False,False,False,False,True,1,False,False,False,True
26778005,36169219.57754462,9391214.577544622,204,259.5167455128411,55.51674551284111,1.0200049647605192,1.2801058653075654,436.40242471827327,29.383467938075697,67.39573803657757,245,32925.16379385494,533.5140902096728,2737,72.65498286973832,7,5.332880825308053,95.77686999652248,0,81.9743432075099,2022,1,3,6,55.51674551284111,35.07062821724256,139371.42863775216,1.272140909376672,1,0.0025575447570332483,18.025656792490096,64.43810005895965,-0.127,126.87105692848546,0,127.03376179239598,True,False,False,False,False,False,True,1,False,False,False,False
41004651,55451444.47893547,14446793.478935473,707,867.404620374121,160.404620374121,0.220842729117815,3.2541397524466404,102.8641544944218,7.775673592838487,53.31871832444542,184,23894.131589163808,150.25439878882696,3189,41.93178532524021,8,3.867892786606162,66.1964040782885,0,29.24093142821824,2022,1,4,0,160.404620374121,35.23208496259478,63928.00219927196,1.2268806511656591,1,0.002508623392913139,70.75906857178177,23.833558219731017,0.6140000000000001,27.546696233711565,0,91.92831757518519,True,False,False,False,False,False,True,1,False,True,False,False
32279524,40244001.62495732,7964477.624957316,361,352.1143804565072,-8.885619543492794,1.1482071388322772,0.5813684014644033,403.5499708750053,7.5283491506968545,89.56411719375521,95,32597.75060788544,979.9511606853793,3765,77.1353413740833,0,8.027431415444207,95.02058190443093,0,33.54841119201403,2022,1,4,1,-8.885619543492794,24.67346676164532,114292.41138286375,0.9753860954473884,1,0.0,66.45158880798597,34.39500660159206,-0.1190000000000001,92.57716360696003,0,67.12773990333561,True,False,False,False,False,False,True,2,False,True,False,False
39819913,57444838.23657298,17624925.23657298,678,728.0613437847057,50.06134378470574,1.6980827241705927,2.682051915400152,353.0825540677666,14.669840215265268,71.02314950535249,58,39275.37074273826,811.5329157853715,2222,43.32344380125635,9,7.175762017170009,75.27104632631972,1,31.52287202513382,2022,1,4,2,50.06134378470574,44.26158649963143,78901.09635261714,1.0738367902429289,1,0.004050405040504051,68.47712797486618,29.355366021686176,0.7030000000000001,53.94513948312622,1,48.90789691618533,False,True,False,False,False,False,True,2,True,False,False,False
14618723,20326526.038676582,5707803.038676582,820,855.4658713743239,35.46587137432391,1.994013640134736,2.185740525225173,101.75492157264402,24.443465251966813,86.67439103040272,264,29556.63572148268,541.1003289728098,7549,76.98137941594149,2,5.0602590955094495,65.84025665828287,1,89.61127710188873,2022,1,4,3,35.46587137432391,39.04447083836654,23760.767926394994,1.0432510626516145,1,0.00026493575307987813,10.388722898111268,85.89617620338214,1.323,34.55033883934998,1,138.93535688471087,False,False,True,False,False,False,True,2,False,False,True,False
9527835,12902869.214345748,3375034.214345748,221,227.2157825054193,6.215782505419298,0.9176520300092376,1.339367914087204,362.6693284422743,-1.9494813376067728,78.447868463683,210,33243.36597058045,177.92862236141525,1410,81.1017969561513,4,4.77402991658863,94.82541175557655,0,79.67173429556655,2022,1,4,4,6.215782505419298,35.422886881917535,56786.85288526559,1.028125712694205,1,0.0028368794326241137,20.32826570443345,77.4922106429832,-0.013999999999999901,146.3074686274822,0,106.94951613782287,False,True,False,False,False,False,True,1,False,False,False,True
19550271,18247505.710769627,-1302765.2892303728,660,756.8131572460749,96.81315724607488,0.7085676107438107,3.0200249886975006,248.69627999592367,0.3911397570723771,83.20307078143597,82,47086.26414774498,633.2008967113728,3945,51.8660576570511,8,1.6533067885220678,51.60186333848641,0,16.711617092498262,2022,1,4,5,96.81315724607487,-6.6636686991723675,24110.978431148655,1.1466866018879922,1,0.0020278833967046894,83.28838290750174,14.573831302278219,0.48,62.2164978197321,0,57.87826316155251,False,False,True,False,False,False,True,0,True,False,False,False
22970075,20767859.884819508,-2202215.1151804924,618,817.2548626209865,199.2548626209865,1.822641264208798,4.356667961701413,475.2431535001294,37.2689020558453,77.00934380502724,133,18457.89393239794,782.8873756316898,9102,89.16076892330626,7,1.0585103214557396,51.40094256364052,1,84.93993548443771,2022,1,4,6,199.2548626209865,-9.587322266821037,25411.72996905238,1.3224188715549943,1,0.0007690617446715008,15.060064515562289,64.23073453614533,0.8180000000000001,22.585235985262102,1,87.48347375826177,True,False,False,False,False,False,True,1,False,False,True,False
43635177,44833764.02615552,1198587.026155524,581,598.7040921709284,17.704092170928448,0.4633600452446306,4.994523498815384,113.72510777805468,4.094020813898991,52.1411391263138,181,21162.37723852789,271.6455277042708,5786,94.66510789444293,9,5.76004569878659,79.99148021031664,0,13.316663865321246,2022,1,5,0,17.704092170928448,2.7468366317283794,74884.67944754851,1.0304717593303416,1,0.0015554787417905289,86.68333613467875,12.922880947242223,1.046,35.346972762107136,0,89.27054798206385,True,False,False,False,False,False,True,1,False,False,False,True
34836286,45221476.01119013,10385190.011190131,725,812.0053126707969,87.00531267079691,1.2693149385625606,3.0388138437171226,339.2750258670821,10.910724888634764,37.62519173428191,114,37296.651276920165,611.3875067087417,1786,88.78521784682917,6,4.757435671164395,89.83753586651171,0,32.78798118847114,2022,2,5,1,87.00531267079691,29.811415634807144,55691.10855007893,1.1200073278217888,1,0.0033594624860022394,67.21201881152885,29.274791667870442,0.585,45.93153603176113,0,60.160774986875005,False,True,False,False,False,False,True,1,False,False,False,False
41216746,47264004.87306583,6047258.873065829,524,594.5044389988614,70.50443899886136,0.8708574059438006,2.023529371645851,221.89102045832567,37.91995180225644,45.92241228153655,295,32508.748267492403,832.7898085445812,3109,58.30655141272493,1,8.164330839115879,87.57731537190531,0,92.70922456869536,2022,2,5,2,70.50443899886136,14.67184933295275,79501.51718405647,1.1345504561046973,1,0.000321646831778707,7.290775431304638,81.7145011663898,0.4159999999999999,54.682095094591325,0,143.1527092251379,False,True,False,False,False,False,True,2,False,True,False,False
15284503,17446400.506487466,2161897.5064874664,224,332.8357575561191,108.83575755611912,0.178056493415555,1.126035501081008,480.566601765895,26.47313061699024,21.41653628479653,155,13033.980704287167,791.4229998816847,6446,75.19858074673806,5,5.883886506764093,53.97347516758028,0,87.78981652895885,2022,2,5,3,108.83575755611912,14.144375557958714,52417.446474469754,1.485873917661246,1,0.0007756748371082842,12.210183471041148,59.082951443914794,-0.698,39.160397909138474,0,76.36690007053603,False,False,True,False,False,False,True,2,False,False,True,False
49122025,70281442.04297239,21159417.042972382,825,1215.059846655139,390.0598466551389,0.7598481011808257,1.2854804469755587,198.4887028806244,8.794153363792859,56.6795217225267,83,21926.62895047206,822.6928160804376,6835,94.88890895147368,3,9.43035439044003,97.51255967667788,0,80.32910632521534,2022,2,5,4,390.0598466551389,43.07521329377685,57841.95917299522,1.4727998141274412,1,0.0004389173372348208,19.670893674784665,54.54176837522636,0.258,18.045719320601766,0,52.84210252589587,False,False,False,True,False,False,True,2,False,False,False,True
40384827,58046634.71365895,17661807.71365895,200,276.0165099302492,76.01650993024913,0.6039341927550816,2.3972748907488284,482.9836592713101,27.60347501485414,55.35404601892861,268,26052.71059061217,891.3910823827479,2986,59.239883573371,4,2.765267189748987,85.15317688187578,1,51.17925061983247,2022,2,5,5,76.01650993024919,43.73377088791033,210301.31396244245,1.3800825496512459,1,0.0013395847287340924,48.82074938016753,37.08419516844535,-0.20399999999999996,94.38823278069788,1,132.08725631013482,False,False,True,False,False,False,True,1,True,False,False,False
26826151,38777339.651379816,11951188.651379816,813,849.5812215755986,36.58122157559865,1.4035731924926251,1.836388506403546,455.6686329953371,-8.917423154022245,56.767532538134176,134,23872.542708577523,943.9138919435233,9126,89.2016693359255,4,9.911353063465356,97.45560268638695,1,38.927269091800696,2022,2,5,6,36.58122157559865,44.55051584321514,45642.88695019053,1.0449953524915112,1,0.00043830813061582295,61.072730908199304,37.25114087731497,0.1519999999999999,28.09918828514651,1,67.95503281523358,False,True,False,False,False,False,True,2,False,False,False,True
19434369,21150945.51600197,1716576.516001966,249,234.26477472529547,-14.735225274704533,1.9027019456146448,4.569072613124721,171.67245588979534,30.46034630062509,88.18218574804447,137,13022.366374491836,464.9690396831824,8300,40.56850787570179,3,3.681272748808957,66.4548879487051,0,89.3391253786411,2022,2,6,0,-14.735225274704533,8.832684590901662,90286.49544432823,0.9408223884550019,1,0.00036144578313253013,10.6608746213589,94.95854528435689,1.569,55.58823937470829,0,90.39275961460086,False,True,False,False,False,False,True,1,True,False,False,False
44428295,58406924.4059068,13978629.405906804,227,247.4623435575491,20.462343557549104,0.6092896560194117,1.841477338278548,411.5937995718925,16.78588222839317,83.80178024183874,256,46599.3541302918,611.8921922705895,6709,40.218802167080575,3,6.781815762159754,84.69695639914087,0,69.13666812422909,2022,2,6,1,20.462343557549104,31.46334876435568,236023.48367934153,1.090142482632375,1,0.00044716053063049635,30.86333187577091,63.419845777667774,-0.16899999999999993,188.30886938341305,0,132.57629874106956,False,False,False,False,False,False,True,2,False,True,False,False
49964527,53111288.35192749,3146761.351927489,670,710.2514088723999,40.25140887239991,1.6417852843881953,1.8672229557271771,498.0218908115777,34.72501810064537,31.31989448310756,276,39304.34427622891,811.5935734410498,3403,85.58269962033805,3,5.516683422549862,92.99693733667426,0,36.595796954301406,2022,2,6,2,40.25140887239991,6.297990876462194,74778.15276177677,1.0600767296602984,1,0.000881575080811049,63.404203045698594,34.5218378352938,0.19699999999999995,55.33863612974561,0,130.2134737751259,False,True,False,False,False,False,True,1,False,True,False,False
8083610,8199738.331643372,116128.33164337184,730,878.5955004641205,148.5955004641205,0.2051836521829781,1.917672562169885,163.69835097707704,42.50507086035576,45.82177650891224,241,26661.012444853357,727.4258325512048,9262,85.68685492762727,1,4.236187611243245,69.02321115771467,0,51.68762901689034,2022,2,6,3,148.5955004641205,1.4365899844669874,9332.779791510242,1.2035554800878363,1,0.00010796804145972792,48.31237098310966,42.94578012566412,0.16599999999999998,30.345036402724123,0,122.8980542107804,False,False,False,False,False,False,True,1,False,False,False,True
17411413,17599098.880847957,187685.88084795696,466,636.852723654955,170.85272365495496,1.122429919075645,4.183101051838291,246.54972619549383,40.91837022220126,49.676932562428334,202,35602.74627380764,995.9682054379408,5401,87.33863127113763,0,2.25378264938902,98.2429959384285,0,89.33502000354572,2022,2,6,4,170.85272365495496,1.0779474408421477,27634.48789202808,1.3666367460406759,1,0.0,10.664979996454278,65.36851892967233,0.9219999999999999,55.90420665782865,0,107.9785908353889,False,False,False,True,False,False,True,0,False,False,False,True
30321828,33513642.262389068,3191814.262389068,189,267.4338212688625,78.43382126886252,0.2340451210487997,3.2539416042345093,284.0813314550419,40.00957739004375,45.23730424961534,104,45377.72024609848,112.30988599417972,7701,95.80161027328974,1,2.213507363069905,63.24963956102705,0,91.31098924703994,2022,2,6,5,78.43382126886252,10.526457251815648,125315.64670235328,1.4149937633273149,1,0.0001298532658096351,8.689010752960058,64.53101887341533,0.18399999999999994,169.6783152960984,0,67.17406449189772,False,False,True,False,False,False,True,0,True,False,False,False
18256299,21140330.018417247,2884031.018417246,721,1014.388203348586,293.388203348586,1.8746626831482147,3.070844251594464,182.71901111173892,18.169347576363798,75.89471745227391,186,11127.836406270704,419.6198937842116,4295,47.07437870921705,6,7.403552446403758,65.78068130106104,1,69.33718845745565,2022,2,6,6,293.388203348586,15.797457186789318,20840.473054232225,1.406918451246305,1,0.0013969732246798604,30.662811542544347,49.283018781958525,1.249,10.969997846521403,1,102.61921950859131,False,False,True,False,False,False,True,2,True,False,False,False
27560140,38544771.29229698,10984631.292296983,453,505.45981754042987,52.45981754042987,1.5560674330590414,1.6707151119193109,56.86917784071339,9.807816277641592,56.68263689073108,66,16266.787281813997,352.9251336431822,9953,53.9190990990213,0,4.398772446786802,96.01642883135192,0,75.93002746453304,2022,2,7,0,52.45981754042987,39.85695026330412,76256.84565759558,1.1158053367338407,1,0.0,24.06997253546696,68.04952886028816,1.085,32.18215715141961,0,46.3471359505118,False,False,False,False,False,False,True,1,False,False,True,False
2901740,2820301.6689441046,-81438.33105589543,779,1022.3133321335232,243.3133321335232,1.3501048312887254,4.089520884162197,149.05815988888702,15.576942860187003,60.04698718801375,198,29421.556126549025,336.0842651489811,3121,94.22349522242844,5,9.651681767196484,98.48298732513516,1,13.53680499059232,2022,2,7,1,243.3133321335232,-2.806534391637274,2758.744878205059,1.3123406060764098,1,0.0016020506247997437,86.46319500940768,10.315008868821172,1.25,28.77939199437762,1,101.88717901446023,False,False,True,False,False,False,True,2,False,False,True,False
40202825,53910199.63847618,13707374.638476178,560,609.112290368138,49.11229036813802,1.6654031250868622,0.1918193067785056,176.8715979537913,27.94428018223484,79.71094912915478,237,40955.46671085614,300.2768042489972,4582,50.634171866341205,3,3.9308363785570415,64.25978741525748,0,64.41404568734693,2022,2,7,2,49.11229036813802,34.09555084369364,88506.17610407055,1.087700518514532,1,0.0006547359231776517,35.58595431265307,59.22038703752473,0.546,67.2379581868284,0,127.09656879341689,False,True,False,False,False,False,True,1,False,False,True,False
47205667,57537710.52284035,10332043.52284035,508,475.7640095780837,-32.23599042191631,1.33028761158331,4.353985861690566,249.61986559318424,38.61987772791528,76.4149707390751,190,6631.470294868732,738.2114567337062,5197,80.93375605459504,1,9.851713495731666,56.81950198214293,0,72.00933115338793,2022,2,7,3,-32.23599042191631,21.887294851358313,120937.50129158751,0.9365433259411097,1,0.00019241870309794111,27.990668846612067,76.88841419165259,1.046,13.938570722803606,0,110.51045454009711,True,False,False,False,False,False,True,2,False,False,False,True
33791816,36250752.02265845,2458936.0226584524,658,869.1779668600417,211.1779668600417,1.9409943546311528,2.563749498969648,126.99611528603084,1.3842466650065752,29.25480659742098,180,49280.81675883623,176.28352594778966,6700,71.82778000244892,2,2.8488093093573648,87.95277048552988,0,11.833943237220849,2022,2,7,4,211.1779668600417,7.276720560559552,41706.938515269205,1.3209391593617654,1,0.00029850746268656717,88.16605676277915,8.958734513509784,1.327,56.69818913710638,0,81.19171597872827,False,False,False,False,False,False,True,1,False,False,True,False
31973687,38230673.785993546,6256986.785993546,194,175.74392711912333,-18.256072880876676,1.456520100943066,1.991251174317064,442.9644605112527,40.50062371539367,69.9740208858544,245,25470.797129707877,767.4479505490045,8232,44.99162061109043,6,1.925329476079482,96.4832633150224,1,85.94730891606301,2022,2,7,5,-18.256072880876673,19.56917507196948,217536.24385598203,0.9058965315418728,1,0.0007288629737609329,14.052691083936992,94.8754144910757,0.22799999999999998,144.93130742687444,1,131.14239338037441,False,False,True,False,False,False,True,1,False,False,False,True
25530166,27571691.89907458,2041525.8990745803,695,796.1291389701897,101.12913897018971,1.856851358206269,2.4858364035884284,367.2100097291012,34.8349127583439,50.48052902314249,53,21165.40132797753,724.0832578146461,5288,57.11581971649197,5,3.813127601706614,80.03568218509373,0,93.5456510485667,2022,2,7,6,101.12913897018973,7.9965241866213495,34632.18534462783,1.1455095524750931,1,0.0009455370650529501,6.454348951433303,81.66291660025303,0.706,26.58538708350185,0,46.79463253444592,False,False,False,False,False,False,True,1,False,True,False,False
8395873,10559062.7362635,2163189.7362635005,370,406.1221977850608,36.12219778506079,1.0825505948202123,3.3370776526691555,88.3402149018479,43.8370808348029,40.62542321437503,284,18172.59970278973,325.7237192508068,2085,71.22233298645807,5,8.9702631048573,81.72594772031233,0,31.41428071769092,2022,2,8,0,36.12219778506079,25.76491731429835,25999.71829624506,1.0976275615812454,1,0.002398081534772182,68.58571928230907,28.62016390371559,1.131,44.74662995990072,0,138.93875121475338,False,False,False,False,False,False,True,2,False,False,False,False
39139378,45413668.97378055,6274290.97378055,347,456.6612035196251,109.66120351962508,0.3224223846655391,0.0638271325894868,342.5416030129691,38.4138475304928,23.501317463153043,269,12846.051844289224,327.55040484864514,9645,91.14100700103003,7,5.696667500457562,88.147166708615,0,86.1216339427268,2022,2,8,1,109.66120351962508,16.030635371314663,99447.18014966842,1.3160265231113115,1,0.0007257646448937273,13.878366057273197,65.44065216795217,-0.546,28.130377061333093,0,126.17454949809375,True,False,False,False,False,False,True,2,False,True,False,False
45238976,45177601.070560016,-61374.92943998426,700,951.8230985593592,251.8230985593592,1.1035376707037323,4.357759282291239,344.1454143825292,5.396553133054866,54.10746922418157,56,40620.82590185125,665.974526810052,3621,82.45230937688042,7,2.2208509534348724,57.65424094207041,0,69.89613244382478,2022,2,8,2,251.8230985593592,-0.1356682552672816,47464.283162426924,1.3597472836562274,1,0.0019331676332504833,30.103867556175217,51.40376692342486,0.7279999999999999,42.676865021802136,0,40.25120670717093,False,True,False,False,False,False,True,0,False,False,False,True
48278684,46827902.04973376,-1450781.950266242,800,865.9654252662162,65.96542526621624,0.3410583733198772,2.233697626556964,480.29952813963246,-4.172424876077377,44.8805676507172,75,47993.637413574346,785.9539949353101,9810,77.31298968729598,5,2.822491446436856,98.67344482473698,1,62.26262377751786,2022,2,8,3,65.96542526621624,-3.0050155266581875,54075.94885827903,1.0824567815827704,1,0.0005096839959225281,37.73737622248214,57.51973181458324,-0.378,55.422117342410154,1,42.21244283239194,False,False,False,False,False,False,True,1,False,False,False,True
45855106,56310868.4706959,10455762.470695898,316,438.28448193874425,122.28448193874424,1.2257376104351696,1.714832598500391,51.35939211027256,-3.8267410404626254,37.60591277734805,252,23614.01396804292,888.837051778629,9828,69.76197339648489,0,3.8013459593460697,68.21646923642973,0,85.88133763202337,2022,2,8,4,122.28448193874425,22.801740924327813,128480.17849412713,1.3869762086669122,1,0.0,14.118662367976626,61.919834742203655,0.951,53.87827984140966,0,110.93375152106563,False,False,True,False,False,False,True,1,False,False,False,False
8873491,12790674.257488163,3917183.257488163,333,358.42456874888575,25.424568748885747,1.0167368150025595,0.6912278281702855,161.56960241261322,6.0172825218051855,68.62702107178703,73,47858.93126390553,866.9256074690281,3348,57.92103902884806,9,6.31150064031437,81.41202129711313,1,35.704948217068335,2022,2,8,5,25.424568748885747,44.1447819971662,35685.81892177537,1.0763500563029602,1,0.002688172043010753,64.29505178293167,33.17224541215471,0.357,133.5258111098845,1,51.59329107807766,False,False,False,True,False,False,True,2,True,False,False,False
19317940,21372878.370876107,2054938.3708761076,567,662.1402276674282,95.14022766742823,1.2828932558822852,2.1973268717922108,467.506165718892,23.780104819149656,73.86397711209109,284,42070.89269457653,968.3946947474678,5874,47.15469467915567,6,3.991410458898586,73.43080102499964,0,81.17705599181686,2022,2,8,6,95.14022766742823,10.637461193461142,32278.477394687183,1.1677958159919368,1,0.0010214504596527069,18.822944008183143,69.51305603271433,0.139,63.53773858867156,0,142.89322457937223,False,False,False,False,False,False,True,1,True,False,False,False
6875293,9211518.00371217,2336225.00371217,388,518.4499130888904,130.4499130888904,0.11908926400418,2.481613856421894,469.4602619292274,34.23761793534449,37.135266332059736,59,26647.30073643432,623.2464058028601,4036,64.54456207396574,7,7.723486738803945,73.40904898824225,0,38.30686909013829,2022,2,9,0,130.4499130888904,33.98000643335738,17767.42125161243,1.3362111162084804,1,0.001734390485629336,61.69313090986171,28.668276012277627,-0.4129999999999999,51.398023345536814,0,45.011865280221265,False,False,False,False,False,False,True,2,True,False,False,False
47505570,61529062.86203157,14023492.862031572,451,593.4042140282278,142.40421402822778,0.4701969341451918,2.018233472467389,374.2638887167868,39.45876688398606,23.46132056755431,278,35331.17806067597,917.7900052063236,3349,41.71110963467756,4,6.546642005667669,85.13721860598608,0,80.87108886172663,2022,3,9,1,142.40421402822778,29.519681296386025,103688.28095161568,1.315752137534873,1,0.0011943863839952225,19.128911138273367,61.46377159853423,-0.14700000000000002,59.53981657938697,0,130.0760262354621,True,False,False,False,True,False,False,2,False,False,True,False
30486438,44477668.88321478,13991230.88321478,322,480.559588850717,158.55958885071703,1.0335278206330487,3.393300469134485,394.593494471393,24.3064361403078,79.41268903956646,62,24574.288062670832,827.6619459343697,6743,52.66335335601104,3,8.86441363618006,99.73311494361272,0,50.59486051808118,2022,3,9,2,158.55958885071698,45.893294858568844,92553.90988989611,1.4924210833873197,1,0.0004449058282663503,49.40513948191882,33.901196573320306,0.42000000000000004,51.13681764511558,0,55.91573755396228,False,True,False,False,True,False,False,2,True,False,False,False
43618713,60742922.92321155,17124209.923211552,790,817.7263254783517,27.72632547835167,1.905956767019356,2.10448264379613,91.1673310683412,-9.690277798857045,20.697181884301237,174,30142.55336956486,905.2008618826122,5432,65.94900255235959,6,5.508656437234278,82.95299252479757,1,20.52509243437724,2022,3,9,3,27.72632547835167,39.25886103794844,74282.70440930013,1.035096614529559,1,0.0011045655375552283,79.47490756562276,19.829156183363313,1.2819999999999998,36.86141980562034,1,72.90207122563328,False,False,False,True,True,False,False,2,False,False,True,False
28054353,34786364.06699415,6732011.066994153,248,321.7529055346899,73.75290553468989,0.828857176674801,4.807087889232867,281.2441256502051,0.247422708519343,85.59787457450304,221,7612.085165832672,110.46394115682996,7175,65.1163111403149,5,3.98058772690961,89.70295657863676,0,44.33678742753914,2022,3,9,4,73.75290553468989,23.996315534327785,108115.15131211038,1.2973907481237494,1,0.0006968641114982578,55.66321257246086,34.17381193110694,0.8089999999999998,23.658170710790902,0,114.15358918490672,False,False,True,False,True,False,False,1,False,False,True,False
35648748,46137261.99591728,10488513.995917285,426,539.2346957552887,113.23469575528873,0.9063068495019058,2.996387589117959,154.2123460800497,-4.515058788064764,63.93339117878941,283,36331.85638852399,969.3126926792298,8265,42.65772585981954,5,9.966444110228837,51.38080286311351,0,31.01439504787756,2022,3,9,5,113.23469575528873,29.421829894046443,85560.63316974495,1.2658091449654665,1,0.0006049606775559589,68.98560495212244,24.501636104646476,0.806,67.3767038258455,0,131.0254997172174,False,False,False,True,True,False,False,2,True,False,False,False
5300915,7628185.677907386,2327270.677907386,440,637.585991985368,197.585991985368,1.457922569112582,4.037389678259545,131.54811962612777,9.982846156295553,42.52926446409242,88,7377.109001786152,526.1771465618305,7103,75.34360921151747,2,4.200699896266202,90.52136845324092,0,19.04783957075972,2022,3,9,6,197.58599198536797,43.903187995042096,11964.167616283587,1.449059072694018,1,0.0002815711671124877,80.95216042924028,13.144971057216413,1.329,11.570374968268515,0,50.9536331861164,False,False,True,False,True,False,False,1,True,False,False,False
49632668,56566911.11710011,6934243.117100112,258,256.40485952662664,-1.5951404733733625,1.2472062388436242,0.5467795155473942,414.6364846054996,17.574304649856025,37.253453670371535,196,41768.82261138423,818.3646906173586,8358,72.98105535119417,9,4.857423758024608,64.99879408841485,0,19.925836158129847,2022,3,10,0,-1.5951404733733625,13.971127075216089,220615.59683983237,0.9938172849869249,1,0.0010768126346015793,80.07416384187016,20.04979834738133,-0.10799999999999998,162.90183691720048,0,94.84832749606828,False,True,False,False,True,False,False,1,False,False,False,False
7760403,8505997.869433688,745594.869433688,837,1130.8530377533575,293.85303775335774,0.6679596851868331,1.9864564647295289,110.76716150624634,-7.613155178179154,20.630396498513267,228,42122.611825725086,214.4837074040028,3031,44.68625824125477,3,8.282145028222795,56.33509225173324,0,80.20642586536448,2022,3,10,1,293.8530377533575,9.607682351466645,7521.753566079974,1.3510788981521595,1,0.0009897723523589574,19.79357413463552,59.36472398100586,0.559,37.2485286942406,0,95.10517239610024,False,False,True,False,True,False,False,2,False,False,False,False
49710324,45061745.08217803,-4648578.917821974,802,995.2508581485314,193.2508581485314,0.8805511515781127,1.6842385072357635,260.8932366483733,9.16628866876104,36.48299919076141,68,15668.477940029656,456.3469862325767,2249,96.58978314762636,4,1.7977261050378337,55.66670427238529,0,89.32580672702208,2022,3,10,2,193.2508581485314,-9.351334981888217,45276.7708897097,1.240961169761261,1,0.0017785682525566918,10.674193272977917,71.98114566647303,0.251,15.743244842991423,0,40.894786357856745,True,False,False,False,True,False,False,0,False,False,True,False
41174673,57476987.81857937,16302314.818579368,784,834.8028251482308,50.8028251482308,0.5136296178287416,2.847411940682959,472.3602078137149,-0.1451178956072585,29.64098110619988,125,19564.82514661101,344.31459671889183,7808,45.96296673705161,8,4.478410954526632,83.99374070848134,1,93.44162074892536,2022,3,10,3,50.802825148230795,39.593064451487855,68850.97425056454,1.0647995218727433,1,0.0010245901639344263,6.558379251074641,87.75513026581993,-0.124,23.43646254807176,1,58.84875896317779,True,False,False,False,True,False,False,2,False,False,False,False
2636675,3640162.972941625,1003487.9729416248,704,834.0013077357663,130.00130773576632,1.9354407723473963,4.305567600307128,133.62442500440417,25.588859144238064,62.85163545062019,101,26658.9670351232,362.4928934508433,4556,91.29004907424016,7,1.7713908409445556,99.8808418020275,0,86.85515550974092,2022,3,10,4,130.00130773576632,38.05884202420188,4364.696960517147,1.1846609484883044,1,0.0015364354697102723,13.144844490259075,73.3164671466322,1.6260000000000001,31.965138169267078,0,66.93214837845748,True,False,False,False,True,False,False,0,False,False,True,False
16125440,15523521.038611744,-601918.9613882564,800,880.212766593503,80.21276659350303,0.3482053249589835,0.3916910888100333,490.0970406822056,15.534980312838702,31.65819120156609,263,31849.830811961667,210.9300579557936,9519,40.018583914900354,2,2.253752800054821,83.30975491864498,0,84.72016875568976,2022,3,10,5,80.21276659350303,-3.732728913990914,17636.1007562854,1.1002659582418788,1,0.00021010610358230907,15.279831244310245,76.99971822364166,-0.768,36.18424092531988,0,119.35795145432144,True,False,False,False,True,False,False,0,False,False,False,True
26872497,33486206.246349808,6613709.246349808,509,635.0223132115959,126.02231321159591,0.8064898906761969,0.3628739902235539,497.4295935924766,17.242470581364984,57.00408862756335,224,17930.91477838985,825.1874492887063,9988,92.93686570272298,5,1.0417674294820625,63.11740750333878,1,16.19522663649454,2022,3,10,6,126.02231321159593,24.61144286796202,52732.33010820497,1.2475880416730765,1,0.000500600720865038,83.80477336350546,12.981229456781222,-0.548,28.236668862398048,1,111.8739677626785,False,False,False,True,True,False,False,1,False,False,True,False
18579065,21893366.17743179,3314301.1774317883,368,527.4913348678782,159.4913348678782,0.1490940472180212,4.251588540787995,300.0277196070813,13.523048341840358,61.30814956411296,278,31661.888208436627,108.31808312297034,6299,41.18318393225876,9,1.085898633241377,60.165298550146986,0,81.11112352495392,2022,3,11,0,159.4913348678782,17.83890189001324,41504.69349968652,1.4334003664887995,1,0.0014287982219399905,18.888876475046075,56.586509548368895,0.281,60.02352288188211,0,133.649359371786,False,True,False,False,True,False,False,0,False,False,True,False
11117273,10797378.55341472,-319894.44658527896,274,340.19373943736605,66.19373943736605,0.5213810346737382,1.064250430191787,126.56423307972106,42.58108407676119,40.862918884284014,169,18400.41829531845,381.2549112866822,4094,85.46872191352696,0,4.422591005525668,76.29785496340203,0,80.4954393690806,2022,3,11,1,66.19373943736605,-2.8774542694533167,31738.910220017886,1.2415829906473212,1,0.0,19.5045606309194,64.83291086898096,0.268,54.08805678126301,0,92.63320088831357,False,False,True,False,True,False,False,1,False,False,False,False
25147347,37427825.97784249,12280478.977842487,796,1018.1106269927766,222.1106269927766,1.5828951629222945,3.3437662722490686,192.24719957340304,1.810431881685977,22.45454643131031,207,7497.082448197731,256.9694888947735,3977,61.701448678015176,2,8.282474244529986,53.251964967535166,0,21.816135469415187,2022,3,11,2,222.1106269927766,48.83409362364343,36762.04234150287,1.2790334509959504,1,0.0005028916268544129,78.18386453058481,17.056735656465843,1.13,7.363720846664851,0,90.0794934938989,False,False,True,False,True,False,False,2,False,False,False,True
35590323,36615948.28895549,1025625.2889554872,187,226.5035084462704,39.503508446270416,0.4822329413488709,2.7143906618040257,241.0217747044408,18.41653429141309,22.607771642993725,95,5113.739742435902,630.1350465475065,1962,84.29300800817919,9,6.283039245325238,69.96654164635936,0,69.58083087411691,2022,3,11,3,39.50350844627039,2.88175324780134,161657.31180116034,1.2112487082688257,1,0.0045871559633027525,30.419169125883087,57.44553566836422,0.3299999999999999,22.576867694077897,0,50.307291780322046,True,False,False,False,True,False,False,2,False,True,False,False
26589001,25002714.708997265,-1586286.2910027355,246,228.95202875135223,-17.04797124864774,0.2521204648050346,4.164467974436147,189.19590096120032,30.480955260093477,21.84431325357423,253,9551.797606329288,328.8271623530895,6725,64.10471232549871,6,6.71422639723879,83.31174520028938,0,50.72566028133534,2022,3,11,4,-17.04797124864777,-5.965949194566337,109205.03672911697,0.9306993038672855,1,0.0008921933085501858,49.27433971866466,54.50273796333326,0.577,41.71964606918939,0,116.89758055410032,True,False,False,False,True,False,False,2,False,True,False,False
10031370,12608513.494388442,2577143.4943884425,675,701.8077155348182,26.80771553481816,1.0014610417045942,0.6254445491820176,176.2860109444321,20.62644272240094,71.73872669955824,270,40651.28150738082,333.0986090752897,6489,44.254475339910506,6,5.673243138263978,98.3831137904242,0,91.00121711248636,2022,3,11,5,26.807715534818158,25.690842770114575,17965.766427603357,1.0397151341256565,1,0.0009246417013407304,8.998782887513642,87.52514426849562,0.297,57.92367425941191,0,135.70955082658776,False,False,False,False,True,False,False,1,False,True,False,False
8611432,11567908.88831824,2956476.888318239,370,442.2243839339224,72.22438393392235,0.1189415459955851,0.6489148286130564,487.5033691473609,41.09614871442406,42.26067933700087,198,48264.409057250174,539.5043295957869,2268,86.05040172372185,1,8.378138297535028,71.28267239078026,1,72.58675261561007,2022,3,11,6,72.22438393392241,34.33200062798198,26158.46006819635,1.1952010376592497,1,0.0004409171075837742,27.413247384389933,60.73183533857043,-0.835,109.14008998757944,1,104.2070484154275,False,True,False,False,True,False,False,2,False,False,False,True
33985192,31248230.84583317,-2736961.154166825,545,591.9469377845185,46.94693778451847,0.261055693410033,2.7840918013915377,119.01417233708554,10.788259560270628,75.74101301773645,124,24213.478967654868,687.4201354068331,6279,44.2751611192819,2,8.92340852667557,60.01119702036533,0,95.5888782736827,2022,3,12,0,46.94693778451847,-8.053393237168791,52788.90530760412,1.0861411702468229,1,0.00031852205765249244,4.411121726317305,88.00778470809679,0.5029999999999999,40.90481328998631,0,75.55878177340213,False,False,False,True,True,False,False,2,True,False,False,False
43710916,56615715.224469125,12904799.224469123,700,706.3407110597017,6.340711059701675,1.6344891521696527,4.731893266791855,379.997558922588,15.502169317524793,50.22129766899944,173,28070.777905247425,209.17423410864723,1372,95.32722615767308,6,8.647666553308378,90.86812016863922,0,19.443038074717933,2022,3,12,1,6.340711059701675,29.523058323621328,80153.5496085597,1.0090581586567167,1,0.004373177842565598,80.55696192528207,19.268500936161093,1.0020000000000002,39.74112983397726,0,88.91704009595728,False,False,True,False,True,False,False,2,False,False,False,True
21481913,26194510.36187756,4712597.361877561,296,355.93399272471464,59.93399272471464,1.565799355233252,2.0749887918537717,50.18463024762869,-5.131272663189937,51.70986705809747,278,11608.167608304177,257.9603072189465,5380,43.05844214749968,5,8.309188952227352,87.20997624303082,0,13.654658300715386,2022,3,12,2,59.93399272471464,21.93751255708726,73593.73057165921,1.202479705151063,1,0.0009293680297397769,86.34534169928462,11.355416845891801,1.184,32.61325932778252,0,125.17357831847227,False,False,False,False,True,False,False,2,False,False,False,False
14722816,14162745.434943425,-560070.5650565773,446,487.7839007266448,41.78390072664479,1.8387637587693024,1.6347105012734748,318.2822012310696,23.494951107856068,55.90178217567016,97,29796.410870607066,322.45727013506587,8617,68.75951666629092,6,2.6444176620695545,92.9851944102372,1,97.62214219844914,2022,3,12,3,41.78390072664479,-3.8040994674970836,29034.876743257377,1.0936858760687103,1,0.0006962980155506556,2.37785780155086,89.25976309519066,0.619,61.08526916575101,1,62.61901998505787,False,False,False,False,True,False,False,1,False,False,True,False
15374288,15428318.262629958,54030.26262995787,790,833.3430228641986,43.34302286419859,1.723579328230424,3.033446615989429,462.1743517793236,5.851658264645833,69.91220194625727,111,11509.470590313958,976.3733927061644,7279,83.38206585104774,9,6.34488602828699,60.73593637714461,1,17.217294530041393,2022,3,12,4,43.34302286419859,0.3514326167817194,18513.766647499913,1.0548645859040489,1,0.001236433576040665,82.78270546995861,16.321805433714207,0.564,13.811204119470428,1,67.12915806327094,False,False,True,False,True,False,False,2,False,False,True,False
33439573,41491306.48633487,8051733.486334868,664,782.4517903082477,118.45179030824772,1.3980335701556543,4.652243002725156,179.57034234194856,-1.1830028266437136,39.14520060807949,107,32504.644903947352,457.43724994862833,1095,63.594787887522266,8,6.239468764885332,70.24160979249176,0,44.75762388192066,2022,3,12,5,118.45179030824772,24.078457838964834,53027.30085132698,1.1783912504642284,1,0.0073059360730593605,55.24237611807934,37.98197234092526,1.2990000000000002,41.542041703479406,0,54.18865933443074,False,False,False,True,True,False,False,2,False,False,False,False
32762785,35312206.96478938,2549421.964789383,688,674.2197417363211,-13.780258263678888,0.1994324288712594,4.184639164223118,133.48668886597363,19.949221109747945,28.51111446734688,67,46996.64004113842,639.0910815679239,5369,53.03400847554608,7,5.7514960337287695,99.07772188615188,0,68.49735600254994,2022,3,12,6,-13.780258263678888,7.781456810797321,52374.92286097957,0.979970554849304,1,0.001303780964797914,31.502643997450065,69.89736136825375,0.69,69.70522684504574,0,41.33810067312845,False,False,False,False,True,False,False,1,False,False,False,False
33963575,49688351.47423717,15724776.474237174,477,694.8208288061816,217.8208288061816,1.5874123741746493,4.977418053666099,343.25590769529214,19.27706448589508,58.924013463402304,157,13806.434268636782,317.3885314443801,4941,85.54545768376163,5,5.327315103670894,57.90211598881868,0,89.20510060006754,2022,3,13,0,217.82082880618157,46.29894371907894,71512.46683207536,1.4566474398452445,1,0.0010119409026512851,10.794899399932461,61.24000781516821,1.0979999999999999,19.87049566772278,0,86.26032338478922,False,False,False,False,True,False,False,2,False,False,True,False
6277420,8733423.774820663,2456003.774820663,343,487.2730917517794,144.27309175177942,1.7064705405970648,0.1128429160118854,370.6706332842769,-5.827059732677385,42.88843362699175,236,39405.36731256959,541.4135726417392,8021,87.05768228732359,3,1.8025342946774516,83.57254095777189,0,32.91195863925334,2022,3,13,1,144.27309175177942,39.124413769043066,17923.05777325692,1.4206212587515434,1,0.00037401820221917467,67.08804136074666,23.16729982499115,0.12,80.869163472386,0,105.5184121682943,False,True,False,False,True,False,False,0,True,False,False,False
27372008,40788132.86713778,13416124.867137782,555,735.1376550515984,180.13765505159836,1.6182560769667136,0.5642907235638112,359.6137335283916,28.401849942196,50.97439195676262,268,6057.609026824582,166.70725694736225,4944,95.36169903726204,9,1.9194691051559976,61.8592230773632,0,12.6152390696521,2022,3,13,2,180.13765505159836,49.014032390819786,55483.66702053225,1.3245723514443213,1,0.0018203883495145632,87.3847609303479,9.524009055372755,0.19400000000000006,8.240101680547715,0,131.0128725696876,False,False,False,True,True,False,False,0,True,False,False,False
41826435,44160454.78005298,2334019.7800529823,832,801.8219427321574,-30.178057267842632,1.0661101670852495,3.04733881683311,193.6925960096183,24.307470485796905,65.28626958361139,278,21897.375859472944,131.26793133009426,6868,62.56990662586466,8,9.120534133965611,75.00795031412721,0,56.915811144927055,2022,3,13,3,-30.178057267842632,5.5802503370248555,55075.13878901722,0.9637282965530738,1,0.0011648223645894002,43.084188855072945,59.057943352390325,0.8029999999999999,27.309524337609204,0,138.0781220208225,False,False,False,False,True,False,False,2,True,False,False,False
16020740,23740080.11574712,7719340.1157471165,447,610.3902796487716,163.39027964877164,0.5425134934340151,4.102882196669249,163.4910809716989,0.3959505510573464,54.58880187988894,97,9983.682852372907,521.8601741393142,6396,70.37510406983961,6,6.671677952090787,90.0254822897844,0,52.40008182450172,2022,4,13,4,163.39027964877164,48.18341796787864,38893.28009844381,1.3655263526818158,1,0.0009380863039399625,47.59991817549828,38.37354125139434,0.784,16.356228441445165,0,55.29542572928389,False,False,False,True,True,False,False,2,False,False,False,False
2760511,3198715.404679298,438204.40467929794,728,1008.1157609180196,280.11576091801953,1.7061269538085808,1.4262217115338327,480.1634599829199,15.81891741847241,63.419517197059,112,20861.394871806475,458.79335876657086,9041,61.78770657076432,4,3.3608549304820574,74.42930262779095,0,37.62038639701716,2022,4,13,5,280.11576091801965,15.874032187493473,3172.9643843346466,1.3847743968654116,1,0.00044242893485233934,62.37961360298284,27.16715912871802,0.17700000000000005,20.693451764715473,0,68.57153038465943,False,False,True,False,True,False,False,1,False,False,True,False
4541815,5034653.146402764,492838.1464027641,253,344.2466689690365,91.24666896903648,1.4816093385062632,1.1960554401710937,465.4847787214683,29.6177604063208,58.09400014795395,61,12809.161383749755,223.1922877226449,1131,55.42490931108209,1,3.513703502921106,90.2740846655955,0,88.65094307513043,2022,4,13,6,91.24666896903648,10.851127718825275,14625.132500136435,1.3606587706286026,1,0.0008841732979664014,11.349056924869572,65.15295751496542,0.040999999999999925,37.20925295257362,0,50.71352816628243,True,False,False,False,True,False,False,1,False,False,True,False
9434610,8776165.890384197,-658444.1096158028,687,665.2767386705513,-21.723261329448743,1.963446231338818,3.934878996906004,255.79247445176912,19.11896572977021,71.78574603552694,264,21798.72455552993,718.8412860286603,8290,85.0619776922565,8,6.491753484837671,71.3167452720173,0,77.43899544249112,2022,4,14,0,-21.723261329448746,-6.979028381838812,13191.752214156706,0.9683795322715447,1,0.0009650180940892642,22.56100455750888,79.96760863051404,1.2730000000000001,32.766401240919954,0,132.87141352958915,False,False,False,False,True,False,False,2,False,False,True,False
25167060,23447121.84628085,-1719938.1537191458,252,324.158883108646,72.15888310864602,0.3958159357362725,0.2819092692661579,430.787239769468,11.75189919009636,69.4155632398134,83,23788.526274838867,993.613141809338,7516,60.379110701017325,6,4.662414771720959,99.96764649350165,0,87.2304744879322,2022,4,14,1,72.15888310864602,-6.834084528423859,72332.18976270425,1.2863447742406589,1,0.0007982969664715274,12.769525512067801,67.8126706266795,-0.64,73.38539066617476,0,57.55023872897293,False,True,False,False,True,False,False,1,False,False,False,True
5610146,7378501.90770246,1768355.90770246,487,682.0897053179742,195.08970531797425,0.5287627077989046,1.8469132379129256,253.5455649354332,7.728615194451901,57.39329242660335,238,18526.600525141326,456.0821390770412,6906,65.68896651954113,8,4.971917538865851,71.79141171101051,0,24.562806352947927,2022,4,14,2,195.08970531797422,31.52067535679927,10817.494898655266,1.400594877449639,1,0.0011584129742253113,75.43719364705207,17.537409816659228,0.11499999999999999,27.161530779158525,0,114.73657228631657,False,False,True,False,True,False,False,1,False,False,False,True
38693721,45455734.9490645,6762013.949064501,378,471.14375139662064,93.14375139662064,0.5024164847748551,2.5290461129616486,240.97505813262967,23.57166266542295,67.52321146017948,151,34547.98772629081,662.102772325655,1807,64.22041945744166,8,1.5458499148007712,57.46897393189132,0,72.31707630463069,2022,4,14,3,93.14375139662064,17.475739666041683,96479.5453920787,1.2464120407318007,1,0.004427227448810182,27.68292369536931,58.02020033613561,0.303,73.32791239166292,0,87.72846223768073,False,False,False,True,True,False,False,0,False,True,False,False
6351826,6579938.972291048,228112.97229104768,309,397.94392736728776,88.94392736728776,1.60582555848054,2.801743371751617,120.5433264196826,41.65097840706324,81.1491721590829,136,46348.342306650935,966.6783481280372,1050,82.75967353880475,9,2.248652683987703,70.09347578246245,1,97.75915618769716,2022,4,14,4,88.94392736728776,3.5912975621663388,16534.839508225497,1.2878444251368535,1,0.008571428571428572,2.240843812302842,75.90913489205711,1.2089999999999999,116.46953030111979,1,91.24004516984384,False,False,True,False,True,False,False,1,False,False,False,True
14698156,18642879.20504164,3944723.205041636,751,882.4385838294935,131.4385838294935,0.4551238632552244,3.643075783963885,241.88272542138776,26.94596622626159,50.2589901451718,230,23026.79183473725,848.3814752021877,6277,95.0677375666408,4,4.540153839072963,87.1296592321115,0,65.0722502627823,2022,4,14,5,131.4385838294935,26.838218379514,21126.54585448618,1.1750180876557836,1,0.0006372470925601402,34.927749737217695,55.37978601895781,0.4809999999999999,26.094497970395334,0,115.16148691143002,False,False,False,False,True,False,False,1,True,False,False,False
40944891,43062350.75412955,2117459.754129552,794,966.4761671927628,172.47616719276266,0.2266536766642815,1.774228617153291,291.8376223699131,-5.888975300002647,48.89341509241555,74,13655.442041375964,517.1970009724172,1055,80.00536367844263,6,7.297177779412916,92.39688788793144,0,25.422792876593757,2022,4,14,6,172.47616719276277,5.171487095006679,44556.03998928284,1.2172243919304317,1,0.005687203791469194,74.57720712340624,20.885872025843163,-0.15499999999999997,14.129103753318315,0,42.50133193772387,False,False,False,True,True,False,False,2,True,False,False,False
36338438,45298735.61524562,8960297.615245618,666,613.1369925973495,-52.86300740265051,1.9972655325126945,3.063421723373036,60.126947342908906,15.337673541517358,73.49719345966662,239,17182.524118819252,763.7405360139275,4664,68.29495576565395,4,1.4322284883992182,73.00516495881311,0,99.6202355021321,2022,4,15,0,-52.86300740265051,24.657905260665352,73880.28476858442,0.9206261150110353,0,0.0008576329331046312,0.379764497867896,108.2092218304474,1.604,28.023956026582646,0,122.2504601003552,True,False,False,False,True,False,False,0,True,False,False,False
15900526,17737438.212495416,1836912.2124954164,330,423.5146783507104,93.51467835071035,0.1471527017457833,2.926877113954782,249.8508523289329,38.99532723308452,60.77876859293959,181,43430.0370573366,215.3215362254716,1743,86.75230688433301,2,4.011020135479749,79.72384205292198,0,57.54912234025404,2022,4,15,1,93.51467835071043,11.552524818961437,41881.51938811228,1.283377813183971,1,0.0011474469305794606,42.45087765974596,44.84191774944174,0.15900000000000003,102.54671036778659,0,102.33222874780725,False,False,True,False,True,False,False,1,True,False,False,False
39467910,55023450.09612893,15555540.096128931,848,804.6403419190218,-43.35965808097819,1.6869637143018448,2.738080503268736,401.6102982778401,-4.804566580940222,24.9704746155812,271,30723.78754715665,560.8934699174192,7030,78.45827944732825,9,7.255647567410643,92.24450339131452,0,85.60531164486224,2022,4,15,2,-43.35965808097819,39.41313359670915,68382.66394262697,0.9488683277346955,1,0.0012802275960170698,14.39468835513776,90.21832549647243,0.6189999999999999,38.18325523411137,0,114.4497724103923,False,False,False,False,True,False,False,2,False,True,False,False
10017497,13948540.09703564,3931043.097035639,385,446.9883712925917,61.98837129259164,0.7941969989462403,3.202416465711061,356.02072536842144,44.38816416756488,82.44784109837569,271,25475.49645381308,351.15424946194287,9131,43.63662142706881,7,8.128457114052623,90.677308999916,0,23.44253026873882,2022,4,15,3,61.988371292591694,39.241769646006794,31205.59950295696,1.1610087566041343,1,0.0007666192092870441,76.55746973126118,20.191518914384858,0.32399999999999995,56.99364477904329,0,146.4508015797822,False,True,False,False,True,False,False,2,True,False,False,False
9303143,11037344.10890378,1734201.1089037787,358,385.0623149789592,27.062314978959197,1.699069373539849,1.2972458553403814,335.8206449887708,42.19881665049817,22.15481715663481,190,11733.652467901702,245.047319106545,1079,45.739815185130496,7,2.71198633685782,82.88619526805664,0,69.94865959821293,2022,4,15,4,27.062314978959193,18.641023887344097,28663.786819821333,1.0755930586004447,1,0.006487488415199258,30.051340401787073,65.03264319056662,0.44399999999999995,30.472087273829587,0,95.3060901421399,False,False,False,True,True,False,False,0,False,False,False,False
45310148,50316532.659118645,5006384.659118645,376,461.4485455677624,85.44854556776244,1.1537789333011754,0.4232437679231449,459.2999427967411,-5.694903559856828,72.38774493468202,219,25237.728874570188,483.6528156290814,3966,42.275016644418,8,7.583384187041115,90.75135521254276,0,92.13559283834776,2022,4,15,5,85.44854556776238,11.04914656010094,109040.39711992073,1.2272567701270276,1,0.002017145738779627,7.864407161652238,75.07442214298092,-0.2660000000000001,54.69240095559929,0,107.60785241244756,False,False,True,False,True,False,False,2,False,False,False,False
46787926,52287185.959189184,5499259.959189184,268,262.6533467521317,-5.346653247868289,1.813099336024084,0.5963583601987171,58.11440442135351,41.33773262472552,73.1155899893019,98,17532.1401510824,217.913098990253,4728,67.4089795723792,5,9.598705246711264,78.79553791843185,0,57.881603720074544,2022,4,15,6,-5.346653247868289,11.753587793545677,199072.98576527587,0.9800498013139243,1,0.0010575296108291032,42.118396279925456,59.05985965455466,0.993,66.75011138398946,0,73.53599678420824,False,False,True,False,True,False,False,2,False,False,False,False
33580457,46456168.4900862,12875711.490086198,613,806.0864432457864,193.08644324578643,1.8597666741877907,1.1229119132695051,300.6714137865053,9.97229246427042,86.71777596973513,127,47442.34075340071,729.086597357037,5536,89.55120606033789,1,9.161309350868034,50.23240844626403,0,35.9794054526324,2022,4,16,0,193.08644324578643,38.342871540093086,57631.745179866644,1.3149860411839909,1,0.000180635838150289,64.02059454736761,27.36105504225517,0.5570000000000002,58.855152758021156,0,79.80702053020167,True,False,False,False,True,False,False,2,False,False,False,True
7679155,8423324.169733617,744169.1697336175,362,498.4765058208637,136.47650582086374,0.1172865444334744,2.5009896776139264,404.3069817843682,36.45900418917244,23.78940858816245,233,44783.15492370791,510.616039648002,1125,58.784990161081126,2,8.104384696397581,52.06333922011116,1,21.467964516182786,2022,4,16,1,136.47650582086368,9.690768967856716,16898.136765468116,1.377006922157082,1,0.0017777777777777779,78.53203548381721,15.59030980218546,-0.274,89.84005143825479,1,111.27452383320048,True,False,False,False,True,False,False,2,False,False,True,False
6737580,6908954.553059863,171374.55305986293,388,387.2289159002068,-0.7710840997931996,0.2432831343862977,4.202213752730101,293.6009222155702,13.011083574229932,61.77998025491437,224,8775.61438226891,578.0301693081974,6813,63.0496109855489,9,7.410940174372044,98.99041996190915,0,36.63501987144973,2022,4,16,2,-0.7710840997931996,2.5435624224107607,17842.041927572314,0.9980126698458938,1,0.001321003963011889,63.36498012855027,36.70797072857467,0.33799999999999997,22.662600911060277,0,112.03731914874331,False,True,False,False,True,False,False,2,False,True,False,False
23802311,22631546.850834224,-1170764.1491657756,672,646.8590368202789,-25.140963179721098,0.5756815861846254,3.5064667104419205,195.75299866117064,14.247031198638371,49.9488399438937,185,28249.40701675593,231.7383448013413,9410,94.56862650207344,5,3.1162447721779327,57.24960210013526,0,41.93957826341722,2022,4,16,3,-25.140963179721098,-4.918699487481596,34986.829529479226,0.9625878524111293,1,0.0005313496280552603,58.06042173658278,43.569610979782524,0.634,43.67165859755106,0,93.25876134275961,False,True,False,False,True,False,False,1,False,False,False,False
15773394,18612855.28367964,2839461.283679642,309,305.0785705087764,-3.921429491223592,1.3716992910906531,3.945203021010236,111.31275429139004,24.88337000376485,43.14430684016794,104,15127.625548160244,225.79449498414505,1947,90.21420671899928,0,6.70512904343301,70.22582044117314,1,73.89595947068466,2022,4,16,4,-3.9214294912235914,18.001587253064507,61010.03834074341,0.9873092896724156,1,0.0,26.10404052931534,74.84580591275808,1.3250000000000002,49.585998527959724,1,62.00830305317984,False,False,False,False,True,False,False,2,False,False,False,False
1225391,1457332.1008964905,231941.1008964905,844,1203.7773973454014,359.77739734540137,1.7877171733718615,1.7548781196304568,449.4033823172861,32.59625806017908,26.322299220935115,265,23484.96902859308,625.0738917341116,1594,79.9028867429536,1,6.789465944292664,96.6905637504984,0,26.07592663266417,2022,4,16,5,359.77739734540137,18.927925935190522,1210.6325505946813,1.426276537139101,1,0.0006273525721455458,73.92407336733584,18.282518118799462,0.34199999999999986,19.5093952423286,0,123.67556718433426,False,False,False,False,True,False,False,2,True,False,False,False
49448102,69452095.61081484,20003993.61081484,192,233.64740295433225,41.64740295433222,0.9738897074585292,2.023268708242751,261.84307657442133,-8.141596697846325,59.38578837699164,67,44458.15992131554,986.5087730465016,6030,56.00822692553508,7,4.661391988834192,59.75197423665247,0,19.549437014386687,2022,4,16,6,41.64740295433225,40.45452262417441,297251.7337348263,1.2169135570538139,1,0.0011608623548922056,80.45056298561332,16.064770501625844,0.359,190.278853345548,0,42.17325750374359,False,True,False,False,True,False,False,1,False,False,False,False
7698541,7950616.005225946,252075.0052259462,813,959.6299138524598,146.62991385245982,1.2532489209211044,1.968409429953064,445.1518386435656,22.623579753992388,53.53285079722296,84,28738.15339498452,186.62552491395303,1140,47.02248896130661,7,5.437139155308438,92.18956722332504,0,44.82455869303791,2022,4,17,0,146.62991385245982,3.274321786763832,8285.085625674159,1.1803565976045016,1,0.0061403508771929825,55.17544130696209,37.97543791766658,0.1200000000000001,29.947121260126668,0,56.4469291653646,False,True,False,False,True,False,False,1,True,False,False,False
17968603,20279271.2658071,2310668.2658071,285,274.7477210665026,-10.252278933497394,0.4581497203115662,0.9593659220225076,313.6334550949257,0.2703146753554044,27.3188120705717,266,20039.688201684192,357.15828570920314,4055,40.96352936080682,5,7.246256393572361,90.91337840797952,0,51.278825476822405,2022,4,17,1,-10.252278933497394,12.859476420103999,73810.51674273399,0.9640270914614126,1,0.0012330456226880395,48.721174523177595,53.192307489083625,-0.23099999999999998,72.93850563671678,0,114.67673802377814,False,False,False,True,True,False,False,2,True,False,False,False
48427053,67073572.23774535,18646519.237745352,554,714.5124166460141,160.51241664601412,1.629436984375202,0.3060832907178601,353.3864524767504,9.027223482476163,62.87426549679584,258,14354.975934724867,882.5132048840987,5205,46.42064035626525,2,9.5689138213938,99.31648272756698,0,66.55465469957545,2022,4,17,2,160.51241664601412,38.50434433362145,93873.20734410014,1.2897336040541771,1,0.00038424591738712776,33.44534530042455,51.60341212353162,0.16400000000000003,20.09058989080753,0,124.77044669378161,True,False,False,False,True,False,False,2,False,False,True,False
38187064,53239418.12134928,15052354.121349284,761,1081.228613659298,320.22861365929793,1.9379234115715924,2.954580464136134,411.9175194703025,9.138276638536908,71.65671841770569,209,41014.61867329202,165.04481102971323,6171,57.55578661743657,1,3.657755875969285,64.08409168240841,0,73.67781711708452,2022,4,17,3,320.22861365929793,39.417416644938406,49239.7421310988,1.4207997551370537,1,0.00016204829039053638,26.322182882915484,51.85658066922835,0.7580000000000001,37.933345598839274,0,107.83849851687279,False,False,False,False,True,False,False,1,False,False,False,True
22385690,25312991.59045629,2927301.590456292,886,1237.6636081323477,351.66360813234746,0.6103379725377351,4.946083417102931,346.61999507006044,15.79831871216345,73.70948107375537,297,33103.31069139562,888.2971492302562,8782,73.10740381476974,5,3.217268367616956,65.7662677690073,0,90.03499379502396,2022,4,17,4,351.6636081323477,13.076664558726081,20452.23873767603,1.396911521594072,1,0.0005693463903438852,9.965006204976035,64.45289655301963,0.5830000000000001,26.746613921491154,0,145.65233993577567,True,False,False,False,True,False,False,1,True,False,False,False
28949891,34029856.157778524,5079965.157778524,877,1118.7299878656977,241.7299878656977,1.040169308041038,0.8341485247513142,229.124678305522,8.377502653189534,83.37612317836991,201,26062.945719180403,571.8573850372761,3660,43.840004965143216,0,6.416262030689845,95.14390005288932,0,36.00582089752325,2022,4,17,5,241.7299878656977,17.547441397200853,30418.292641551834,1.2756328253884808,1,0.0,63.99417910247675,28.225850088608414,0.24800000000000005,23.2969045273409,0,107.92608774946784,True,False,False,False,True,False,False,2,True,False,False,False
15106894,16345229.282853412,1238335.2828534115,278,262.7564899374992,-15.243510062500832,0.2636206099621102,0.2334240994963687,281.1350227678929,-4.0951384852132735,48.662951932214405,56,14786.795923834012,467.4400965337833,7856,48.17366669910694,9,2.177192002972239,61.70395296011398,0,57.57470404227361,2022,5,17,6,-15.243510062500775,8.19715345095697,62206.75762087316,0.9451672299910044,1,0.001145621181262729,42.42529595772639,60.91483307437729,-0.42400000000000004,56.27566393260651,0,35.77034403410034,False,True,False,False,True,False,False,0,False,False,True,False
20312610,29646923.12935734,9334313.129357342,773,747.8297412042348,-25.17025879576522,1.16235964727964,3.8976584091196647,411.3704861041459,-1.9904193811001711,86.71509380354959,62,20041.086837070907,378.71250791631024,7089,50.86484213847646,5,6.242795474390325,77.39504784935545,0,42.94366361227587,2022,5,18,0,-25.17025879576522,45.953292705158724,39643.94767399425,0.9674382163056078,1,0.0007053180984624065,57.05633638772413,44.389050265417914,0.542,26.798996794108003,0,50.21740232673483,False,False,False,True,True,False,False,2,True,False,False,False
30723044,29837798.18112256,-885245.81887744,766,712.0624104756755,-53.937589524324494,1.055288539508693,1.262930033423621,218.14263336784288,-8.160910794139628,80.58005835578803,175,48192.95420323333,367.4054423150577,6318,77.91892557899837,8,1.799663365642877,85.36724795955281,0,10.127950482789108,2022,5,18,1,-53.937589524324494,-2.881374055505177,41903.346872628994,0.9295853922658949,1,0.0012662234884457107,89.8720495172109,10.895126544643626,0.375,67.68080085991231,0,91.72574426849452,False,False,True,False,True,False,False,0,False,True,False,False
30538176,44593360.93171041,14055184.931710407,371,391.2148735912237,20.214873591223693,0.3744293198946474,4.148219026764642,224.6546555458237,15.863699693081486,40.755109971675736,268,28404.047192262544,375.2223242045309,3552,76.94738793880747,6,5.415254916440579,63.594212263144286,0,62.14886404479348,2022,5,18,2,20.214873591223693,46.02496538008821,113986.87509592374,1.0544875298954817,1,0.0016891891891891893,37.85113595520652,58.93750498021871,0.578,72.6047221352367,0,124.18564289942717,False,False,False,True,True,False,False,1,False,False,False,True
14580994,19105766.17860746,4524772.17860746,504,494.62402766929824,-9.375972330701757,0.9399258049243424,3.519683335172577,93.06055222610053,42.49462321691437,31.149812614462093,161,23031.46765594638,896.3227728641762,4611,73.04594358232917,8,6.583729372421803,96.92064727223794,0,83.42164681040248,2022,5,18,3,-9.375972330701757,31.031987110120614,38626.84606858894,0.9813968802962266,1,0.001734981565820863,16.57835318959752,85.00296718410429,1.074,46.56358439453944,0,86.49333074941293,False,False,False,True,True,False,False,2,False,True,False,False
6596526,8040791.115644396,1444265.1156443965,646,682.1946204018434,36.1946204018434,0.7347988389644702,4.728367685254023,461.5629958497865,-3.637862699353589,50.477257728960936,118,28463.99190567457,751.415707157307,9062,55.03008548175637,1,1.6309867534555766,83.28487740369602,0,13.279553749305467,2022,5,18,4,36.194620401843395,21.89432916120389,11786.652774992579,1.0560288241514604,1,0.00011035091591260208,86.72044625069454,12.574991747953325,0.364,41.72415181009196,0,61.25181850888221,True,False,False,False,True,False,False,0,False,False,False,False
34075239,31335434.28104833,-2739804.718951665,546,617.5450190535317,71.54501905353175,1.0914786630798596,2.04463617878336,90.9663417254488,42.04454711516952,48.13290955691767,149,40054.48276548239,702.7507070480356,2040,62.26718147312392,4,2.8625783675376635,52.35696541349125,0,10.314258274267322,2022,5,18,5,71.54501905353175,-8.040456352930256,50741.94320128105,1.131034833431377,1,0.00196078431372549,89.68574172573268,9.119310890696028,0.848,64.86083043285024,0,86.65323700162617,False,False,False,True,True,False,False,0,False,False,False,True
4291070,5086452.930504998,795382.9305049982,497,728.4974662100126,231.4974662100126,1.2127432373147184,3.309849197253171,341.69412985185016,30.33488331026515,60.3003513731843,139,20304.902142629093,818.8742340568007,9506,45.80138298026458,8,4.0183685639157245,56.786876563045695,0,75.50365658596643,2022,5,18,6,231.4974662100126,18.53577150932048,6982.114786159965,1.4657896704426812,1,0.0008415737428992215,24.496343414033575,51.51056669894779,0.6069999999999999,27.872303040756986,0,82.79057040503483,False,False,False,False,True,False,False,1,False,False,False,False
18463484,21134205.96764896,2670721.9676489606,323,408.9908803856919,85.99088038569187,0.116141599353698,2.3242739040663536,235.93751546125893,25.06243416137897,60.83703626294236,91,13041.775441967398,331.4031967037305,8603,53.587636225483294,6,4.317388256675431,59.53907850457818,0,71.54737525079499,2022,5,19,0,85.99088038569192,14.464886300163936,51674.02742016816,1.2662256358690152,1,0.0006974311286760432,28.452624749205015,56.50444377687217,0.045999999999999985,31.88769253160015,0,62.169841127296394,True,False,False,False,True,False,False,1,True,False,False,False
35356387,35240817.1247236,-115569.87527640164,563,788.7541448037048,225.7541448037048,1.5459113676041552,3.1529434865427177,232.52872561494905,25.49027654279596,72.49908890659827,158,31322.12532525715,656.2385308735801,5172,93.86231358835482,8,7.084941789287425,62.24786819967248,0,46.52668948015188,2022,5,19,1,225.75414480370478,-0.32687128149265265,44679.089621131425,1.4009842714097775,1,0.0015467904098994587,53.47331051984812,33.21000130382132,0.9920000000000002,39.71088523794979,0,92.59680963481827,False,False,False,False,True,False,False,2,False,False,True,False
27276833,35292014.78057018,8015181.780570179,395,523.8533056688228,128.85330566882283,1.4547271545373075,2.2479945300386865,355.7983264577078,35.47002066179552,55.69229637439271,208,34934.18465664802,514.0596150621559,3946,98.78150478614972,5,5.761192065035717,86.53386850147183,0,69.54443934588187,2022,5,19,2,128.85330566882283,29.38457621003941,67370.03355454933,1.3262109004273996,1,0.0012671059300557526,30.45556065411813,52.438446497061435,0.4650000000000001,66.68696041164857,0,110.54869511085647,False,False,True,False,True,False,False,2,False,True,False,False
36567580,54218405.09835743,17650825.09835743,540,522.4510142906287,-17.548985709371323,0.7959441337923922,0.9431612321203742,80.19217968344543,-4.119407459109825,27.337584865853582,251,37072.31013313473,804.1974716801741,4236,78.85957513841768,6,4.438976232747942,54.446762237773406,1,95.80474652779009,2022,5,19,3,-17.548985709371323,48.26905444209716,103777.01184478293,0.967501878315979,1,0.00141643059490085,4.195253472209913,99.02280158313135,0.47800000000000004,70.95844226366488,1,107.36545322202313,True,False,False,False,True,False,False,2,False,False,False,False
24612951,30453931.29568765,5840980.295687649,503,674.8007786436577,171.80077864365774,0.2005782775807547,2.5394870800169045,317.1676023281456,17.761487796104795,80.08039348871742,159,44689.44158447583,378.3304994259569,4680,95.00939752140522,9,5.05608628907485,67.52973361380673,0,32.30765168997733,2022,5,19,4,171.80077864365774,23.73132866387151,45130.25512048122,1.3415522438243692,1,0.0019230769230769232,67.69234831002268,24.082291121125298,-0.04499999999999993,66.22612628619238,0,92.95256438544666,False,False,True,False,True,False,False,1,True,False,False,False
39021655,51854002.95810917,12832347.95810917,194,206.62150981348208,12.621509813482078,1.5343718255915957,2.642921007187212,397.41430368755965,28.34001260434172,41.6835208229631,75,21702.835431010088,678.8607551829061,5807,78.5645140240855,4,1.116790035852153,95.56916616640008,0,32.13339350784254,2022,5,19,5,12.621509813482078,32.88519658663675,250961.30119714036,1.0650593289354746,1,0.0006888238333046323,67.86660649215746,30.170519739928316,0.5129999999999999,105.0366704347544,0,51.00706002819145,True,False,False,False,True,False,False,0,False,True,False,False
48116098,45280629.41028649,-2835468.5897135064,396,508.2520244459422,112.2520244459422,1.914832804908452,4.053019241300805,422.6957410489674,22.275124479046,87.99082222146144,263,8390.970330300132,893.9911706355821,2537,41.99178916632819,5,7.934727513768671,77.8333843168502,0,26.76089842877925,2022,5,19,6,112.2520244459422,-5.892972846038984,89090.89827954546,1.2834647081968238,1,0.001970831690973591,73.23910157122074,20.85051365874828,0.9249999999999999,16.509467600148433,0,138.2797840101522,False,True,False,False,True,False,False,2,False,True,False,False
1147745,1320595.623668386,172850.62366838614,671,741.1712905886673,70.17129058866726,0.5562880324418269,3.677603528967906,126.73867522719888,35.802848906281206,28.25020760758391,125,48125.6862633924,461.9354285754358,4872,99.80575509918454,0,1.3690421982530423,63.27482819192679,0,75.15880749763753,2022,5,20,0,70.17129058866726,15.060019749019679,1781.7684527682084,1.1045771841857932,1,0.0,24.841192502362475,68.04305626957037,0.815,64.9319352685249,0,69.21591695415954,False,False,False,True,True,False,False,0,False,False,False,False
4792824,4648153.044180024,-144670.95581997558,726,1087.9860378780857,361.98603787808565,0.7146967661003719,3.3189581197072204,453.8385725351782,-6.025056004375668,87.07758205627522,81,24575.536734686382,159.9598786307153,2867,45.93713810119209,0,8.463857436303094,97.8528148240155,1,41.7870314354206,2022,5,20,1,361.98603787808565,-3.018490890130236,4272.25431426067,1.4986033579587956,1,0.0,58.2129685645794,27.883983586115484,0.10899999999999999,22.58809936809152,1,56.71575781556986,False,True,False,False,True,False,False,2,True,False,False,False
44674032,56632265.25973488,11958233.259734876,362,383.0433813467001,21.04338134670013,0.4492444900154484,0.5669354777628627,345.265741331349,27.98855717245413,26.370826481776188,140,33046.58793529091,564.4457401076136,2161,80.95850808670365,1,5.868968692732571,62.21579459843412,1,98.98238205884176,2022,5,20,2,21.043381346700073,26.76775013219061,147848.1759967441,1.0581308876980664,1,0.00046274872744099955,1.0176179411582353,93.54455409025543,-0.37900000000000006,86.27374742543795,1,72.3078150962691,False,False,True,False,True,False,False,2,False,False,True,False
34692118,50757666.46419607,16065548.464196073,449,479.2977488265883,30.297748826588304,1.1961786343551954,3.603081453318575,446.8346603693072,19.37152517115948,36.17252965629416,274,34983.73954077315,411.37523902632336,4920,55.1701721844874,3,5.750372721020653,95.25498106338212,0,74.31840131114362,2022,5,20,3,30.297748826588304,46.30892949284927,105900.07273862741,1.067478282464562,1,0.0006097560975609756,25.681598688856383,69.62052767908263,0.43599999999999994,72.9895761589116,0,126.2632164482361,False,False,False,True,True,False,False,2,False,False,False,False
6250295,8107049.131427292,1856754.131427292,646,942.1285662559856,296.1285662559856,0.3941986498301644,2.501525781772574,268.3763226995892,10.853847518896888,23.26059594605791,174,29593.11689155416,705.0028424924575,6693,63.51886677441761,8,7.341207649958794,86.28848368072778,0,43.06391979826461,2022,5,20,4,296.12856625598556,29.706663948298306,8605.034834730324,1.458403353337439,1,0.0011952786493351262,56.93608020173539,29.528127249376027,0.16000000000000003,31.41091136760354,0,79.83433303948644,True,False,False,False,True,False,False,2,False,True,False,False
38706355,36619379.13188409,-2086975.8681159092,791,723.5962344403988,-67.4037655596012,0.776768492576621,4.470497680530796,293.91500529374093,8.715124022871699,69.35792026472964,294,14236.588838132157,955.9296322737456,4882,78.7560510880563,6,8.736035793881188,87.0260518479393,1,23.42674306571183,2022,5,20,5,-67.4037655596012,-5.391817101134709,50607.47608810333,0.9147866427817937,1,0.0012290045063498567,76.57325693428817,25.608969316028663,0.666,19.674769105372945,1,141.0219132862804,False,False,False,True,True,False,False,2,False,True,False,False
15401814,17139134.352759674,1737320.3527596742,698,919.9733481212947,221.9733481212949,1.4243247264750996,4.599354670652714,463.567224662902,24.14579480258061,79.52091156002543,175,38981.43725522637,537.0474861971622,8738,66.18924095846242,5,9.483815318316978,88.24696592008081,1,63.282233487495,2022,5,20,6,221.97334812129475,11.27997229910499,18630.033563211386,1.318013392723918,1,0.0005722133211261158,36.717766512505,48.01334632625438,0.6930000000000001,42.37235495444681,1,101.10001190878181,False,False,False,False,True,False,False,2,False,False,False,True
40234412,49504341.169041336,9269929.169041336,721,962.6761966323407,241.6761966323409,1.164220367717762,0.2757829530089273,454.9592945096023,39.00474560543456,50.38497572711863,101,41168.83884368368,519.5712071399805,9456,55.032763535867694,0,5.890328985195864,75.32846560286046,0,36.5412927786783,2022,5,21,0,241.67619663234075,23.039802766451107,51423.66804354229,1.3351958344415267,1,0.0,63.4587072213217,27.367740249101697,-0.28400000000000003,42.76499095718955,0,67.21691639976595,False,False,False,True,True,False,False,2,True,False,False,False
28148868,32143886.342382666,3995018.3423826657,646,905.5803366042708,259.5803366042708,0.834278872223077,4.103207801772394,251.6723930160509,17.28967593556134,84.99654525297008,197,29883.90137078479,689.1263201723142,7331,60.06677121269948,4,2.3559240879002643,90.72893630013344,0,91.4958173166658,2022,5,21,1,259.58033660427077,14.192465367995139,35495.34485578082,1.4018271464462395,1,0.0005456281544127677,8.504182683334193,65.26897238979578,0.74,32.99972422418415,0,109.48586635655944,False,False,False,False,True,False,False,0,False,False,False,True
6149534,8610493.911788058,2460959.911788057,484,718.5771758094131,234.57717580941312,0.8984742434343296,0.1884869521133531,173.48568423605678,35.35977402423061,61.32093502289197,152,26985.25222631787,193.1477532342109,6182,60.49288701539058,3,8.907678335557065,91.80965488762452,0,49.72639598888273,2022,5,21,2,234.57717580941312,40.01864062851035,11982.698868898951,1.484663586383085,1,0.00048527984471044967,50.27360401111727,33.493376172864465,0.15700000000000003,37.55372858304522,0,89.80421271413678,False,False,False,True,True,False,False,2,False,False,True,False
13312829,18488891.56617737,5176062.566177372,323,479.7716519325592,156.77165193255917,1.168010676984136,1.8358481284751127,226.92669555391888,12.118601001418211,64.10049948125663,154,10127.21824075934,328.1555700325132,2526,97.55943427049284,4,1.3660481653310343,68.02433608380585,0,36.33849680846988,2022,5,21,3,156.77165193255922,38.88026028259935,38536.85704793647,1.4853611514939915,1,0.001583531274742676,63.66150319153012,24.464418482952947,0.5389999999999999,21.108413137720998,0,84.46573014480245,False,False,False,False,True,False,False,0,False,False,False,False
4314344,5466699.294357728,1152355.2943577282,290,272.3581558165647,-17.641844183435296,0.1111429829856064,2.7114998781053954,224.49394783838736,-4.36830454637529,79.1793441190539,217,8777.824767490272,927.0813929503588,9131,87.91678095540706,8,8.266034536478273,70.01722591081877,0,62.96966331136127,2022,5,21,4,-17.641844183435296,26.709861206193295,20071.72973384205,0.9391660545398783,1,0.0008761362391851933,37.03033668863873,67.0484873329581,0.16799999999999993,32.22897710249663,0,109.24331187180358,False,False,True,False,True,False,False,2,False,True,False,False
1049976,1180251.5276391944,130275.5276391944,411,572.5655769908658,161.5655769908658,0.2491687500618587,0.7405039931356372,179.09009374225727,-6.61718449477488,40.776014353628725,236,20280.418050358792,702.9483520273897,5394,67.512926288764,2,7.123794637830833,94.4378359269513,1,22.32770508739582,2022,5,21,5,161.5655769908658,12.407476707962314,2061.3386048145594,1.3931035936517415,1,0.0003707823507601038,77.67229491260417,16.02731138527051,-0.09300000000000003,35.42025379336126,1,104.64764895765616,False,True,False,False,True,False,False,2,True,False,False,False
45306168,47716538.787737,2410370.787736997,870,1120.373785369153,250.37378536915296,1.774390328749722,3.731569062845384,170.86082194983496,-7.176609577197733,44.7986004929338,254,18988.076998282697,112.09963958507464,2158,51.98925522048185,3,9.142548466806517,76.23646302147621,1,60.539416552259055,2022,5,21,6,250.37378536915298,5.320182425794644,42589.838686751165,1.2877859601944288,1,0.0013901760889712697,39.460583447740945,47.010464800469535,1.3499999999999999,16.94798400877105,1,112.88659727472083,True,False,False,False,True,False,False,2,False,True,False,False
30571637,29456524.034420565,-1115112.9655794352,763,983.0532291160011,220.0532291160013,0.2479700792734524,0.0417735208606928,437.4783214158737,10.908257807671848,83.4166343436251,63,47914.54029334721,284.16292530311785,5367,88.66096661575935,7,9.07716835222702,93.34717479709346,0,15.050033066776615,2022,5,22,0,220.05322911600115,-3.6475409072122473,29964.322543255355,1.2884052806238546,1,0.0013042668157257314,84.94996693322338,11.681132709646523,-0.791,48.74053497228607,0,53.497467645389094,False,False,False,True,True,False,False,2,False,False,False,True
13031301,14503038.02262961,1471737.022629609,771,753.2746760519578,-17.72532394804216,1.4429268327999598,0.8429952421701842,81.43786430809776,8.548076295971313,83.06744472271347,221,40263.02340995434,714.5535394260091,5630,49.43094829650241,2,1.4783867689337171,81.33847308789036,0,64.61998135724869,2022,5,22,1,-17.72532394804216,11.293861009193245,19253.319517712353,0.9770099559688169,1,0.00035523978685612787,35.38001864275131,66.14055564374532,0.792,53.45065311498293,0,115.88465630560545,False,True,False,False,True,False,False,0,False,False,False,True
34326436,39403436.38133381,5077000.381333813,679,875.9862516099591,196.98625160995917,1.8480725118072,2.9039841492673784,354.92503194481736,29.48653629924132,88.35379433406096,153,34696.5932866577,787.9592823063168,4513,52.62773302852021,2,6.485017664581049,79.67838783745212,0,57.7147459511286,2022,6,22,2,196.98625160995914,14.790351032463182,44981.797726750796,1.290112299867392,1,0.00044316419233325947,42.2852540488714,44.736218666437786,0.8210000000000002,39.6086048415594,0,96.5520991899907,True,False,False,False,False,True,False,2,False,False,False,False
19804536,25854698.06990936,6050162.069909357,774,1152.8649104312194,378.8649104312194,0.6142988481732891,3.571937810186462,127.76902315540352,30.85518258716762,83.12868215091697,166,28294.164005792227,855.8736154066377,2144,61.960803510409065,8,2.122043096513816,51.54904766389309,0,56.868938392507445,2022,6,22,3,378.8649104312194,30.54937550624443,22426.476715505745,1.4894895483607486,1,0.0037313432835820895,43.131061607492555,38.18015269398453,0.8380000000000001,24.542479998987073,0,100.59515942142538,True,False,False,False,False,True,False,1,True,False,False,False
19589321,25366131.34048126,5776810.340481259,733,1060.717806883449,327.71780688344893,0.803933730413077,4.583215513469581,205.0276520273285,-7.203031714144309,28.91604252233526,263,12531.538882699311,362.9591230438404,1068,92.8208917511194,4,1.7062175056964926,63.894719892037486,0,71.57479483520025,2022,6,22,4,327.71780688344893,29.489589457854404,23914.118510945744,1.4470911417236685,1,0.003745318352059925,28.42520516479975,49.461151942334205,0.925,11.814206192614876,0,111.71390324245729,False,False,False,False,False,True,False,0,True,False,False,False
32676806,30783671.44684696,-1893134.5531530415,452,525.8922352102754,73.89223521027543,1.1809506711049609,3.527483259673119,77.69436536067658,2.161779458895822,77.66070002958912,259,49030.55024829278,937.9257366498064,4717,47.90720011804662,9,5.034494312476575,75.10288234511592,0,14.001095298401625,2022,6,22,5,73.89223521027543,-5.793511621524582,58536.082843167016,1.1634783964829103,1,0.0019079923680305278,85.99890470159838,12.033824900166318,1.244,93.23307507799227,0,127.5467438465455,False,False,True,False,False,True,False,1,False,False,False,False
2947238,3351468.164575617,404230.1645756168,882,814.9404674630011,-67.05953253699886,1.7752470423133109,3.3588963512743297,171.48813658495794,5.084401758739483,48.688693467671584,97,21876.831420809453,597.6522042201032,5723,47.334051571271566,0,1.878377858638666,79.36585860673505,0,51.37583181672665,2022,6,22,6,-67.05953253699886,13.71555892586947,4112.531280977007,0.9239687839716566,1,0.0,48.62416818327335,55.603428068087894,1.294,26.84469883906296,0,54.93192856792332,False,False,True,False,False,True,False,0,False,False,False,True
32455141,32749422.15981586,294281.15981585905,352,393.31638508804326,41.31638508804326,1.8896206157947983,1.971705731753321,395.789482002759,20.11865912785452,89.35609491621565,142,9811.652110126017,726.8851201491036,5213,69.63849929831596,6,7.551121448013335,81.52172645003671,0,49.96347967363371,2022,6,23,0,41.31638508804326,0.9067320330417269,83264.83055742759,1.117376094000123,1,0.0011509687320161136,50.03652032636629,44.7150068288719,0.5499999999999998,24.945953136251095,0,89.64242621322106,False,True,False,False,False,True,False,2,False,False,False,True
44338836,44076688.09425491,-262147.90574508905,186,259.625158774622,73.62515877462198,1.5051701714114094,0.006422127634007,448.2568960462664,-2.0516626851177358,53.05966750301607,220,27220.95030720857,637.0649765019172,7413,56.58463246562048,6,9.720466394568398,85.81114125058085,0,51.38041976582493,2022,6,23,1,73.62515877462198,-0.5912376809916459,169770.481036152,1.3958341869603332,1,0.0008093889113719142,48.61958023417507,36.80983045537418,-0.16000000000000003,104.84712050128704,0,103.3024014453695,False,False,True,False,False,True,False,2,False,False,False,True
31354748,43783183.45492177,12428435.454921767,334,441.1804199336193,107.18041993361923,0.2645775456239186,0.6007962936781097,149.68721835606516,-2.63323293299998,58.76852577515544,193,44329.91052258875,210.4660492071584,4466,74.1236764988896,5,6.1262466200478345,82.81167161468159,1,98.1901873958809,2022,6,23,2,107.1804199336193,39.638128984234754,99240.99410737552,1.3208994608790998,1,0.0011195700850873264,1.8098126041191023,74.33585242780875,-0.032,100.48023103395816,1,94.04058785264664,False,False,False,True,False,True,False,2,False,True,False,False
34218943,31657625.34698776,-2561317.653012242,701,824.099941542818,123.099941542818,1.3713928955162165,2.672772723780196,258.5965276665148,41.90838890643769,57.084244067975895,159,44928.09507997982,966.803193446392,4026,67.0982010809934,5,3.116519826055179,92.42883536979002,0,22.53506258298343,2022,6,23,3,123.09994154281799,-7.485086997024538,38414.78897294997,1.1756061933563737,1,0.0012419274714356682,77.46493741701657,19.168887260320975,0.7280000000000001,54.51777486583583,0,93.29778989232408,False,False,True,False,False,True,False,1,False,False,True,False
7330034,8440605.439548198,1110571.439548198,725,676.4691677940915,-48.530832205908496,0.8795770715580579,3.3756494292220984,261.6458215717429,34.23115990137796,42.52159209007944,212,5493.466222540126,210.5880219047374,7998,66.09754638107302,2,8.58885752372856,64.77351714437567,0,72.13867813536334,2022,6,23,4,-48.530832205908496,15.150972554127282,12477.442936641584,0.9330609210952986,1,0.00025006251562890725,27.861321864636665,77.31400651811825,0.6079999999999999,8.120793206959975,0,107.82582559743723,False,True,False,False,False,True,False,2,False,False,False,True
22586261,22607089.90217804,20828.90217803791,727,840.5114802765247,113.51148027652472,0.994331899033017,2.087241419482313,443.1088875918804,-0.0639803849856335,25.251546222504277,102,44883.30851381299,329.3937607700652,3747,46.7183782292196,2,8.677930374370234,82.07849928329462,0,46.17965236407008,2022,6,23,5,113.51148027652471,0.09221934599109448,26896.824651033206,1.1561368366939817,1,0.0005337603416066186,53.82034763592992,39.943068068069344,0.013999999999999901,53.39999460691075,0,48.3562697512556,False,False,True,False,False,True,False,2,False,False,True,False
46504302,66389454.54458213,19885152.54458213,697,823.4462297900188,126.44622979001883,0.1933819416558364,3.653395057641951,393.2595737941125,12.361229434802002,82.6955861281343,211,17216.78978749363,832.2650922006821,8271,48.46298141499041,9,7.595073751279549,52.55797570981356,1,56.05538718920622,2022,6,23,6,126.44622979001883,42.75981294070843,80623.90978644912,1.18141496383073,1,0.001088139281828074,43.94461281079378,47.447669874983646,0.008000000000000007,20.908213754143926,1,112.91704466888089,False,False,False,True,False,True,False,2,False,False,True,False
16542211,20416798.92368636,3874587.923686359,394,574.1105279761737,180.11052797617367,0.4630180647580805,2.609311476660894,280.8847482656224,9.559209959166104,76.18730687684007,52,6753.756378579038,656.7372653509913,7171,89.264714646811,8,6.536189663320158,74.0095038661014,0,78.61545152705766,2022,6,24,0,180.11052797617367,23.422430796502105,35562.48828193181,1.4571333197364813,1,0.0011156045181982988,21.384548472942342,53.95213359150627,0.19600000000000006,11.763860876035578,0,46.523955050801845,False,False,False,False,False,True,False,2,True,False,False,False
24809061,25772356.693255223,963295.6932552232,313,402.0959702527295,89.0959702527295,1.6019758543139306,0.370880977971561,351.83624021229804,33.505224073597404,29.766874639176848,117,43150.56216632935,854.3342488387212,4855,93.15296425430466,0,8.810132092765516,63.40164829759463,0,24.163789831613293,2022,6,24,1,89.0959702527295,3.8828381826108744,64095.03849803945,1.2846516621492956,1,0.0,75.83621016838671,18.809604613896575,0.16300000000000003,107.31408757766937,0,65.78162961383228,False,True,False,False,False,True,False,2,False,False,False,False
30193726,36276444.50617494,6082718.506174937,464,504.3641719966543,40.36417199665431,0.9625217827909336,0.9600812548397442,431.3097742592151,18.06171040629671,74.3737789945051,295,43874.00401946937,564.1625695366404,9753,54.08101197311501,6,2.4696251379780314,69.0443574147348,0,78.7226691372843,2022,6,24,2,40.364171996654306,20.1456372299826,71925.10198051018,1.0869917499927895,1,0.0006151953245155337,21.2773308627157,72.42250839328496,-0.20899999999999996,86.98874038927651,0,145.73064682024057,False,False,False,False,False,True,False,0,False,True,False,False
1045475,1399777.921146369,354302.9211463691,305,370.633242394482,65.63324239448201,0.6731582590991828,4.1999911162197145,54.29252931149522,-2.9682644653593133,63.8092666235427,182,31830.398592905756,439.29391182997136,3203,46.80763009148615,9,9.384401137096402,67.73313758824796,0,16.329770441599564,2022,6,24,3,65.63324239448201,33.88918158218696,3776.719843322961,1.2151909586704328,1,0.00280986575085857,83.67022955840044,13.438028258098896,1.1400000000000001,85.88112169125725,0,91.05230064745501,False,False,False,False,False,True,False,2,False,False,True,False
33303854,49118881.97029411,15815027.97029411,618,580.6933081404569,-37.30669185954309,0.8296362405334204,3.624563733122197,231.30051397252188,30.64456347359341,48.64006515423356,187,30849.519078336125,929.6609495930064,4419,43.20500031607064,6,9.524828342895114,53.02153385763189,0,53.49785600888497,2022,6,24,4,-37.30669185954309,47.48708053516602,84586.61617366759,0.9396331846932959,1,0.0013577732518669382,46.50214399111503,56.93483040017059,0.716,53.125322172430316,0,98.58538858834808,False,False,False,False,False,True,False,2,False,True,False,False
42634984,44010712.71832043,1375728.718320429,865,1283.2629143022134,418.2629143022134,1.7233590753187924,4.473809935062475,458.2594252746854,11.82883880237054,37.78148043668939,101,41590.41226796388,132.62708576331536,2144,76.4978568245138,7,8.847931365974201,73.33229003756878,0,76.78637719296225,2022,6,24,5,418.2629143022134,3.2267602547251557,34295.943744506694,1.4835409413898422,1,0.0032649253731343282,23.21362280703775,51.758852789748836,0.8260000000000001,32.409891850244165,0,55.28309577171799,True,False,False,False,False,True,False,2,True,False,False,False
21080580,30181257.445148654,9100677.445148658,331,369.4078965234422,38.40789652344222,1.5230981330694182,0.5877862456046828,383.1408638797781,4.4608336197680885,80.18101484515627,206,40383.92987196259,870.5171983177413,3699,82.92119275001232,5,3.255958312403204,99.73146439957767,0,27.329630981922943,2022,6,24,6,38.40789652344222,43.17090632776069,81701.71165584,1.1160359411584357,1,0.0013517166801838335,72.67036901807705,24.488128002002355,0.09799999999999998,109.32070010420004,0,107.79255453947731,True,False,False,False,False,True,False,1,False,False,False,True
39950796,58351432.24023967,18400636.240239665,510,605.2274106034196,95.22741060341956,0.6173992546440572,4.95111267307537,294.2786184503336,10.652424211139609,69.01317815058371,145,45054.74630492168,307.7360066690035,1560,62.368599352192334,7,8.723605476795662,64.94680284182418,1,79.3824081431881,2022,6,25,0,95.22741060341957,46.05824685004943,96412.4083244388,1.1867204129478814,1,0.004487179487179487,20.6175918568119,66.89225808966887,0.7000000000000001,74.44267314330908,1,81.899680708517,False,False,False,False,False,True,False,2,False,False,True,False
4239254,6146292.275453843,1907038.2754538432,717,798.1431657167242,81.14316571672418,0.3232534964035093,1.047033569749668,288.34003716581003,17.3766109983793,58.34179366283958,80,29873.635141851657,863.862694978571,2187,80.78055204943837,0,5.478743906539226,86.80729858341253,0,25.01312562331689,2022,6,25,1,81.14316571672418,44.98523267192396,7700.739089752823,1.1131703845421537,1,0.0,74.98687437668312,22.47016806291049,-0.23199999999999998,37.428918050091234,0,54.71552139836566,False,True,False,False,False,True,False,1,False,False,False,False
2099577,2690080.121482235,590503.1214822349,562,735.9429553951827,173.9429553951827,0.5787966211237362,0.05889938143321,206.496543921997,8.871353402935519,62.66979737289249,115,48544.11917297639,225.27695207519704,4133,82.77752893357157,0,6.354372136607427,77.38941674602178,0,81.93148812434092,2022,6,25,2,173.9429553951827,28.12486141171459,3655.2834723959413,1.30950703806972,1,0.0,18.068511875659084,62.5666649681487,-0.10099999999999998,65.96179611082687,0,67.4623452327484,False,False,False,True,False,True,False,2,True,False,False,False
27009905,34515752.12599157,7505847.125991568,294,381.4177527293402,87.41775272934018,1.849437257003994,4.9871146952677705,284.2342401386816,3.3048174925466807,26.37463274575267,253,49826.60739200023,622.1970673214864,4411,96.12053688381432,8,8.565405602537307,66.26126502657368,0,52.20420156476538,2022,6,25,3,87.41775272934018,27.789239266082454,90493.30262947794,1.2973392949977558,1,0.001813647698934482,47.79579843523462,40.23943602575892,1.358,130.63526025061017,0,110.10383507148981,False,False,False,True,False,True,False,2,False,True,False,False
24260701,27703934.46701604,3443233.4670160413,661,878.5968283558552,217.5968283558552,1.2050187919145352,1.4053694272255657,344.92243975855394,11.917611584218918,53.17438326378343,140,10244.507449938466,899.2971271103248,2689,43.89241827010643,3,1.2662456009071377,54.480353019621056,1,71.6174498676796,2022,6,25,4,217.59682835585522,14.192637991029367,31532.021938730704,1.3291933863174814,1,0.0011156563778356265,28.382550132320404,53.88038385151397,0.19599999999999995,11.660077887043279,1,75.5275984544007,False,False,True,False,False,True,False,1,False,False,False,True
24737188,33430793.919210404,8693605.919210404,463,491.1901891861916,28.19018918619156,1.1136123966150877,3.3400972625628,238.26336729295687,-8.945489908755597,33.55902049499914,118,43229.46917993549,526.1856822090015,5407,51.53750339386479,2,4.266483329580812,60.79289503826062,0,92.56658125322696,2022,6,25,5,28.190189186191617,35.143872938227275,68060.79326339731,1.0608859377671525,1,0.000369890882189754,7.433418746773043,87.25403736432959,0.7909999999999999,88.0096348250735,0,54.584059175873065,False,True,False,False,False,True,False,1,False,True,False,False
41786456,50928346.87253065,9141890.872530648,254,276.7078765294036,22.70787652940362,1.233147839415677,0.883411570881526,371.3689158764783,32.48738153529727,34.58685753061778,214,27492.001598686507,771.9100064230536,3423,44.11155925581929,5,8.341240395200192,89.09267697451219,0,46.75793712523603,2022,6,25,6,22.70787652940362,21.877641101055918,184050.94755992203,1.0894010886984395,1,0.001460706982179375,53.24206287476397,42.920773267355564,0.038999999999999924,99.35388158625526,0,105.72227171977451,True,False,False,False,False,True,False,2,False,False,False,False
13084335,17094197.49942292,4009862.499422919,345,336.42700483691505,-8.572995163084954,0.795453704918379,2.9011426609957085,437.5545022671736,-0.598030853782781,66.29127736008067,204,22440.485223492444,824.2044560700026,2369,92.07963600016664,9,8.325593054215506,63.95100887093227,0,30.966177414049557,2022,6,26,0,-8.572995163084954,30.64628427369766,50811.01473322402,0.9751507386577247,1,0.003799071338117349,69.03382258595045,31.755272478872214,0.10399999999999998,66.7023898226321,0,101.30797395188938,False,False,False,False,False,True,False,2,False,False,True,False
19380186,22424323.721855864,3044137.721855864,368,475.9366017836217,107.93660178362173,1.6335033386070743,4.520174932272797,119.60818168318752,-7.585246250314952,83.78793062840018,136,32588.25394472217,762.8447878451012,7007,87.55522960201412,8,8.638191341946396,57.21512412059266,0,88.04476869559092,2022,6,26,1,107.93660178362171,15.707474230927732,47116.199169844025,1.2933059831076676,1,0.0011417154274297131,11.955231304409082,68.07729172026973,1.5450000000000002,68.47183810321441,0,77.26080531342558,False,False,True,False,False,True,False,2,False,False,False,False
25969138,34770023.772748984,8800885.772748984,257,237.4367170351576,-19.563282964842383,1.0942438736704747,1.600905837142193,253.19616026784095,25.95342810977936,48.26296273348426,82,7518.4500767903155,932.7967631871384,7728,74.47852423731034,9,2.522943101255421,66.56491702303366,0,24.545498329430032,2022,6,26,2,-19.563282964842386,33.88978784258832,146439.11947114958,0.9238782764013915,1,0.0011645962732919255,75.45450167056997,26.56789206586551,0.368,31.665069205269745,0,55.064917252979086,False,False,False,True,False,True,False,0,False,True,False,False
42828557,59732256.53196176,16903699.53196176,781,982.9739424262928,201.9739424262929,0.3218210152607115,3.351269880221796,233.60904107828648,32.56648708530197,34.542449110853326,117,27790.750344518598,502.1508074679358,9772,45.01980460307099,3,7.35297956405164,79.2021476113845,1,66.8328446653675,2022,6,26,3,201.97394242629275,39.468291056272946,60766.87687623085,1.2586094013140752,1,0.0003069995906672124,33.1671553346325,53.10054461343559,0.39499999999999996,28.272112967635923,1,66.9326808588466,True,False,False,False,False,True,False,2,False,True,False,False
2531064,2500341.32242929,-30722.67757070996,867,1232.71579929982,365.71579929982,0.3452237371752196,0.9395179439920824,359.35916182237764,34.76060223760638,65.4122856065658,236,44190.0756512,255.8128952486402,1976,56.39874151922318,8,2.318530064548767,85.17315821449995,0,93.09279592365532,2022,7,26,4,365.71579929982,-1.2138246038310354,2028.319361080209,1.4218175309109804,1,0.004048582995951417,6.907204076344684,65.47450281050433,-0.40299999999999997,35.847740149270315,0,124.45186635325165,True,False,False,False,False,True,False,0,False,False,False,False
38966319,54543410.10098678,15577091.10098678,200,286.89985779475603,86.89985779475603,1.1200323783549748,3.1239769935936264,162.4403593660682,17.143005046333,80.98309324452225,241,14605.768226253596,143.0299573322318,5272,57.86319088351102,4,8.065882080559227,69.368241848479,0,70.69570403817751,2022,7,26,5,86.89985779475603,39.975782934453676,190113.0607740013,1.4344992889737802,1,0.0007587253414264037,29.30429596182249,49.282495001271265,0.9270000000000002,50.90894202081602,0,125.83782948725658,False,False,False,False,False,True,False,2,False,False,False,False
49598394,60717258.75634151,11118864.75634151,745,871.2198788853729,126.21987888537284,1.8794834143345944,1.6822517590875508,338.1129117285243,1.2952501579491909,72.38231607857435,262,24187.54526462413,321.8138826737546,7497,73.64459176092502,6,3.206134040090568,74.90735785391745,0,27.61129769050137,2022,7,26,6,126.21987888537285,22.417791907418433,69692.23295733606,1.169422656221977,1,0.0008003201280512205,72.38870230949863,23.61105075533979,0.6160000000000001,27.762848221013222,0,126.90326987095708,False,False,False,True,False,True,False,1,False,False,False,False
43170229,60731858.5343509,17561629.5343509,363,426.7363432928074,63.73634329280742,0.6858690311847776,1.0560412929397582,444.8701587791696,30.54752224874047,80.8130061375611,137,47276.6399471694,228.8777534922179,1118,55.48263364220293,2,7.640359548282514,72.74583460167307,0,23.705555658690965,2022,7,27,0,63.73634329280742,40.679954545413466,142317.05241163258,1.1755822129278442,1,0.0017889087656529517,76.29444434130903,20.164949246425852,-0.359,110.7865329265623,0,88.20815851589047,False,True,False,False,False,True,False,2,False,False,False,True
3076198,3564639.86786569,488441.86786569,401,379.41878543172896,-21.58121456827104,1.7521282208325148,1.5659102535181757,238.15921990713025,28.484219243488543,57.55882697075595,221,24285.37270125638,602.1538672910324,2542,44.37759183477729,2,5.095014566751752,50.45016749617135,1,32.7074977990532,2022,7,27,1,-21.581214568271037,15.878102380460883,9395.000998196745,0.9461815098048104,1,0.0007867820613690008,67.2925022009468,34.567889416693944,0.7469999999999999,64.00677466094042,1,114.21291386427336,True,False,False,False,False,True,False,2,False,True,False,False
8466511,9545350.163364485,1078839.163364485,507,660.3467207397715,153.3467207397715,1.5517816144998708,0.8942053425389968,459.957064990649,3.5448903756745285,72.63133710584336,144,21126.54345495792,266.4508034905588,5862,83.84573811119796,2,9.876371180974951,69.78002374279241,0,45.22661495709205,2022,7,27,2,153.3467207397715,12.742429122982122,14455.05802265671,1.3024590152658215,1,0.000341180484476288,54.77338504290795,34.724021583022065,0.015999999999999903,31.993107244161568,0,80.45286824445536,False,False,False,False,False,True,False,2,True,False,False,False
19246135,27888350.93473521,8642215.934735212,358,498.6065234960872,140.60652349608716,0.570843641523123,4.509580539189414,496.9236825200653,39.68742657245362,29.804519155125558,157,24824.14916555202,135.04033656043407,4043,57.94481269932468,7,6.219044476743528,79.3659905086041,0,24.32431286649128,2022,7,27,3,140.60652349608722,44.90364395103333,55932.5833508756,1.3927556522237072,1,0.0017313875834776156,75.67568713350872,17.464881817319856,0.15800000000000003,49.78705250683874,0,83.64758371827375,False,True,False,False,False,True,False,2,False,False,False,True
12038932,12649324.639503006,610392.6395030059,291,304.6167725339829,13.616772533982896,0.1690474218008607,1.985934431585644,97.74142247657844,-4.259569805444405,44.37922307542341,289,28375.374493290037,132.39084598180108,1972,67.14245062139804,5,6.693214277982575,78.49723582078805,0,81.80326597971859,2022,7,27,4,13.616772533982896,5.0701560529040774,41525.371483252304,1.0467930327628279,1,0.002535496957403651,18.19673402028141,78.14655182009868,0.31700000000000006,93.15105749839988,0,127.6358959809937,False,False,False,True,False,True,False,2,False,False,False,True
49193845,69192490.66632967,19998645.666329667,238,274.3617658972445,36.36176589724448,0.2935098037705271,1.2263965248718367,154.8739345931864,44.04785317752291,47.26844151370657,265,33439.6104859161,848.4125485283754,1915,47.65999809893832,8,4.313471624661586,87.48837791671234,0,42.13318083479998,2022,7,27,5,36.36176589724448,40.6527395171686,252194.36257836316,1.1527805289800188,1,0.004177545691906005,57.86681916520002,36.54917807475414,0.10199999999999998,121.88145231008642,0,133.39488840736885,True,False,False,False,False,True,False,1,False,False,False,True
39553543,47085025.8165812,7531482.816581197,506,710.0716226419361,204.07162264193607,1.4841384743101365,2.2420392050796645,477.670888166942,37.31362960376055,55.79070223722242,226,41031.1760412529,632.3049382987224,7621,88.15289820367477,8,7.610681420626897,83.51879552176695,0,94.24780623214538,2022,7,27,6,204.07162264193607,19.04123435056424,66310.24859350633,1.4033036020591623,1,0.0010497310064296024,5.752193767854621,67.16137982817774,0.23199999999999998,57.78455965975627,0,118.3312995522949,False,True,False,False,False,True,False,2,True,False,False,False
21462320,25936296.53914605,4473976.539146051,800,1141.0178244778983,341.0178244778984,0.4793725022772287,1.6026808340324776,481.24745891662405,27.834425501349138,85.03534521797766,102,25344.59925939414,422.2767717040404,1586,73.93191261544345,7,5.453970769943515,63.84033985580768,1,85.82417776317916,2022,7,28,0,341.01782447789833,20.84572655307558,22730.84257120511,1.4262722805973729,1,0.004413619167717529,14.175822236820835,60.17376831248027,-0.42899999999999994,22.21227286347714,1,74.66093121579804,False,True,False,False,False,True,False,2,False,False,False,False
25437007,27601212.201315586,2164205.201315585,848,886.9299739584382,38.92997395843816,0.8054147489602481,3.72209626906663,93.96827392404133,41.63124385539081,81.2007592155522,123,41786.64207905631,904.8052384662222,9542,94.09513757259175,0,1.1625997158627772,62.78218357794813,0,91.7936436521518,2022,7,28,1,38.929973958438154,8.508096889369043,31119.945217466502,1.0459079881585356,1,0.0,8.2063563478482,87.76454974186314,1.0299999999999998,47.113800757639574,0,86.0496009212829,False,True,False,False,False,True,False,0,False,True,False,False
2420858,3011124.4774236893,590266.4774236893,370,455.2266808681829,85.22668086818288,1.0532284154122071,4.856099559427472,56.749325169711504,29.72711425780393,29.41678446024292,98,29017.429760843628,163.17695026694224,6625,69.72829378392001,5,6.477234380880806,73.2070899031717,0,36.50434435031861,2022,7,28,2,85.22668086818288,24.382532037140937,6614.560622152113,1.2303423807248186,1,0.0007547169811320754,63.49565564968139,29.67006982951623,1.464,63.7428142513598,0,56.943169615414064,True,False,False,False,False,True,False,2,False,False,True,False
36303414,39756838.61751034,3453424.617510341,379,384.87294245458713,5.8729424545871325,1.4783895200553094,2.190168283488234,122.49501046539,0.4751348366525256,32.095275631772424,162,20231.622966558996,982.2898654550434,8354,96.48554030907276,3,8.474136313864253,86.64848338608275,0,61.63583894399712,2022,7,28,3,5.8729424545871325,9.512671776572697,103298.6064542623,1.0154958903814963,1,0.0003591094086665071,38.36416105600288,60.69531105718417,1.004,52.56701818924622,0,74.57112314052748,True,False,False,False,False,True,False,2,False,False,True,False
17448425,16114696.157513645,-1333728.8424863573,491,471.9134839155134,-19.086516084486615,0.3151393241923382,4.305166999861202,498.2057525220117,14.318587596204644,45.03483847122379,163,34607.78726537364,654.6626112290149,5591,93.51209226287956,3,3.131215930544056,54.69136532879822,1,38.93045662381217,2022,7,28,4,-19.086516084486618,-7.6438351455008435,34147.564557402344,0.9611272584837339,1,0.0005365766410302271,61.06954337618783,40.504996898359245,-0.026000000000000023,73.33502526401527,1,83.00602782022852,False,False,True,False,False,True,False,1,False,True,False,False
27610889,29355874.08019069,1744985.080190692,887,1283.1983308407998,396.1983308407998,0.8720961700271768,2.8293153677980976,130.99982747480908,-6.067333661760055,40.35207061234718,243,37297.50146345711,265.1178285719636,3562,74.58759138755403,2,2.989573795766661,97.41632915180811,0,33.12536604227628,2022,7,28,5,396.1983308407998,6.3199163206613465,22877.113673422264,1.4466723008351745,1,0.0005614823133071309,66.87463395772372,22.897629285604463,0.8079999999999998,29.066045806822697,0,107.48542108517614,False,False,False,True,False,True,False,1,True,False,False,False
22674015,20493396.61553201,-2180618.384467989,214,297.9531635434028,83.95316354340281,1.0216385273711213,0.7861783254711674,276.1464230249104,11.431158225846346,63.03396672093836,144,30112.20390332694,711.1621890792717,7839,96.0336062889918,8,6.4799756480734345,77.15765618532158,0,64.63781030822956,2022,7,28,6,83.95316354340281,-9.617257395604568,68780.5975000052,1.3923045025392655,1,0.0010205383339711698,35.36218969177044,46.425052989733224,0.09699999999999998,101.0635481940117,0,79.93953748403541,False,False,False,False,False,True,False,2,False,False,True,False
48550906,72195822.18062846,23644916.180628464,558,756.6596851237026,198.65968512370264,1.1275714215459254,3.453113710406708,431.78797689373,30.78816608554648,83.19432334351814,240,7547.673791062553,787.0431338052064,9464,59.38532483767314,1,8.361813487829446,65.32041974667503,0,83.61958425398038,2022,7,29,0,198.65968512370262,48.70128722341137,95413.86121136548,1.3560209410819044,1,0.00010566356720202873,16.380415746019622,61.665407753411465,0.4099999999999999,9.974991319682402,0,130.1947468287194,False,True,False,False,False,True,False,2,False,False,False,True
15579873,23049617.02745761,7469744.02745761,566,525.9610418689425,-40.03895813105749,1.6548852186509118,2.5671724856291007,59.180724809692855,11.254384301194955,87.36040791708108,74,12644.72938223712,486.408505033697,3927,61.938529762252685,0,3.2465830405921827,84.6695615440713,0,18.42380255139888,2022,7,29,1,-40.038958131057484,47.94483258918484,43823.81049659767,0.9292597912878843,1,0.0,81.57619744860112,19.82632060929363,1.332,24.041190079982954,0,59.18443766548281,False,False,True,False,False,True,False,1,False,False,True,False
9466685,10764502.936350966,1297817.936350966,416,584.9947066604802,168.99470666048023,0.4261885705821121,3.253032616260517,322.0200420163068,8.166179650747377,65.75220667746586,181,17838.397440060267,875.4693456209926,7195,42.72867707836222,9,9.390363861187351,52.23629081215509,1,34.81918852294643,2022,7,29,2,168.99470666048023,13.709317848338312,18401.026220906435,1.4062372756261543,1,0.001250868658790827,65.18081147705357,24.76053588285271,0.22100000000000009,30.49326299359719,1,94.57551589846398,False,False,False,False,False,True,False,2,False,True,False,False
25257032,33769220.38555427,8512188.385554269,795,924.447024206868,129.44702420686804,1.6348797584705823,4.448437062858325,174.66145199133095,22.744564738067155,78.67114409807607,228,17718.15226781719,235.65916656682327,7276,75.35205440583118,2,9.34648621013394,74.21984578915314,0,28.46207627975145,2022,7,29,3,129.44702420686804,33.702251260378766,36529.10280556819,1.1628264455432302,1,0.0002748763056624519,71.53792372024856,24.47663311136255,1.3920000000000001,19.166216996607815,0,121.62471265084298,False,False,True,False,False,True,False,2,False,False,False,True
14837264,16432027.424955277,1594763.424955275,698,771.5950776363061,73.59507763630609,1.4164690126236392,2.2021728532802305,438.0507123978792,37.971249094939225,56.7641540161558,188,35303.936011109174,350.95382521984754,5290,83.315438195736,3,2.8048300471714,74.29848237319045,0,81.85151558404579,2022,7,29,4,73.59507763630609,10.74836590462552,21296.17969478619,1.105437073977516,1,0.0005671077504725897,18.148484415954215,74.0444820522734,0.27,45.75448578451119,0,103.62062093332851,True,False,False,False,False,True,False,1,False,False,True,False
15749151,20515724.37960825,4766573.379608255,462,567.2832472762343,105.2832472762343,1.1561545469780228,4.505888116086778,177.55751716883563,-7.382924409963817,34.58288628020278,194,5825.689775313466,184.1431254255908,6882,86.41115141452619,3,3.374059708511341,58.09876424546752,0,94.00348657829974,2022,7,29,5,105.2832472762343,30.265589425158545,36164.86909866082,1.2278858166152258,1,0.00043591979075850045,5.996513421700257,76.55718903686707,1.1540000000000001,10.269454991461595,0,85.75998856107171,False,True,False,False,False,True,False,1,False,True,False,False
48984649,67758408.8715973,18773759.871597305,180,171.86615021414403,-8.133849785855972,1.4291029537648867,3.7533450714082734,359.040074126859,11.200873908485448,56.72818884654342,157,39005.6799672284,289.79005654661694,7446,48.9889771627662,5,7.305389298533453,91.86939079709416,0,17.194843916502307,2022,7,29,6,-8.133849785855972,38.32580258275875,394251.04237903043,0.9548119456341335,1,0.0006715014773032501,82.80515608349769,18.008618341156634,0.751,226.95382376708616,0,83.17871882650866,False,False,False,False,False,True,False,2,True,False,False,False
11029840,16192397.93877376,5162557.938773759,643,870.6142387401555,227.61423874015557,0.8828337040081471,2.443024629389924,353.3988346013286,-1.296759200160551,58.85578210063558,243,16940.411366311993,314.8559307200305,6167,66.64954433875002,0,9.565597981219836,89.8406059340127,0,44.12920732365169,2022,7,30,0,227.61423874015554,46.80537468153446,18598.820485873723,1.3539879296114394,1,0.0,55.87079267634831,32.59202416694783,0.2270000000000001,19.457999435922442,0,114.46770687014251,False,False,False,False,False,True,False,2,False,True,False,False
34517379,39354208.383573405,4836829.383573405,409,511.0295678683879,102.02956786838786,0.3629554133394367,3.0161106782898184,149.672096986838,28.24448379025283,71.97202949494897,247,18950.98307972461,925.8698718295392,2522,50.61179272563494,0,7.388944198986832,57.63661972268545,1,92.30581384467912,2022,7,30,1,102.02956786838791,14.012736550980321,77009.65043515604,1.2494610461329778,1,0.0,7.694186155320878,73.8765038977095,0.53,37.08392678484957,1,128.86495398556056,False,False,False,False,False,True,False,2,True,False,False,False
31749806,43496560.79942749,11746754.799427494,351,355.1958744014891,4.195874401489107,1.364953956504198,1.6279056625950572,65.65963994075756,-4.185149176287582,35.39180927951443,250,28755.942257476592,170.2987198760406,1561,79.72764093125494,1,5.0041004483848415,68.19136467816887,0,41.01743984916685,2022,7,30,2,4.195874401489107,36.997878977362845,122457.95611427049,1.0119540581239006,1,0.0006406149903907751,58.98256015083315,40.5329071215057,0.9590000000000001,80.95798495951234,0,109.36199803096805,False,False,False,False,False,True,False,1,False,False,False,True
49529560,52479395.49077435,2949835.4907743484,266,269.44185908313966,3.4418590831396614,1.0968773827026823,4.917986498693871,234.1623082034288,26.56442672191345,45.78172674607122,118,14716.652042253088,484.6736081689385,4540,49.47678234530609,3,2.521012117838528,55.0214778315444,0,74.13952926823329,2022,7,30,3,3.4418590831396614,5.955707037927146,194770.7593369194,1.0129393198614274,1,0.0006607929515418502,25.86047073176671,73.19246850677666,1.091,54.61902650290162,0,68.90384604039541,False,False,False,False,False,True,False,0,False,True,False,False
22223034,33205643.675102744,10982609.675102744,732,739.7220077707186,7.722007770718619,1.3148121210312735,3.33675581525198,180.13691838464138,5.739947893884903,45.48192284501964,133,44801.20911089874,579.1588185042217,2479,94.2498210373645,6,5.149088639556591,92.43043784195984,0,19.05997478674087,2022,7,30,4,7.722007770718619,49.41993822761889,44889.354820162436,1.0105491909436046,1,0.0024203307785397336,80.94002521325913,18.86100642853767,1.021,60.564926607922615,0,68.56656122167136,False,False,True,False,False,True,False,1,False,False,False,False
39677396,36323138.74496056,-3354257.2550394386,302,282.12883262441045,-19.87116737558955,0.742197683954131,0.2192342624831494,414.0399873261689,0.9404247555473582,87.16077170188154,206,8841.595069695439,908.8237484219449,7677,53.8380787396848,5,6.46091012773499,66.16600518743203,1,49.99487784509281,2022,7,30,5,-19.87116737558955,-8.453824074138934,128746.63821870505,0.9342014325311604,1,0.0006512960791976032,50.00512215490719,53.51616482714527,-0.44999999999999996,31.338856746577143,1,108.83035893722867,False,True,False,False,False,True,False,2,False,False,False,False
38649509,48780213.3231746,10130704.323174603,477,597.5279162101763,120.52791621017629,1.823046496945688,1.633109528740044,410.16388480490536,41.4993906803742,51.076147222870325,134,24997.20630354792,997.926596795092,2205,57.48413597729469,8,3.9785672706098527,71.96581539288263,0,55.29706980324656,2022,7,30,6,120.52791621017627,26.211728390067268,81636.71018512966,1.252679069623011,1,0.0036281179138321997,44.70293019675344,44.14304600769613,0.42300000000000004,41.83437396882278,0,81.37266137097336,True,False,False,False,False,True,False,1,False,False,False,False
24041214,31150287.263495777,7109073.263495777,869,1220.257539794648,351.257539794648,1.2160027502935962,3.116572168795288,255.6607784866815,-8.981148278972427,72.85657771087025,250,43224.00212547005,778.0493034278522,7660,91.05437932905998,6,5.592320390800808,66.19359750102832,0,78.18976701865543,2022,8,31,0,351.257539794648,29.570358899079626,25527.633509839183,1.4042089065531047,1,0.000783289817232376,21.81023298134457,55.682432046800606,0.7520000000000001,35.42203241189891,0,119.16262882956936,True,False,False,False,False,True,False,2,False,False,False,False
39184664,51442697.98238554,12258033.98238554,754,686.5161920078946,-67.48380799210543,0.2622647201526603,0.281666388996199,322.9305013954485,14.077749953926292,72.55679669621074,269,32712.97524895561,973.7118915121266,9848,67.50805660874343,4,2.171927154958353,65.50130082324755,0,35.99421855218436,2022,8,31,1,-67.48380799210543,31.282733424447734,74932.97111016134,0.9104989283924331,1,0.00040617384240454913,64.00578144781565,39.53241176871603,-0.504,47.6506972884034,0,133.59036399504112,True,False,False,False,False,True,False,0,False,False,False,False
1920114,1866797.32527542,-53316.674724580254,663,616.1940477695726,-46.80595223042735,0.9546275823384144,0.1194209565957138,321.9167821941163,-8.810515414601342,38.5880929362269,168,18154.828212918503,808.3910192822864,1589,41.43975674800439,5,5.069692940613278,87.36511268742944,0,33.77697152954744,2022,8,31,2,-46.80595223042735,-2.7767452726546455,3029.560788574046,0.9294027869827641,1,0.0031466331025802393,66.22302847045256,36.34266219407607,-0.15999999999999998,29.46284255525225,0,76.13327325648767,True,False,False,False,False,True,False,1,True,False,False,False
43544931,63711366.69766945,20166435.697669446,344,427.81978510818567,83.81978510818567,1.5370765040129053,2.2501211976390127,422.2211667924305,16.597617645738097,60.030878256021246,121,23934.20934994073,966.882376874275,5326,69.67517507215874,9,1.816982370365986,87.37831170899116,0,37.26709031762482,2022,8,31,3,83.81978510818567,46.31178700838783,148921.0385198953,1.2436621660121676,1,0.0016898235073225685,62.73290968237518,29.96560588244204,0.371,55.9446060772723,0,71.38854877052782,False,False,True,False,False,True,False,0,False,True,False,False
16762512,16908512.933565818,146000.93356581777,878,1221.9103270613723,343.9103270613723,1.6088556672913177,1.66345089846335,241.25108635543887,17.557605778693002,82.60120253230536,272,36801.24711541316,736.5436533500097,5904,45.07260012280738,8,1.4417987495409157,75.88940852402847,1,60.01268579143667,2022,8,31,4,343.9103270613723,0.8709967430049731,13837.76907281721,1.3916974112316314,1,0.0013550135501355014,39.98731420856333,43.121935348235176,0.6780000000000002,30.11779694498381,1,138.8476424932995,False,False,False,True,False,True,False,1,False,False,False,True
48458792,61719639.38093495,13260847.380934946,562,615.9763538997432,53.97635389974323,1.0397344002511415,2.191493040165829,173.9510059057291,7.691435926711087,53.26384036198646,69,48796.73345137547,171.78708290596396,7421,99.12068312123864,0,8.715159240393945,82.88084746631571,1,88.84039721182756,2022,8,31,5,53.97635389974323,27.36520419439047,100198.06602995102,1.0960433343411802,1,0.0,11.159602788172435,81.05555175446467,0.6440000000000001,79.21851730580823,1,45.88658288660926,False,True,False,False,False,True,False,2,False,False,False,False
49591742,51258304.59926617,1666562.5992661717,388,430.5902320424377,42.59023204243772,1.800020384579472,1.313466549400026,169.26571316324635,-2.7311022361236983,86.15822551397822,76,45191.242327074506,461.7281682934089,4759,75.28669422733614,8,2.845734257314674,75.58315986789783,0,84.78472568151761,2022,8,31,6,42.59023204243772,3.3605647473851015,119041.95865319653,1.1097686392846333,1,0.0016810254255095608,15.215274318482386,76.398559735992,0.8719999999999999,104.95185204902788,0,55.42813698335636,False,False,False,False,False,True,False,0,False,False,False,False
12918529,14007946.615539229,1089417.6155392283,611,768.520625982318,157.52062598231805,0.6085700306691653,0.8235887347149046,291.28652567699186,10.701314575396143,35.01207605269131,57,20409.47637720696,681.9375554222233,9939,55.39195705665871,5,6.1763979621514,51.42946049698576,0,15.215109076990172,2022,8,32,0,157.52062598231805,8.43298502127625,18227.157661037872,1.2578078984980656,1,0.0005030687191870409,84.78489092300983,12.096528488299656,-0.1309999999999999,26.556836195671,0,36.51401718842624,False,False,False,True,False,True,False,2,False,False,False,True
42701479,52432083.86638448,9730604.866384476,568,604.6517526135093,36.6517526135093,0.8801375247527065,3.4457167849016885,252.11669122949564,26.97446169629113,25.19113740418215,295,49918.90456795359,415.6466585088259,9655,73.82306077285706,3,2.340844825689932,53.30032165649662,0,89.10596001628211,2022,8,32,1,36.6517526135093,22.787512503687463,86714.51565261373,1.0645277334744883,1,0.00031071983428275507,10.894039983717889,83.7046863264437,0.6469999999999999,82.55810779045494,0,133.649679730142,True,False,False,False,False,True,False,0,False,False,False,True
36737358,42259572.58383041,5522214.583830409,739,676.8981495188451,-62.10185048115488,1.807334130081043,2.5728555813390024,248.05434694322128,33.03176947544525,82.40177112013245,134,5157.709858897622,346.0455263024008,9945,44.61202620290529,4,3.362748138183622,69.18702847564157,1,18.559843679655263,2022,8,32,2,-62.101850481154884,15.031605113874571,62431.21304714674,0.9159650196466105,1,0.00040221216691804925,81.44015632034474,20.26261187006449,0.9680000000000001,7.619624699172013,1,88.23006217867331,False,False,False,True,False,True,False,1,False,False,False,False
49110687,48920891.90336646,-189795.0966335386,403,540.4782556769659,137.4782556769659,1.802887761296,1.0007710562468342,91.01180259036823,19.191283131347827,79.33768385735516,110,6243.339011378679,619.6593404197819,6936,87.99347825612902,0,4.252054777925359,87.48731793141971,0,47.38132623869827,2022,8,32,3,137.4782556769659,-0.3864639414096134,90514.07968687199,1.3411371108609575,1,0.0,52.61867376130173,35.329218657055364,1.0050000000000001,11.551508216660265,0,73.55869009661089,False,True,False,False,False,True,False,1,True,False,False,False
20262886,20314796.301302265,51910.301302265376,182,232.12097049320667,50.12097049320667,1.4028542607668937,1.5979471312999916,373.371683310588,22.44089169418656,89.48129131536913,205,42072.82318270372,940.1516890321914,9774,95.51968323184984,6,2.293087927192932,95.66131140671725,0,78.8863995328799,2022,8,32,4,50.12097049320667,0.25618414525090544,87518.14305333006,1.2753899477648718,1,0.0006138735420503376,21.113600467120094,61.852768771722545,0.2649999999999999,181.25386557409314,0,115.57665490286671,False,False,False,False,False,True,False,0,False,False,False,True
37898682,43617095.61392359,5718413.613923587,551,687.8979332878008,136.8979332878008,1.7320630395322183,2.9590395383166297,146.18150959185982,1.033900411855898,67.55754416786982,264,13975.82090748734,131.4836861645382,3205,92.46666329236956,7,1.4136606730999928,51.48541526733763,1,17.335993243054887,2022,8,32,5,136.8979332878008,15.088687289767986,63406.34780723376,1.2484535994333954,1,0.00218408736349454,82.66400675694511,13.885973215923077,1.25,20.31670721947085,1,126.17743337391772,False,False,False,False,False,True,False,1,False,True,False,False
29531909,39997125.30100864,10465216.301008642,866,1164.7790734241514,298.7790734241514,0.268669207216842,0.3611467413623892,138.62913359392462,5.803168327520719,85.56815486670047,247,7734.617077830839,792.308083187294,5114,60.50545613791377,4,8.8944382181621,68.40150263434035,0,13.635971224927015,2022,8,32,6,298.7790734241514,35.436978696530055,34338.80828870608,1.345010477395094,1,0.0007821666014861165,86.36402877507298,10.138189593389672,-0.05099999999999999,6.640415555452117,0,126.21139695826636,False,True,False,False,False,True,False,2,False,True,False,False
31474646,45285053.02802949,13810407.028029494,625,815.711564085764,190.71156408576405,1.743490454794775,0.7372650463308977,235.74124412482703,-1.0957414471202878,77.88643175588776,52,15671.6632956426,750.4545502401644,5027,59.54608717860211,1,1.1064955229179492,61.18912180582055,1,39.69962232497147,2022,8,33,0,190.71156408576405,43.87787881086728,55516.01205848322,1.3051385025372224,1,0.00019892580067634773,60.30037767502853,30.41793820946543,0.575,19.212260786332163,1,43.83720709263024,False,True,False,False,False,True,False,1,True,False,False,False
1537977,1461811.1457712194,-76165.8542287806,790,808.5880623965243,18.588062396524265,0.7091778224454308,0.3662280205369506,152.50025372801065,3.711244250253623,79.10984331840608,246,24174.506929138708,967.5580828494584,5816,42.105256672978,7,1.5518888455156103,90.7602640582731,0,75.69330470715833,2022,8,33,1,18.588062396524265,-4.952340264437024,1807.8564521947646,1.0235291929069927,1,0.001203576341127923,24.306695292841667,73.95324455004237,0.15300000000000002,29.89718504808169,0,123.24632627059792,True,False,False,False,False,True,False,0,False,False,True,False
44942054,51047986.82468736,6105932.824687362,295,327.8891453089732,32.889145308973184,0.438829873613611,4.061586663570594,312.73622028860694,2.368772912404248,59.83990993179878,250,37875.482169503215,937.6401000992892,8188,79.084021522055,9,8.245649447452923,92.29840723273205,0,56.95807938149033,2022,8,33,2,32.889145308973184,13.586234453564053,155686.72386694697,1.1114886281660108,1,0.0010991695163654128,43.04192061850967,51.24486021550472,0.393,115.51307114425143,0,118.6626048532609,False,False,False,False,False,True,False,2,True,False,False,False
29869116,28678752.2227944,-1190363.777205601,449,438.0740721682216,-10.925927831778438,0.554802689049888,3.7620461660600464,217.15850270051217,18.569683251518068,46.76552185416976,56,33095.09869480425,786.0093058397736,3808,72.0942870513877,6,3.538075030957504,60.32044338459476,0,47.53016835487189,2022,8,33,3,-10.925927831778381,-3.9852661766273947,65465.5320750909,0.9756660850071751,1,0.0015756302521008404,52.46983164512811,48.715609864129235,0.622,75.54680999722723,0,42.00056153170635,False,False,False,True,False,True,False,1,False,False,False,False
10946749,9961054.332463449,-985694.667536553,626,612.1742942397561,-13.825705760243864,0.8941401652263854,3.766564659396285,252.01027516675555,20.94788156849012,85.41906507802973,237,15692.95479021892,568.3678882143388,4603,67.56078227964048,9,7.505382710032276,85.5413626717436,0,83.17659857641496,2022,8,33,4,-13.825705760243864,-9.004451162044102,16271.598507470542,0.9779142080507287,1,0.001955246578318488,16.82340142358504,85.05510799583375,0.713,25.63478234529205,0,126.71008399395596,False,False,True,False,False,True,False,2,False,False,True,False
4668280,6054904.855087878,1386624.8550878782,547,714.2274439542161,167.22744395421614,0.5772648087484877,3.58162671738014,291.726194721813,41.97210814518275,50.24820229311261,53,27647.1701645263,283.8407979101679,4913,94.45785720008244,8,2.316031742961224,86.58780186507143,1,79.00383359748201,2022,8,33,5,167.22744395421614,29.703120958637403,8477.558383315236,1.3057174478139235,1,0.001628332994097293,20.996166402517986,60.50607176135458,0.42500000000000004,38.70919606709842,1,48.86609313148861,False,False,True,False,False,True,False,1,False,False,False,False
37277840,47024864.343431845,9747024.343431843,432,611.3491477298635,179.3491477298635,0.7090784134313481,3.346927118349346,141.5909851168122,0.7563855905837684,57.717355707476834,280,46679.6347429356,590.7121464930169,2419,50.07273406497077,3,3.135535737370474,58.85288483912852,0,80.74388887605681,2022,8,33,6,179.3491477298635,26.146966517995264,76919.81663514266,1.4151600641894988,1,0.0012401818933443572,19.256111123943185,57.056364802310235,0.8059999999999999,76.35511542998324,0,129.54212238941818,False,True,False,False,False,True,False,1,False,True,False,False
44791098,44693071.26165343,-98026.73834656924,496,732.9092169570749,236.90921695707493,0.3564591235361199,2.384959576890875,120.0882302894884,25.29216405888228,51.22800149876314,182,41675.349964269095,788.8167945276884,3167,40.57997600141094,8,6.1549886493729415,71.68479585041179,0,51.375414155428174,2022,8,34,0,236.90921695707493,-0.21885317110683297,60980.364590326906,1.4776395503166833,1,0.0025260498894853173,48.624585844571826,34.76857001047214,0.46099999999999997,56.862908802400746,0,95.75604966729361,True,False,False,False,False,True,False,2,False,False,False,True
22562024,23470996.051052228,908972.0510522276,594,758.5429126946219,164.54291269462192,0.6627358545620972,3.211390817535575,446.18985629312215,34.94925979431376,59.537281977213794,188,19543.540317430703,906.102291374104,3144,44.39898712724592,3,9.897722546403552,81.01689027218998,0,11.750431824282815,2022,8,34,1,164.54291269462192,4.028769985583862,30942.212573939505,1.2770082705296666,1,0.0009541984732824427,88.24956817571719,9.201531497841492,0.07599999999999996,25.764581001758884,0,103.54596253145827,False,False,True,False,False,True,False,2,False,False,False,False
34245660,31308226.602404363,-2937433.3975956365,274,276.8662575605413,2.866257560541328,1.1873392476298024,0.1918077739398732,245.17566627413947,20.813280508067887,52.9353555294629,174,49201.90526100633,810.7408082894941,3167,53.40228626964213,2,1.6610002314330086,51.30333034662994,0,25.492327614237723,2022,8,34,2,2.866257560541328,-8.577534781328893,113080.68696510736,1.0104607940165742,1,0.0006315124723713293,74.50767238576228,25.22841832675755,0.15399999999999997,177.71000949889145,0,91.72459081125925,False,False,False,False,False,True,False,0,False,True,False,False
7637640,10700091.705659883,3062451.705659883,203,195.56821207567972,-7.431787924320247,0.9395220453730214,3.107322113283923,235.4421243346426,4.025200887559164,23.35772910056331,64,36887.918019580895,275.7402416719486,6891,41.997132955807416,2,4.60499138183649,70.22959165229413,0,76.71703854489633,2022,8,34,3,-7.431787924320275,40.09683234166422,54712.83697945365,0.9633902072693582,1,0.0002902336380786533,23.282961455103674,79.63236284323855,0.659,188.61919137096905,0,33.81487899643675,False,True,False,False,False,True,False,1,True,False,False,False
7837388,11637066.228710258,3799678.2287102574,807,1119.882440418098,312.882440418098,0.7587656463482312,3.889388527684386,66.02546762277866,4.440262651100012,81.74337302053891,241,7810.22100500518,639.7176828052535,7536,70.17062263858813,9,1.3877287300533232,57.74791164738103,0,77.78561245746626,2022,8,34,4,312.882440418098,48.48143576291308,10391.328418691577,1.3877105829220544,1,0.0011942675159235668,22.214387542533743,56.05319539588418,1.0890000000000002,6.974143645014475,0,122.25509070149168,False,False,False,True,False,True,False,0,False,False,False,False
45102213,44257706.62883729,-844506.3711627126,842,1050.1877718570718,208.18777185707177,1.5182590448285167,2.501791801921951,274.08933616432694,-7.841082081095005,51.10756732410388,275,6582.232097988741,398.9561135782213,2166,58.845427314014685,1,2.793037983903774,77.09482505604436,1,97.50687514312028,2022,8,34,5,208.18777185707177,-1.8724277923185557,42142.66040307758,1.2472538858159998,1,0.0004616805170821791,2.4931248568797173,78.17724703204887,0.7299999999999999,6.267671624426958,1,122.97994557290266,False,True,False,False,False,True,False,1,False,True,False,False
33149765,34438797.86378664,1289032.8637866378,229,291.0523618872851,62.05236188728509,1.797668945647304,1.7875666421361849,299.37637472495004,6.799432460166493,61.22605539551441,62,12578.357705451348,108.28510065157867,4575,50.82898048408797,9,9.16723924154654,92.14587917304772,0,27.11678742191735,2022,8,34,6,62.05236188728509,3.8885128259178843,118325.09325976073,1.2709710126082319,1,0.0019672131147540984,72.88321257808265,21.33548849888358,0.665,43.216820588188625,0,45.20764635670427,False,False,False,True,False,True,False,2,False,False,False,True
39208851,55717569.67884976,16508718.678849764,681,932.2054094651742,251.20540946517417,1.5378995235145545,1.3871336740048956,301.4783919295999,30.953202345185908,29.74314619305909,167,37753.51406225661,280.19884220979947,3841,85.00504449691974,2,1.868140934107927,76.23769693130185,0,21.06341093373805,2022,8,35,0,251.20540946517417,42.10457143681603,59769.62707265998,1.3688772532528255,1,0.000520697734964853,78.93658906626194,15.387362806771495,0.43599999999999994,40.49913643380014,0,85.0089045614735,False,True,False,False,False,True,False,0,False,False,False,False
42985331,62581409.708798245,19596078.708798245,897,1185.8038039656055,288.80380396560554,0.7308013340235904,3.2140102508104125,368.16402619529794,-7.386523353608929,20.23714935878474,289,13268.251662909255,201.89858494010437,2870,52.26707957395181,7,8.711703292380703,51.7991798104342,0,22.491067036241294,2022,8,35,1,288.80380396560554,45.587827877371105,52775.51775387409,1.3219663366394712,1,0.0024390243902439024,77.50893296375871,17.01334323944672,0.265,11.189247005733256,0,119.45518780155275,False,True,False,False,False,True,False,2,False,True,False,False
5622580,6475955.118013149,853375.1180131491,677,948.2569423101464,271.25694231014654,1.514440118891352,3.464005993149544,129.86682574595528,2.061240537765686,37.17030655505501,56,28016.904614397507,858.4472111855217,3886,81.2563060596276,7,2.6002291429907314,51.48286227983956,0,26.630930356672625,2022,8,35,2,271.2569423101464,15.177642968408616,6829.32529050239,1.4006749517136579,1,0.0018013381369016985,73.36906964332738,19.012926820809476,1.274,29.54568889961685,0,34.169464127846204,False,True,False,False,False,True,False,1,False,False,False,False
41799568,38889209.68316357,-2910358.316836432,514,479.93636844382655,-34.06363155617345,0.3887623467006973,4.354837999312712,163.50041040377846,28.842787419248005,69.32102224933452,153,9196.705408137428,332.6556269330308,1159,60.95589435085834,1,8.756063618839335,80.27515729520746,1,57.56215055570871,2022,9,35,3,-34.06363155617345,-6.9626516638555485,81029.92863253976,0.9337283432759271,1,0.0008628127696289905,42.43784944429129,61.64764191879999,0.755,19.162343203865458,1,90.64914290057476,False,False,False,True,False,False,False,2,False,False,False,True
36677259,33876403.792101875,-2800855.207898125,258,347.916194568359,89.916194568359,0.3476041773734527,1.7116704123049535,414.8287093536857,33.04583595525821,26.943617107901503,55,46439.87710235878,356.22817199879995,8243,70.70966563975327,1,5.842197668221076,66.39907792628063,0,97.76903166767364,2022,9,35,4,89.916194568359,-7.636489978430845,97369.4364360662,1.348512382047903,1,0.00012131505519835011,2.2309683323263556,72.50139707222993,-0.348,133.48006740523894,0,39.99683591894791,False,False,False,True,False,False,False,1,False,False,False,False
42191606,52501965.36776187,10310359.367761873,761,1073.3993689932688,312.3993689932688,0.7566913703687019,3.848861536927928,476.22677757952727,15.042512553406064,83.62212082705275,233,20478.22761126054,963.9429146189958,4763,96.03202239107918,1,8.903860068041592,78.63332517359463,0,63.04883347005463,2022,9,35,5,312.3993689932688,24.436991964140624,48911.86531719594,1.4105116543932572,1,0.0002099517111064455,36.95116652994537,44.69926446455034,0.17200000000000004,19.077920299568348,0,122.79939001413764,False,True,False,False,False,False,False,2,False,False,False,False
11457279,13012456.428194718,1555177.4281947184,206,220.76629124784768,14.766291247847676,1.6346345011837082,2.8067791209466897,111.16973631529429,28.39408861632569,35.051579854932925,113,45865.94254522838,441.1780507439669,2055,42.24109808894877,9,2.365332801863684,58.18185544579938,0,57.041925908197854,2022,9,35,6,14.766291247847676,13.573706533590729,58942.22507722442,1.0716810254749887,1,0.004379562043795621,42.958074091802146,53.22658939763893,1.254,207.75790672560635,0,64.23370054137759,False,False,True,False,False,False,False,0,False,True,False,False
24698370,22653133.95462667,-2045236.045373332,450,577.9207639781782,127.92076397817824,0.5680616697603735,4.414182453390396,273.9422995273481,11.33736927601906,34.3215530004243,280,47519.40388597449,108.6270761299551,1333,70.01587044864772,6,7.858328961770434,88.84311764180559,0,70.60206073454839,2022,9,36,0,127.92076397817823,-8.280854345340732,39197.64674778502,1.2842683643959516,1,0.00450112528132033,29.397939265451612,54.97453857142675,0.5989999999999999,82.22477344276348,0,125.69767668293301,True,False,False,False,False,False,False,2,False,False,True,False
30142798,37677033.62669649,7534235.62669649,741,806.5764535819179,65.57645358191792,0.2201814769074912,2.639060541478104,146.37931373281407,-1.2047715236729868,32.705557313504684,227,5275.789129115636,355.4615335115229,4596,91.2653776196571,5,7.12628736472519,93.0359852866784,0,16.65373516823409,2022,9,36,1,65.57645358191792,24.995143538753403,46712.290520479364,1.0884972383021834,1,0.0010879025239338555,83.34626483176591,15.299749583389167,0.3790000000000001,6.5409659626020975,0,100.25023573694952,True,False,False,False,False,False,False,2,False,False,False,False
29658787,26894040.015152115,-2764746.9848478846,426,628.2574045929152,202.25740459291524,0.3502481168920747,2.5881491419898364,77.0329257597421,11.89822214375986,20.978719907995533,79,25886.083423942942,207.3696225416312,8607,75.27845490222091,0,5.886400486536663,94.46128010424468,0,83.38187207353292,2022,9,36,2,202.25740459291524,-9.321847804658647,42807.35860579047,1.4747826398894723,1,0.0,16.618127926467082,56.53841442002733,0.6080000000000001,41.20298978523946,0,41.46308261552662,True,False,False,False,False,False,False,2,False,False,True,False
22284383,30583603.66731502,8299220.667315021,770,708.4416904652028,-61.55830953479722,1.7316154402062025,2.889385407204545,196.47650215676092,21.898230111172857,74.02638279347642,71,6109.52250681018,192.52770556226855,2362,56.612231017909394,1,8.295286099698757,65.20372944156756,0,68.2191588987281,2022,9,36,3,-61.55830953479722,37.242317488956374,43170.24827721827,0.9200541434613023,1,0.0004233700254022015,31.780841101271903,74.1468960099275,1.115,8.623889007433093,0,57.17738387139479,False,False,False,True,False,False,False,2,True,False,False,False
1296063,1404750.44609484,108687.44609484008,566,706.2976497656715,140.2976497656715,1.3041882410198464,3.746576775712172,114.65943133289574,42.14293050190896,81.2524171871681,202,45891.17448363076,169.73856112217456,1925,63.860868108702064,0,6.8344842198433575,83.03676838123658,0,25.407251163147265,2022,9,36,4,140.2976497656715,8.385969362202307,1988.892992297078,1.247875706299773,1,0.0,74.59274883685273,20.360402109666335,1.2520000000000002,64.97427040689728,0,117.81860430672312,False,False,False,True,False,False,False,2,False,False,False,False
2383875,2203069.52815418,-180805.47184582008,881,880.9137749703737,-0.0862250296263482,0.5810822104029556,4.823452394142304,369.4698830454108,-6.218697635122748,62.99138918313392,205,28328.339513055915,633.9335231578395,6519,80.81593772371447,6,8.893422321469746,63.95211935651301,0,66.76438790794873,2022,9,36,5,-0.08622502962634826,-7.584519819446073,2500.8912231259774,0.999902128229709,1,0.0009203865623561896,33.23561209205127,66.77092289637656,0.496,32.15790275729158,0,99.03180746440334,False,False,True,False,False,False,False,2,False,False,True,False
41179601,51598506.72453005,10418905.724530049,738,979.5711068524458,241.57110685244584,1.1550620681235446,0.3678167710788282,290.17643615215,17.906675161472833,33.173998717590365,167,8372.480571432357,270.4129512668728,3443,93.44871365882818,5,4.429559321070094,88.13784104057893,0,63.658716630928325,2022,9,36,6,241.57110685244584,25.3011332589892,52674.5903013883,1.3273321231062951,1,0.0014522218995062445,36.341283369071675,47.95990055748121,0.07299999999999995,8.5470881213869,0,82.12420216371896,True,False,False,False,False,False,False,1,True,False,False,False
2876336,3275026.798723629,398690.7987236292,540,542.9884518276465,2.988451827646486,1.1024012826081655,0.2671730119550858,114.7255119456399,8.090587801589841,39.96945978586158,133,9962.45277244551,425.1185146369094,4980,42.4639824247967,1,6.309308604464335,56.02625011131618,0,15.83676869453205,2022,9,37,0,2.988451827646486,13.861064865983295,6031.485177447525,1.0055341700511973,1,0.00020080321285140563,84.16323130546795,15.74960768735061,0.43100000000000005,18.347448714448454,0,67.61801427623543,True,False,False,False,False,False,False,2,False,True,False,False
42096018,62482288.037454,20386270.037454,667,694.5003814117227,27.500381411722746,1.3453283590372564,4.687751687036693,54.15871478248147,17.9571431852182,53.31486881554743,216,22257.906102173256,875.815944517015,8260,44.29232931342258,1,8.835407583181405,88.13824055605807,0,34.023897806118065,2022,9,37,1,27.500381411722742,48.42802480142897,89967.24798112448,1.0412299571390147,1,0.00012106537530266344,65.97610219388193,32.67664128643153,1.591,32.04880328061049,0,107.7816036002297,False,True,False,False,False,False,False,2,False,False,False,False
4956778,6079583.374756666,1122805.374756666,531,635.4065403991785,104.40654039917854,0.543056353401071,2.64937812759103,413.6706720608957,-8.681350394290758,86.80421661363106,244,47310.53867928003,481.9043258166481,2419,59.50309141657525,1,2.9333265769372114,71.98643188317673,0,45.18474606003531,2022,9,37,2,104.40654039917854,22.651919750222138,9568.02139766663,1.1966224866274549,1,0.00041339396444811904,54.81525393996469,37.760234798347646,-0.040999999999999925,74.45711630471783,0,121.0368598658021,False,False,False,True,False,False,False,1,False,True,False,False
47696307,50803411.78630184,3107104.7863018364,880,1275.0328535983515,395.0328535983515,1.7423656756693555,3.0745150728346804,129.2874827739114,7.216394508586973,37.314596027242,182,36180.91182056364,924.1222150464738,1059,53.96678106624874,7,5.371672209551688,92.7774745217764,0,32.03996765292821,2022,9,37,3,395.0328535983515,6.5143508622205,39844.78646407133,1.4489009699981268,1,0.0066100094428706326,67.96003234707179,22.113290222291475,1.3159999999999998,28.376454550528,0,86.1592971607487,True,False,False,False,False,False,False,2,True,False,False,False
3887757,5153856.847231672,1266099.847231672,435,446.7574511306203,11.757451130620325,0.6878002679520243,2.4121180079736444,322.7974889993447,35.09274811398527,71.21521327439217,242,44042.84897851096,548.1442480560456,3524,55.89585317334436,6,9.64667639555802,86.94654299930733,0,31.88455190158967,2022,9,37,4,11.757451130620325,32.566331878038476,11536.140772109513,1.0270286232887824,1,0.00170261066969353,68.11544809841033,31.04543649376391,0.17199999999999993,98.5833562866173,0,128.69238841651324,False,False,True,False,False,False,False,2,False,True,False,False
3468665,3686827.384199888,218162.384199888,401,395.6041490810157,-5.3958509189843085,1.41885014255485,0.4682872630373724,201.61486088453552,20.466795362005065,50.76137563050442,192,21490.549085299084,458.95295335578015,4797,53.27619991755286,0,5.26241621345216,68.82598203482425,0,61.565362632767645,2022,9,37,5,-5.3958509189843085,6.2895201525626705,9319.48613977975,0.9865440126708621,1,0.0,38.434637367232355,62.40508466124311,0.43399999999999994,54.323366262010666,0,98.16845129775285,False,False,True,False,False,False,False,1,False,True,False,False
29075808,41943189.795752645,12867381.795752645,180,243.9694978402353,63.96949784023533,0.1306368281072082,3.840446892093333,313.468672241766,14.782037104886456,40.84931438520152,139,6944.616479749924,775.3500343816314,2578,51.749502931309465,3,3.2754650067598625,95.17695926802264,1,52.37731153543951,2022,9,37,6,63.969497840235306,44.254597484453896,171919.81033309075,1.3553860991124185,1,0.0011636927851047323,47.62268846456049,38.643831133976555,0.17500000000000004,28.46510133942089,1,72.2894054470264,True,False,False,False,False,False,False,1,False,False,False,True
7472973,8405848.000865053,932875.0008650534,725,870.2694965652599,145.26949656525994,0.8080485467988797,3.736123225442935,192.0441321420458,5.703878944343677,51.91411559154796,244,48844.29367419864,165.85758889120189,8201,47.83743801215751,3,4.159686148689144,64.16685696376553,0,70.05629635552071,2022,9,38,0,145.26949656525994,12.4833182304426,9658.902252739952,1.2003717194003585,1,0.00036580904767711256,29.943703644479285,58.36216833775215,0.7990000000000002,56.12548051721343,0,114.8853983607675,False,False,False,True,False,False,False,1,True,False,False,False
1692924,2082163.0120616064,389239.0120616066,625,904.4194171431644,279.4194171431644,0.7682486541217357,1.55851660746406,89.12280231151438,6.392338753524573,24.98447022788628,217,5772.78457980663,180.53054468417565,1707,96.03724790771427,6,8.965757074361019,98.34943157179616,0,96.07663783989253,2022,9,38,1,279.4194171431644,22.9921137665723,2302.2095419386733,1.447071067429063,1,0.0035149384885764497,3.923362160107473,66.3938627496623,0.5800000000000001,6.382862276488289,0,96.21304269442327,False,False,True,False,False,False,False,2,False,True,False,False
17167670,15971836.41439806,-1195833.585601939,258,254.8959334483436,-3.104066551656416,1.1326204143077276,1.531196226142002,150.3275038509891,11.070578847482146,75.90811596512538,170,47644.324388649,686.7763425306646,9165,48.65136783436918,1,9.593947348907951,88.36016919778422,1,69.45004401410907,2022,9,38,2,-3.1040665516563877,-6.96561377054627,62660.22450152136,0.9879687342959055,1,0.00010911074740861975,30.549955985890932,70.29579135781452,0.6270000000000001,186.91676930304754,1,94.09360844378226,False,True,False,False,False,False,False,2,False,False,True,False
3570115,4125884.594059097,555769.5940590971,415,534.3360453627367,119.33604536273674,0.2381988973766733,4.189206904527593,134.62635491558402,35.95638904805082,37.0311349588077,282,21590.48407321151,538.2466419153234,6277,52.26422648593217,3,9.550968784175254,99.53374256355946,0,62.38863390542876,2022,9,38,3,119.33604536273674,15.56727427713385,7721.516506074786,1.2875567358138236,1,0.00047793531942010514,37.61136609457124,48.45505613078471,0.7109999999999999,40.40619056226069,0,134.69625720205758,False,False,True,False,False,False,False,2,True,False,False,False
8499066,11893746.995743448,3394680.995743448,513,533.3802011855287,20.38020118552868,1.601249610079606,0.3617862887066331,242.60870859783967,43.19672637445476,70.77884862350794,288,5454.068225984668,811.3737252872892,2780,54.77594343884714,0,7.290481527717141,52.69523081992388,0,86.2803542498948,2022,9,38,4,20.380201185528676,39.941812379659694,22298.816058990495,1.0397274876910891,1,0.0,13.719645750105201,82.98362337375208,0.3980000000000001,10.225479336994642,0,149.39267249938882,False,False,False,False,False,False,False,2,False,False,False,True
5672412,7847153.970797212,2174741.970797212,528,524.8617037968393,-3.138296203160735,0.5137835233583802,4.405525741782829,346.2277025417708,14.1260459742706,24.78438600137363,155,36012.075427602875,924.6437536091782,3413,95.98089238782524,3,5.586416999421512,63.70180229385655,1,66.88657995103321,2022,9,38,5,-3.138296203160735,38.33892832180053,14950.898330038282,0.9940562571909834,1,0.0008789920890711983,33.11342004896679,67.28651368287962,0.41700000000000004,68.61250338344792,1,73.67312959269326,False,False,False,False,False,False,False,2,False,False,False,False
20877714,21599897.82998165,722183.8299816549,277,362.8859687991384,85.88596879913837,1.3863718482758194,1.283308449479572,168.71273372586091,11.634406131126902,86.85689893159802,275,49124.31368141094,449.5301899043928,8750,85.34284801606509,0,2.6442004141660767,87.06321282572367,0,24.900514327792088,2022,9,38,6,85.88596879913842,3.459113531211564,59522.54891932028,1.3100576490943625,1,0.0,75.09948567220792,19.007189756119292,0.655,135.3712127365327,0,139.54739151881748,False,False,False,True,False,False,False,0,False,True,False,False
14177733,14683132.923405478,505399.9234054778,261,327.87101147770767,66.87101147770767,1.626103034163777,2.9649237387774696,55.43147088527808,36.56029267009246,33.511048978398904,293,48453.15752769166,636.7690239261816,3161,87.38196581893088,1,2.108989108634181,96.11248506251876,1,38.32738295126165,2022,9,39,0,66.87101147770767,3.5647442606337543,44783.26051830233,1.25621077194524,1,0.00031635558367605187,61.67261704873835,30.510312287731594,1.408,147.7811573195029,1,138.22140249454742,True,False,False,False,False,False,False,1,False,False,True,False
